sentence_masked,sentence,aspect,polarity,polarity_label
But the $T$ was so horrible to us .,But the staff was so horrible to us .,staff,-1,negative
"To be completely fair , the only redeeming factor was the $T$ , which was above average , but could n't make up for all the other deficiencies of Teodora .","To be completely fair , the only redeeming factor was the food , which was above average , but could n't make up for all the other deficiencies of Teodora .",food,1,positive
"The $T$ is uniformly exceptional , with a very capable kitchen which will proudly whip up whatever you feel like eating , whether it 's on the menu or not .","The food is uniformly exceptional , with a very capable kitchen which will proudly whip up whatever you feel like eating , whether it 's on the menu or not .",food,1,positive
"The food is uniformly exceptional , with a very capable $T$ which will proudly whip up whatever you feel like eating , whether it 's on the menu or not .","The food is uniformly exceptional , with a very capable kitchen which will proudly whip up whatever you feel like eating , whether it 's on the menu or not .",kitchen,1,positive
"The food is uniformly exceptional , with a very capable kitchen which will proudly whip up whatever you feel like eating , whether it 's on the $T$ or not .","The food is uniformly exceptional , with a very capable kitchen which will proudly whip up whatever you feel like eating , whether it 's on the menu or not .",menu,0,neutral
"Not only was the $T$ outstanding , but the little ` perks ' were great .","Not only was the food outstanding , but the little ` perks ' were great .",food,1,positive
"Not only was the food outstanding , but the little ' $T$ ' were great .","Not only was the food outstanding , but the little ' perks ' were great .",perks,1,positive
Our agreed favorite is the $T$ -LRB- usually the waiters are kind enough to split the dish in half so you get to sample both meats -RRB- .,Our agreed favorite is the orrechiete with sausage and chicken -LRB- usually the waiters are kind enough to split the dish in half so you get to sample both meats -RRB- .,orrechiete with sausage and chicken,1,positive
Our agreed favorite is the orrechiete with sausage and chicken -LRB- usually the $T$ are kind enough to split the dish in half so you get to sample both meats -RRB- .,Our agreed favorite is the orrechiete with sausage and chicken -LRB- usually the waiters are kind enough to split the dish in half so you get to sample both meats -RRB- .,waiters,1,positive
Our agreed favorite is the orrechiete with sausage and chicken -LRB- usually the waiters are kind enough to split the dish in half so you get to sample both $T$ -RRB- .,Our agreed favorite is the orrechiete with sausage and chicken -LRB- usually the waiters are kind enough to split the dish in half so you get to sample both meats -RRB- .,meats,0,neutral
Our agreed favorite is the orrechiete with sausage and chicken -LRB- usually the waiters are kind enough to split the $T$ in half so you get to sample both meats -RRB- .,Our agreed favorite is the orrechiete with sausage and chicken -LRB- usually the waiters are kind enough to split the dish in half so you get to sample both meats -RRB- .,dish,0,neutral
"The $T$ have an outstanding taste with a terrific texture , both chewy yet not gummy .","The Bagels have an outstanding taste with a terrific texture , both chewy yet not gummy .",Bagels,1,positive
Nevertheless the $T$ itself is pretty good .,Nevertheless the food itself is pretty good .,food,1,positive
"i 've noticed megadeth , mr. scruff , st. germain , traditional vietnamese $T$ , black sabbath , jay-z , and daft punk all being played .","i 've noticed megadeth , mr. scruff , st. germain , traditional vietnamese songs , black sabbath , jay-z , and daft punk all being played .",songs,0,neutral
"They did not have mayonnaise , forgot our $T$ , left out ingredients -LRB- ie cheese in an omelet -RRB- , below hot temperatures and the bacon was so over cooked it crumbled on the plate when you touched it .","They did not have mayonnaise , forgot our toast , left out ingredients -LRB- ie cheese in an omelet -RRB- , below hot temperatures and the bacon was so over cooked it crumbled on the plate when you touched it .",toast,-1,negative
"They did not have $T$ , forgot our toast , left out ingredients -LRB- ie cheese in an omelet -RRB- , below hot temperatures and the bacon was so over cooked it crumbled on the plate when you touched it .","They did not have mayonnaise , forgot our toast , left out ingredients -LRB- ie cheese in an omelet -RRB- , below hot temperatures and the bacon was so over cooked it crumbled on the plate when you touched it .",mayonnaise,-1,negative
"They did not have mayonnaise , forgot our toast , left out ingredients -LRB- ie cheese in an omelet -RRB- , below hot temperatures and the $T$ was so over cooked it crumbled on the plate when you touched it .","They did not have mayonnaise , forgot our toast , left out ingredients -LRB- ie cheese in an omelet -RRB- , below hot temperatures and the bacon was so over cooked it crumbled on the plate when you touched it .",bacon,-1,negative
"They did not have mayonnaise , forgot our toast , left out ingredients -LRB- ie $T$ in an omelet -RRB- , below hot temperatures and the bacon was so over cooked it crumbled on the plate when you touched it .","They did not have mayonnaise , forgot our toast , left out ingredients -LRB- ie cheese in an omelet -RRB- , below hot temperatures and the bacon was so over cooked it crumbled on the plate when you touched it .",cheese,0,neutral
"They did not have mayonnaise , forgot our toast , left out $T$ -LRB- ie cheese in an omelet -RRB- , below hot temperatures and the bacon was so over cooked it crumbled on the plate when you touched it .","They did not have mayonnaise , forgot our toast , left out ingredients -LRB- ie cheese in an omelet -RRB- , below hot temperatures and the bacon was so over cooked it crumbled on the plate when you touched it .",ingredients,-1,negative
"They did not have mayonnaise , forgot our toast , left out ingredients -LRB- ie cheese in an omelet -RRB- , below hot temperatures and the bacon was so over cooked it crumbled on the $T$ when you touched it .","They did not have mayonnaise , forgot our toast , left out ingredients -LRB- ie cheese in an omelet -RRB- , below hot temperatures and the bacon was so over cooked it crumbled on the plate when you touched it .",plate,0,neutral
"They did not have mayonnaise , forgot our toast , left out ingredients -LRB- ie cheese in an $T$ -RRB- , below hot temperatures and the bacon was so over cooked it crumbled on the plate when you touched it .","They did not have mayonnaise , forgot our toast , left out ingredients -LRB- ie cheese in an omelet -RRB- , below hot temperatures and the bacon was so over cooked it crumbled on the plate when you touched it .",omelet,0,neutral
"It took half an hour to get our check , which was perfect since we could sit , have $T$ and talk !","It took half an hour to get our check , which was perfect since we could sit , have drinks and talk !",drinks,0,neutral
"It took half an hour to get our $T$ , which was perfect since we could sit , have drinks and talk !","It took half an hour to get our check , which was perfect since we could sit , have drinks and talk !",check,0,neutral
The $T$ and atmosphere is just as good .,The design and atmosphere is just as good .,design,1,positive
The design and $T$ is just as good .,The design and atmosphere is just as good .,atmosphere,1,positive
He has visited Thailand and is quite expert on the $T$ .,He has visited Thailand and is quite expert on the cuisine .,cuisine,1,positive
The $T$ is the best if you like thin crusted pizza .,The pizza is the best if you like thin crusted pizza .,pizza,1,positive
The pizza is the best if you like $T$ .,The pizza is the best if you like thin crusted pizza .,thin crusted pizza,0,neutral
"All the money went into the $T$ , none of it went to the chefs .","All the money went into the interior decoration , none of it went to the chefs .",interior decoration,1,positive
"All the money went into the interior decoration , none of it went to the $T$ .","All the money went into the interior decoration , none of it went to the chefs .",chefs,-1,negative
The $T$ are uncomfortable if you are sitting against the wall on wooden benches .,The seats are uncomfortable if you are sitting against the wall on wooden benches .,seats,-1,negative
"I asked for $T$ , no ice .","I asked for seltzer with lime , no ice .",seltzer with lime,0,neutral
"Do n't go alone -- even two people is n't enough for the whole experience , with $T$ and a selection of meats and seafoods .","Do n't go alone -- even two people is n't enough for the whole experience , with pickles and a selection of meats and seafoods .",pickles,1,positive
"Do n't go alone -- even two people is n't enough for the whole experience , with pickles and a $T$ .","Do n't go alone -- even two people is n't enough for the whole experience , with pickles and a selection of meats and seafoods .",selection of meats and seafoods,1,positive
My suggestion is to eat family style because you 'll want to try the other $T$ .,My suggestion is to eat family style because you 'll want to try the other dishes .,dishes,0,neutral
My suggestion is to $T$ because you 'll want to try the other dishes .,My suggestion is to eat family style because you 'll want to try the other dishes .,eat family style,1,positive
"Best of all is the warm $T$ , the owner is super friendly and service is fast .","Best of all is the warm vibe , the owner is super friendly and service is fast .",vibe,1,positive
"Best of all is the warm vibe , the $T$ is super friendly and service is fast .","Best of all is the warm vibe , the owner is super friendly and service is fast .",owner,1,positive
"Best of all is the warm vibe , the owner is super friendly and $T$ is fast .","Best of all is the warm vibe , the owner is super friendly and service is fast .",service,1,positive
Faan 's got a great concept but a little rough on the $T$ .,Faan 's got a great concept but a little rough on the delivery .,delivery,-1,negative
"From the incredible $T$ , to the warm atmosphere , to the friendly service , this downtown neighborhood spot does n't miss a beat .","From the incredible food , to the warm atmosphere , to the friendly service , this downtown neighborhood spot does n't miss a beat .",food,1,positive
"From the incredible food , to the warm $T$ , to the friendly service , this downtown neighborhood spot does n't miss a beat .","From the incredible food , to the warm atmosphere , to the friendly service , this downtown neighborhood spot does n't miss a beat .",atmosphere,1,positive
"From the incredible food , to the warm atmosphere , to the friendly $T$ , this downtown neighborhood spot does n't miss a beat .","From the incredible food , to the warm atmosphere , to the friendly service , this downtown neighborhood spot does n't miss a beat .",service,1,positive
"Great $T$ at REASONABLE prices , makes for an evening that ca n't be beat !","Great food at REASONABLE prices , makes for an evening that ca n't be beat !",food,1,positive
"Great food at REASONABLE $T$ , makes for an evening that ca n't be beat !","Great food at REASONABLE prices , makes for an evening that ca n't be beat !",prices,1,positive
this little place has a cute $T$ r and affordable city prices .,this little place has a cute interior deco r and affordable city prices .,interior deco,1,positive
this little place has a cute interior decor and affordable city $T$ .,this little place has a cute interior decor and affordable city prices .,prices,1,positive
Two words : Free $T$ .,Two words : Free wine .,wine,1,positive
The $T$ is reasonable although the service is poor .,The price is reasonable although the service is poor .,price,1,positive
The price is reasonable although the $T$ is poor .,The price is reasonable although the service is poor .,service,-1,negative
"The $T$ is also very good , you will come out satisfied .","The quantity is also very good , you will come out satisfied .",quantity,1,positive
"I stumbled upon this second floor walk-up two Fridays ago when I was with two friends in town from L.A. Being serious $T$ lovers , we sat at the sushi bar to be closer to the action .","I stumbled upon this second floor walk-up two Fridays ago when I was with two friends in town from L.A. Being serious sushi lovers , we sat at the sushi bar to be closer to the action .",sushi,0,neutral
"I stumbled upon this second floor walk-up two Fridays ago when I was with two friends in town from L.A. Being serious sushi lovers , we sat at the $T$ to be closer to the action .","I stumbled upon this second floor walk-up two Fridays ago when I was with two friends in town from L.A. Being serious sushi lovers , we sat at the sushi bar to be closer to the action .",sushi bar,0,neutral
The $T$ is amazing here .,The fried rice is amazing here .,fried rice,1,positive
"Three courses - choices include excellent $T$ , puff pastry goat cheese and salad with a delicious dressing , and a hanger steak au poivre that is out of this world .","Three courses - choices include excellent mussels , puff pastry goat cheese and salad with a delicious dressing , and a hanger steak au poivre that is out of this world .",mussels,1,positive
"Three courses - choices include excellent mussels , $T$ and salad with a delicious dressing , and a hanger steak au poivre that is out of this world .","Three courses - choices include excellent mussels , puff pastry goat cheese and salad with a delicious dressing , and a hanger steak au poivre that is out of this world .",puff pastry goat cheese,1,positive
"Three courses - choices include excellent mussels , puff pastry goat cheese and $T$ , and a hanger steak au poivre that is out of this world .","Three courses - choices include excellent mussels , puff pastry goat cheese and salad with a delicious dressing , and a hanger steak au poivre that is out of this world .",salad with a delicious dressing,1,positive
"Three courses - choices include excellent mussels , puff pastry goat cheese and salad with a delicious dressing , and a $T$ that is out of this world .","Three courses - choices include excellent mussels , puff pastry goat cheese and salad with a delicious dressing , and a hanger steak au poivre that is out of this world .",hanger steak au poivre,1,positive
"Three $T$ - choices include excellent mussels , puff pastry goat cheese and salad with a delicious dressing , and a hanger steak au poivre that is out of this world .","Three courses - choices include excellent mussels , puff pastry goat cheese and salad with a delicious dressing , and a hanger steak au poivre that is out of this world .",courses,0,neutral
it 's a perfect place to have a amanzing $T$ .,it 's a perfect place to have a amanzing indian food .,indian food,1,positive
The place is so cool and the $T$ is prompt and curtious .,The place is so cool and the service is prompt and curtious .,service,1,positive
The $T$ is so cool and the service is prompt and curtious .,The place is so cool and the service is prompt and curtious .,place,1,positive
At the end you 're left with a mild $T$ that you can slurp out of a cup .,At the end you 're left with a mild broth with noodles that you can slurp out of a cup .,broth with noodles,1,positive
I just wonder how you can have such a delicious $T$ for such little money .,I just wonder how you can have such a delicious meal for such little money .,meal,1,positive
I just wonder how you can have such a delicious meal for such little $T$ .,I just wonder how you can have such a delicious meal for such little money .,money,1,positive
The $T$ is excellent .,The wine list is excellent .,wine list,1,positive
"Ive been to many Thai restaurants in Manhattan before , and Toons is by far the best $T$ Ive had -LRB- except for my mom 's of course -RRB- .","Ive been to many Thai restaurants in Manhattan before , and Toons is by far the best Thai food Ive had -LRB- except for my mom 's of course -RRB- .",Thai food,1,positive
They wouldnt even let me finish my $T$ before offering another .,They wouldnt even let me finish my glass of wine before offering another .,glass of wine,0,neutral
"Whem asked , we had to ask more detailed questions so that we knew what the $T$ were .","Whem asked , we had to ask more detailed questions so that we knew what the specials were .",specials,0,neutral
This is a consistently great place to dine for $T$ or dinner .,This is a consistently great place to dine for lunch or dinner .,lunch,0,neutral
This is a consistently great place to dine for lunch or $T$ .,This is a consistently great place to dine for lunch or dinner .,dinner,0,neutral
This is a consistently great place to $T$ for lunch or dinner .,This is a consistently great place to dine for lunch or dinner .,dine,1,positive
"Nice $T$ , the service was very pleasant and the desert was good .","Nice atmosphere , the service was very pleasant and the desert was good .",atmosphere,1,positive
"Nice atmosphere , the $T$ was very pleasant and the desert was good .","Nice atmosphere , the service was very pleasant and the desert was good .",service,1,positive
"Nice atmosphere , the service was very pleasant and the $T$ was good .","Nice atmosphere , the service was very pleasant and the desert was good .",desert,1,positive
After really enjoying ourselves at the $T$ we sat down at a table and had dinner .,After really enjoying ourselves at the bar we sat down at a table and had dinner .,bar,1,positive
After really enjoying ourselves at the bar we sat down at a $T$ and had dinner .,After really enjoying ourselves at the bar we sat down at a table and had dinner .,table,0,neutral
After really enjoying ourselves at the bar we sat down at a table and had $T$ .,After really enjoying ourselves at the bar we sat down at a table and had dinner .,dinner,0,neutral
"Fabulous $T$ , fantastic food , and a chilled out atmosphere and environment .","Fabulous service , fantastic food , and a chilled out atmosphere and environment .",service,1,positive
"Fabulous service , fantastic $T$ , and a chilled out atmosphere and environment .","Fabulous service , fantastic food , and a chilled out atmosphere and environment .",food,1,positive
"Fabulous service , fantastic food , and a chilled out $T$ and environment .","Fabulous service , fantastic food , and a chilled out atmosphere and environment .",atmosphere,1,positive
"Fabulous service , fantastic food , and a chilled out atmosphere and $T$ .","Fabulous service , fantastic food , and a chilled out atmosphere and environment .",environment,1,positive
Try the $T$ .,Try the lasagnette appetizer .,lasagnette appetizer,1,positive
I liked the $T$ !,I liked the beer selection !,beer selection,1,positive
"Great $T$ , good size menu , great service and an unpretensious setting .","Great food , good size menu , great service and an unpretensious setting .",food,1,positive
"Great food , good size $T$ , great service and an unpretensious setting .","Great food , good size menu , great service and an unpretensious setting .",menu,1,positive
"Great food , good size menu , great $T$ and an unpretensious setting .","Great food , good size menu , great service and an unpretensious setting .",service,1,positive
"Great food , good size menu , great service and an unpretensious $T$ .","Great food , good size menu , great service and an unpretensious setting .",setting,1,positive
Go here for a romantic $T$ but not for an all out wow dining experience .,Go here for a romantic dinner but not for an all out wow dining experience .,dinner,1,positive
Go here for a romantic dinner but not for an all out wow $T$ experience .,Go here for a romantic dinner but not for an all out wow dining experience .,dining,1,positive
I grew up eating $T$ and have yet to find a place in NY to satisfy my taste buds .,I grew up eating Dosa and have yet to find a place in NY to satisfy my taste buds .,Dosa,0,neutral
$T$ is good and wine-by-the-glass was generously filled to the top .,Wine list selection is good and wine-by-the-glass was generously filled to the top .,Wine list selection,1,positive
Wine list selection is good and $T$ was generously filled to the top .,Wine list selection is good and wine-by-the-glass was generously filled to the top .,wine-by-the-glass,1,positive
"With the great variety on the $T$ , I eat here often and never get bored .","With the great variety on the menu , I eat here often and never get bored .",menu,1,positive
The $T$ is very limited - i think we counted 4 or 5 entrees .,The menu is very limited - i think we counted 4 or 5 entrees .,menu,-1,negative
The menu is very limited - i think we counted 4 or 5 $T$ .,The menu is very limited - i think we counted 4 or 5 entrees .,entrees,-1,negative
The $T$ is limited but almost all of the dishes are excellent .,The menu is limited but almost all of the dishes are excellent .,menu,-1,negative
The menu is limited but almost all of the $T$ are excellent .,The menu is limited but almost all of the dishes are excellent .,dishes,1,positive
Not too crazy about their $T$ .,Not too crazy about their sake martini .,sake martini,-1,negative
"Great $T$ , spreads and a good place to hang out in .","Great bagels , spreads and a good place to hang out in .",bagels,1,positive
"Great bagels , $T$ and a good place to hang out in .","Great bagels , spreads and a good place to hang out in .",spreads,1,positive
One thing I liked about this place is that I never felt rushed or pressured to give up my $T$ ot incoming guests .,One thing I liked about this place is that I never felt rushed or pressured to give up my table ot incoming guests .,table,0,neutral
"Unfortunately , the $T$ is outstanding , but everything else about this restaurant is the pits .","Unfortunately , the food is outstanding , but everything else about this restaurant is the pits .",food,1,positive
We always have a delicious $T$ and always leave feeling satisfied .,We always have a delicious meal and always leave feeling satisfied .,meal,1,positive
"Dip the $T$ in with your chopsticks , swirl them around , and eat .","Dip the ingredients in with your chopsticks , swirl them around , and eat .",ingredients,0,neutral
"Dip the ingredients in with your $T$ , swirl them around , and eat .","Dip the ingredients in with your chopsticks , swirl them around , and eat .",chopsticks,0,neutral
First went here to enjoy their $T$ .,First went here to enjoy their garden terrace .,garden terrace,1,positive
The $T$ was pretty good and huge .,The pizza was pretty good and huge .,pizza,1,positive
"The $T$ from what I 've gathered is authentic Taiwanese , though its very different from what I 've been accustomed to in Taipei .","The cuisine from what I 've gathered is authentic Taiwanese , though its very different from what I 've been accustomed to in Taipei .",cuisine,0,neutral
I almost hesititate to write a review because the $T$ was so great and I would hate for it too become to crowded .,I almost hesititate to write a review because the atmosphere was so great and I would hate for it too become to crowded .,atmosphere,1,positive
They are often crowded on the weekends but they are efficient and accurate with their $T$ .,They are often crowded on the weekends but they are efficient and accurate with their service .,service,1,positive
They are often $T$ on the weekends but they are efficient and accurate with their service .,They are often crowded on the weekends but they are efficient and accurate with their service .,crowded,-1,negative
All my co-workers were amazed at how small the $T$ was .,All my co-workers were amazed at how small the dish was .,dish,-1,negative
"The $T$ is unheralded , the service impecible , and the food magnificant .","The atmosphere is unheralded , the service impecible , and the food magnificant .",atmosphere,1,positive
"The atmosphere is unheralded , the $T$ impecible , and the food magnificant .","The atmosphere is unheralded , the service impecible , and the food magnificant .",service,1,positive
"The atmosphere is unheralded , the service impecible , and the $T$ magnificant .","The atmosphere is unheralded , the service impecible , and the food magnificant .",food,1,positive
"We ordered the special , $T$ , that was so infused with bone , it was difficult to eat .","We ordered the special , grilled branzino , that was so infused with bone , it was difficult to eat .",grilled branzino,-1,negative
"The $T$ is friendly , and the food has gotten better and better !","The wait staff is friendly , and the food has gotten better and better !",wait staff,1,positive
"The wait staff is friendly , and the $T$ has gotten better and better !","The wait staff is friendly , and the food has gotten better and better !",food,1,positive
"It may be a bit packed on weekends , but the $T$ is good and it is the best French food you will find in the area .","It may be a bit packed on weekends , but the vibe is good and it is the best French food you will find in the area .",vibe,1,positive
"It may be a bit packed on weekends , but the vibe is good and it is the best $T$ you will find in the area .","It may be a bit packed on weekends , but the vibe is good and it is the best French food you will find in the area .",French food,1,positive
"It may be a bit $T$ on weekends , but the vibe is good and it is the best French food you will find in the area .","It may be a bit packed on weekends , but the vibe is good and it is the best French food you will find in the area .",packed,-1,negative
Right off the L in Brooklyn this is a nice cozy place with good $T$ .,Right off the L in Brooklyn this is a nice cozy place with good pizza .,pizza,1,positive
Right off the L in Brooklyn this is a nice cozy $T$ with good pizza .,Right off the L in Brooklyn this is a nice cozy place with good pizza .,place,1,positive
Le Pere Pinard has a $ 15 $T$ that is outstanding .,Le Pere Pinard has a $ 15 pre-theater menu that is outstanding .,pre-theater menu,1,positive
I also ordered for $T$ and the restaurant forgot half the order .,I also ordered for delivery and the restaurant forgot half the order .,delivery,-1,negative
I also ordered for delivery and the restaurant forgot half the $T$ .,I also ordered for delivery and the restaurant forgot half the order .,order,-1,negative
Our $T$ checked on us maybe twice during the entire meal .,Our server checked on us maybe twice during the entire meal .,server,-1,negative
Our server checked on us maybe twice during the entire $T$ .,Our server checked on us maybe twice during the entire meal .,meal,0,neutral
The strong $T$ coming from the left and right of me negatively affected my taste buds .,The strong scents coming from the left and right of me negatively affected my taste buds .,scents,-1,negative
We had the $T$ and it was FANTASTIC .,We had the lobster sandwich and it was FANTASTIC .,lobster sandwich,1,positive
"Had we been stalling I could understand where they were coming from , but we had been there less than an hour and they had n't even brought us a $T$ yet !","Had we been stalling I could understand where they were coming from , but we had been there less than an hour and they had n't even brought us a check yet !",check,-1,negative
"Though the Spider Roll may look like a challenge to eat , with soft shell crab hanging out of the roll , it is well worth the $T$ you pay for them .","Though the Spider Roll may look like a challenge to eat , with soft shell crab hanging out of the roll , it is well worth the price you pay for them .",price,1,positive
"Though the Spider Roll may look like a challenge to eat , with soft $T$ hanging out of the roll , it is well worth the price you pay for them .","Though the Spider Roll may look like a challenge to eat , with soft shell crab hanging out of the roll , it is well worth the price you pay for them .",shell crab,1,positive
$T$ are good and still rare to find in NYC .,Deep Fried Skewers are good and still rare to find in NYC .,Deep Fried Skewers,1,positive
"I have tried to make $T$ , but both times , the hostess did n't have my name .","I have tried to make reservations , but both times , the hostess did n't have my name .",reservations,0,neutral
"I have tried to make reservations , but both times , the $T$ did n't have my name .","I have tried to make reservations , but both times , the hostess did n't have my name .",hostess,-1,negative
I also recommend the $T$ or the different varieties of congee -LRB- rice porridge -RRB- .,I also recommend the rice dishes or the different varieties of congee -LRB- rice porridge -RRB- .,rice dishes,1,positive
I also recommend the rice dishes or the different varieties of $T$ .,I also recommend the rice dishes or the different varieties of congee (rice porridge) .,congee (rice porridge),1,positive
Their $T$ is to die for .,Their tuna tartar appetizer is to die for .,tuna tartar appetizer,1,positive
"An oasis of refinement : Food , though somewhat uneven , often reaches the pinnacles of new American fine cuisine - $T$ 's passion -LRB- and kitchen 's precise execution -RRB- is most evident in the fish dishes and soups .","An oasis of refinement : Food , though somewhat uneven , often reaches the pinnacles of new American fine cuisine - chef 's passion -LRB- and kitchen 's precise execution -RRB- is most evident in the fish dishes and soups .",chef,1,positive
"An oasis of refinement : Food , though somewhat uneven , often reaches the pinnacles of new American fine cuisine - chef 's passion -LRB- and kitchen 's precise execution -RRB- is most evident in the $T$ and soups .","An oasis of refinement : Food , though somewhat uneven , often reaches the pinnacles of new American fine cuisine - chef 's passion -LRB- and kitchen 's precise execution -RRB- is most evident in the fish dishes and soups .",fish dishes,1,positive
"An oasis of refinement : Food , though somewhat uneven , often reaches the pinnacles of new American fine cuisine - chef 's passion -LRB- and kitchen 's precise execution -RRB- is most evident in the fish dishes and $T$ .","An oasis of refinement : Food , though somewhat uneven , often reaches the pinnacles of new American fine cuisine - chef 's passion -LRB- and kitchen 's precise execution -RRB- is most evident in the fish dishes and soups .",soups,1,positive
"An oasis of refinement : Food , though somewhat uneven , often reaches the pinnacles of new American fine cuisine - chef 's passion -LRB- and $T$ 's precise execution -RRB- is most evident in the fish dishes and soups .","An oasis of refinement : Food , though somewhat uneven , often reaches the pinnacles of new American fine cuisine - chef 's passion -LRB- and kitchen 's precise execution -RRB- is most evident in the fish dishes and soups .",kitchen,1,positive
"An oasis of refinement : Food , though somewhat uneven , often reaches the pinnacles of new American fine $T$ - chef 's passion -LRB- and kitchen 's precise execution -RRB- is most evident in the fish dishes and soups .","An oasis of refinement : Food , though somewhat uneven , often reaches the pinnacles of new American fine cuisine - chef 's passion -LRB- and kitchen 's precise execution -RRB- is most evident in the fish dishes and soups .",cuisine,1,positive
"If you love $T$ and cheese and delicious french fare , you 'll love Artisanal !","If you love wine and cheese and delicious french fare , you 'll love Artisanal !",wine,1,positive
"If you love wine and cheese and delicious $T$ , you 'll love Artisanal !","If you love wine and cheese and delicious french fare , you 'll love Artisanal !",french fare,1,positive
"If you love wine and $T$ and delicious french fare , you 'll love Artisanal !","If you love wine and cheese and delicious french fare , you 'll love Artisanal !",cheese,1,positive
I love $T$ and consider myself to be quite an expert on it .,I love Indian food and consider myself to be quite an expert on it .,Indian food,1,positive
Some $T$ get their wish .,Some baby pizzas get their wish .,baby pizzas,0,neutral
Overall A oh ya even though there is $T$ it is deff worth it,Overall A oh ya even though there is waiting it is deff worth it,waiting,-1,negative
The $T$ was incredible and I recommend it .,The lava cake dessert was incredible and I recommend it .,lava cake dessert,1,positive
VT is what $T$ hope to be when they grow up .,VT is what baby pizzas hope to be when they grow up .,baby pizzas,0,neutral
"From the terrible $T$ , to the bland food , not to mention the unaccommodating managers , the overall experience was horrible .","From the terrible service , to the bland food , not to mention the unaccommodating managers , the overall experience was horrible .",service,-1,negative
"From the terrible service , to the bland $T$ , not to mention the unaccommodating managers , the overall experience was horrible .","From the terrible service , to the bland food , not to mention the unaccommodating managers , the overall experience was horrible .",food,-1,negative
"From the terrible service , to the bland food , not to mention the unaccommodating $T$ , the overall experience was horrible .","From the terrible service , to the bland food , not to mention the unaccommodating managers , the overall experience was horrible .",managers,-1,negative
Lahore is a great place to duck into late-night when you need some really tasty $T$ on the cheap -- you 'll likely have trouble finishing the amount of food you get for FOUR DOLLARS .,Lahore is a great place to duck into late-night when you need some really tasty food on the cheap -- you 'll likely have trouble finishing the amount of food you get for FOUR DOLLARS .,food,1,positive
Lahore is a great place to duck into late-night when you need some really tasty food on the cheap -- you 'll likely have trouble finishing the amount of $T$ you get for FOUR DOLLARS .,Lahore is a great place to duck into late-night when you need some really tasty food on the cheap -- you 'll likely have trouble finishing the amount of food you get for FOUR DOLLARS .,food,1,positive
The last time I went we were seated at a $T$ in a corridor next to the kitchen .,The last time I went we were seated at a table in a corridor next to the kitchen .,table,-1,negative
good $T$ ranging from affordable to high end .,good selection of wines ranging from affordable to high end .,selection of wines,1,positive
"Nice restaurant overall , with classic upscale $T$ .","Nice restaurant overall , with classic upscale Italian decor .",Italian decor,1,positive
Not impressed with the $T$ .,Not impressed with the food .,food,-1,negative
The entire $T$ was wonderful !,The entire dining experience was wonderful !,dining experience,1,positive
The $T$ -LRB- by the glass and bottle -RRB- is wonderful and I always recommend that friends make a reservation if they 're going to be in town .,The wine selection -LRB- by the glass and bottle -RRB- is wonderful and I always recommend that friends make a reservation if they 're going to be in town .,wine selection,1,positive
The wine selection -LRB- by the glass and bottle -RRB- is wonderful and I always recommend that friends make a $T$ if they 're going to be in town .,The wine selection -LRB- by the glass and bottle -RRB- is wonderful and I always recommend that friends make a reservation if they 're going to be in town .,reservation,0,neutral
$T$ is highly refined : our seating was delayed 35 minutes past our reservation and the maitre d' apologized and regularly kept us apprised of progress .,Service is highly refined : our seating was delayed 35 minutes past our reservation and the maitre d' apologized and regularly kept us apprised of progress .,Service,1,positive
Service is highly refined : our seating was delayed 35 minutes past our reservation and the $T$ d' apologized and regularly kept us apprised of progress .,Service is highly refined : our seating was delayed 35 minutes past our reservation and the maitre d' apologized and regularly kept us apprised of progress .,maitre,1,positive
Service is highly refined : our seating was delayed 35 minutes past our $T$ and the maitre d' apologized and regularly kept us apprised of progress .,Service is highly refined : our seating was delayed 35 minutes past our reservation and the maitre d' apologized and regularly kept us apprised of progress .,reservation,-1,negative
"Order the $T$ , it 's fantastic .","Order the panang duck , it 's fantastic .",panang duck,1,positive
"Food is usually very good , though ocasionally I wondered about freshmess of $T$ in side orders .","Food is usually very good , though ocasionally I wondered about freshmess of raw vegatables in side orders .",raw vegatables,-1,negative
"Other than the crappy $T$ from two individuals , it 's great .","Other than the crappy service from two individuals , it 's great .",service,-1,negative
They have authentic $T$ at amazin prices .,They have authentic Indian at amazin prices .,Indian,1,positive
They have authentic Indian at amazin $T$ .,They have authentic Indian at amazin prices .,prices,1,positive
$T$ - relaxed and stylish .,Ambiance - relaxed and stylish .,Ambiance,1,positive
"Luckily we saved room for the $T$ , Sea Bass and Crispy Duck .","Luckily we saved room for the BBQ Salmon , Sea Bass and Crispy Duck .",BBQ Salmon,1,positive
"Luckily we saved room for the BBQ Salmon , $T$ and Crispy Duck .","Luckily we saved room for the BBQ Salmon , Sea Bass and Crispy Duck .",Sea Bass,1,positive
"Luckily we saved room for the BBQ Salmon , Sea Bass and $T$ .","Luckily we saved room for the BBQ Salmon , Sea Bass and Crispy Duck .",Crispy Duck,1,positive
"Yes , they use fancy $T$ , but even fancy ingredients do n't make for good pizza unless someone knows how to get the crust right .","Yes , they use fancy ingredients , but even fancy ingredients do n't make for good pizza unless someone knows how to get the crust right .",ingredients,1,positive
"Yes , they use fancy ingredients , but even fancy $T$ do n't make for good pizza unless someone knows how to get the crust right .","Yes , they use fancy ingredients , but even fancy ingredients do n't make for good pizza unless someone knows how to get the crust right .",ingredients,1,positive
"Yes , they use fancy ingredients , but even fancy ingredients do n't make for good $T$ unless someone knows how to get the crust right .","Yes , they use fancy ingredients , but even fancy ingredients do n't make for good pizza unless someone knows how to get the crust right .",pizza,-1,negative
"Yes , they use fancy ingredients , but even fancy ingredients do n't make for good pizza unless someone knows how to get the $T$ right .","Yes , they use fancy ingredients , but even fancy ingredients do n't make for good pizza unless someone knows how to get the crust right .",crust,0,neutral
and yes Dal Bukhara is so dam good and so are all the $T$ .,and yes Dal Bukhara is so dam good and so are all the kababs .,kababs,1,positive
and yes $T$ is so dam good and so are all the kababs .,and yes Dal Bukhara is so dam good and so are all the kababs .,Dal Bukhara,1,positive
I look forward to $T$ here again,I look forward to eating here again,eating,1,positive
I 've been coming here as a child and always come back for the $T$ .,I 've been coming here as a child and always come back for the taste .,taste,1,positive
Tuk Tuk is one of those comfortable neighborhood joints where you know you will always have a good $T$ at a fair price .,Tuk Tuk is one of those comfortable neighborhood joints where you know you will always have a good meal at a fair price .,meal,1,positive
Tuk Tuk is one of those comfortable neighborhood joints where you know you will always have a good meal at a fair $T$ .,Tuk Tuk is one of those comfortable neighborhood joints where you know you will always have a good meal at a fair price .,price,1,positive
"A glass of Leaping Lizard , a $T$ , and the mussels had everything happy .","A glass of Leaping Lizard , a glass of prosecco , and the mussels had everything happy .",glass of prosecco,1,positive
"A glass of Leaping Lizard , a glass of prosecco , and the $T$ had everything happy .","A glass of Leaping Lizard , a glass of prosecco , and the mussels had everything happy .",mussels,1,positive
"A $T$ , a glass of prosecco , and the mussels had everything happy .","A glass of Leaping Lizard , a glass of prosecco , and the mussels had everything happy .",glass of Leaping Lizard,1,positive
"$T$ was average and creme brulee was awful - the sugar was charred , not caramelized and smelled of kerosene .","Food was average and creme brulee was awful - the sugar was charred , not caramelized and smelled of kerosene .",Food,0,neutral
"Food was average and $T$ was awful - the sugar was charred , not caramelized and smelled of kerosene .","Food was average and creme brulee was awful - the sugar was charred , not caramelized and smelled of kerosene .",creme brulee,-1,negative
"Food was average and creme brulee was awful - the $T$ was charred , not caramelized and smelled of kerosene .","Food was average and creme brulee was awful - the sugar was charred , not caramelized and smelled of kerosene .",sugar,-1,negative
The $T$ always tastes fresh and served promptly .,The food always tastes fresh and served promptly .,food,1,positive
The food always tastes fresh and $T$ promptly .,The food always tastes fresh and served promptly .,served,1,positive
The $T$ here is delicious .,The pizza here is delicious .,pizza,1,positive
"$T$ and garlic knots are great as well , I order from them quite often and the delivery is always super quick !","Pizza and garlic knots are great as well , I order from them quite often and the delivery is always super quick !",Pizza,1,positive
"Pizza and garlic knots are great as well , I order from them quite often and the $T$ is always super quick !","Pizza and garlic knots are great as well , I order from them quite often and the delivery is always super quick !",delivery,1,positive
"Pizza and $T$ are great as well , I order from them quite often and the delivery is always super quick !","Pizza and garlic knots are great as well , I order from them quite often and the delivery is always super quick !",garlic knots,1,positive
"For great $T$ nearby , you have Wu Liang Ye and Grand Sichuan just a block away .","For great chinese food nearby , you have Wu Liang Ye and Grand Sichuan just a block away .",chinese food,1,positive
But who says Murray 's is anything about $T$ .,But who says Murray 's is anything about service .,service,0,neutral
"This place is really trendi but they have forgotten about the most important part of a restaurant , the $T$ .","This place is really trendi but they have forgotten about the most important part of a restaurant , the food .",food,-1,negative
Hats off to the $T$ .,Hats off to the chef .,chef,1,positive
"$T$ could be improved but overall this is a place that understands the importance of little things -LRB- the heavy , black , antique-seeming teapot , for one -RRB- in the restaurant experience .","Service could be improved but overall this is a place that understands the importance of little things -LRB- the heavy , black , antique-seeming teapot , for one -RRB- in the restaurant experience .",Service,-1,negative
"Service could be improved but overall this is a place that understands the importance of little things -LRB- the heavy , black , antique-seeming $T$ , for one -RRB- in the restaurant experience .","Service could be improved but overall this is a place that understands the importance of little things -LRB- the heavy , black , antique-seeming teapot , for one -RRB- in the restaurant experience .",teapot,1,positive
"The $T$ is delicious - they use fresh mozzarella instead of the cheap , frozen , shredded cheese common to most pizzaria 's .","The pizza is delicious - they use fresh mozzarella instead of the cheap , frozen , shredded cheese common to most pizzaria 's .",pizza,1,positive
"The pizza is delicious - they use $T$ instead of the cheap , frozen , shredded cheese common to most pizzaria 's .","The pizza is delicious - they use fresh mozzarella instead of the cheap , frozen , shredded cheese common to most pizzaria 's .",fresh mozzarella,1,positive
"The pizza is delicious - they use fresh mozzarella instead of the cheap , frozen , shredded $T$ common to most pizzaria 's .","The pizza is delicious - they use fresh mozzarella instead of the cheap , frozen , shredded cheese common to most pizzaria 's .",cheese,-1,negative
Its an excellent $T$ to relax and the food is one of the best in the city of New York .,Its an excellent place to relax and the food is one of the best in the city of New York .,place,1,positive
Its an excellent place to relax and the $T$ is one of the best in the city of New York .,Its an excellent place to relax and the food is one of the best in the city of New York .,food,1,positive
"$T$ is friendly , and never had a problem walking in and getting a table .","service is friendly , and never had a problem walking in and getting a table .",service,1,positive
"service is friendly , and never had a problem walking in and $T$ .","service is friendly , and never had a problem walking in and getting a table .",getting a table,1,positive
The atmosphere was crowded but it was a great $T$ .,The atmosphere was crowded but it was a great bistro-type vibe .,bistro-type vibe,1,positive
"First off , the $T$ was completely unattentive the 2 times we saw her -LRB- odd in a restaurant with 6 tables -RRB- and got our order wrong .","First off , the waitress was completely unattentive the 2 times we saw her -LRB- odd in a restaurant with 6 tables -RRB- and got our order wrong .",waitress,-1,negative
"First off , the waitress was completely unattentive the 2 times we saw her -LRB- odd in a restaurant with 6 $T$ -RRB- and got our order wrong .","First off , the waitress was completely unattentive the 2 times we saw her -LRB- odd in a restaurant with 6 tables -RRB- and got our order wrong .",tables,0,neutral
The $T$ was bland oily .,The food was bland oily .,food,-1,negative
"What is even better , is that the $T$ are very affordable as well , and the food is really good .","What is even better , is that the prices are very affordable as well , and the food is really good .",prices,1,positive
"What is even better , is that the prices are very affordable as well , and the $T$ is really good .","What is even better , is that the prices are very affordable as well , and the food is really good .",food,1,positive
The $T$ is fresh but the variety of fish is nothing out of ordinary .,The fish is fresh but the variety of fish is nothing out of ordinary .,fish,1,positive
The fish is fresh but the $T$ is nothing out of ordinary .,The fish is fresh but the variety of fish is nothing out of ordinary .,variety of fish,-1,negative
"Our favorite meal is a $T$ , the house salad , and a good bottle of wine .","Our favorite meal is a pesto pizza , the house salad , and a good bottle of wine .",pesto pizza,1,positive
"Our favorite meal is a pesto pizza , the $T$ , and a good bottle of wine .","Our favorite meal is a pesto pizza , the house salad , and a good bottle of wine .",house salad,1,positive
"Our favorite meal is a pesto pizza , the house salad , and a good $T$ .","Our favorite meal is a pesto pizza , the house salad , and a good bottle of wine .",bottle of wine,1,positive
"Our favorite $T$ is a pesto pizza , the house salad , and a good bottle of wine .","Our favorite meal is a pesto pizza , the house salad , and a good bottle of wine .",meal,1,positive
"And Kruno , the beverage manager is the best $T$ I have yet to come across .","And Kruno , the beverage manager is the best bartender I have yet to come across .",bartender,1,positive
"And Kruno , the $T$ is the best bartender I have yet to come across .","And Kruno , the beverage manager is the best bartender I have yet to come across .",beverage manager,1,positive
"$T$ and music funky , which I enjoy .","Ambiance and music funky , which I enjoy .",Ambiance,1,positive
"Ambiance and $T$ funky , which I enjoy .","Ambiance and music funky , which I enjoy .",music,1,positive
"The $T$ , drinks and service are clearly among the best in the city .","The food , drinks and service are clearly among the best in the city .",food,1,positive
"The food , $T$ and service are clearly among the best in the city .","The food , drinks and service are clearly among the best in the city .",drinks,1,positive
"The food , drinks and $T$ are clearly among the best in the city .","The food , drinks and service are clearly among the best in the city .",service,1,positive
I went there in late afternoon for some bite size $T$ and refleshment with my date .,I went there in late afternoon for some bite size food and refleshment with my date .,food,0,neutral
I went there in late afternoon for some bite size food and $T$ with my date .,I went there in late afternoon for some bite size food and refleshment with my date .,refleshment,0,neutral
"I understand the area and folks you need not come here for the romantic , alluring $T$ or the five star service featuring a sommlier and a complicated maze of captain and back waiters - you come for the authentic foods , the tastes , the experiance .","I understand the area and folks you need not come here for the romantic , alluring ambiance or the five star service featuring a sommlier and a complicated maze of captain and back waiters - you come for the authentic foods , the tastes , the experiance .",ambiance,1,positive
"I understand the area and folks you need not come here for the romantic , alluring ambiance or the five star $T$ featuring a sommlier and a complicated maze of captain and back waiters - you come for the authentic foods , the tastes , the experiance .","I understand the area and folks you need not come here for the romantic , alluring ambiance or the five star service featuring a sommlier and a complicated maze of captain and back waiters - you come for the authentic foods , the tastes , the experiance .",service,1,positive
"I understand the area and folks you need not come here for the romantic , alluring ambiance or the five star service featuring a sommlier and a complicated maze of captain and back waiters - you come for the authentic $T$ , the tastes , the experiance .","I understand the area and folks you need not come here for the romantic , alluring ambiance or the five star service featuring a sommlier and a complicated maze of captain and back waiters - you come for the authentic foods , the tastes , the experiance .",foods,1,positive
"I understand the area and folks you need not come here for the romantic , alluring ambiance or the five star service featuring a sommlier and a complicated maze of captain and back waiters - you come for the authentic foods , the $T$ , the experiance .","I understand the area and folks you need not come here for the romantic , alluring ambiance or the five star service featuring a sommlier and a complicated maze of captain and back waiters - you come for the authentic foods , the tastes , the experiance .",tastes,1,positive
"I understand the area and folks you need not come here for the romantic , alluring ambiance or the five star service featuring a $T$ and a complicated maze of captain and back waiters - you come for the authentic foods , the tastes , the experiance .","I understand the area and folks you need not come here for the romantic , alluring ambiance or the five star service featuring a sommlier and a complicated maze of captain and back waiters - you come for the authentic foods , the tastes , the experiance .",sommlier,1,positive
"I understand the area and folks you need not come here for the romantic , alluring ambiance or the five star service featuring a sommlier and a complicated maze of $T$ and back waiters - you come for the authentic foods , the tastes , the experiance .","I understand the area and folks you need not come here for the romantic , alluring ambiance or the five star service featuring a sommlier and a complicated maze of captain and back waiters - you come for the authentic foods , the tastes , the experiance .",captain,1,positive
"I understand the area and folks you need not come here for the romantic , alluring ambiance or the five star service featuring a sommlier and a complicated maze of captain and $T$ - you come for the authentic foods , the tastes , the experiance .","I understand the area and folks you need not come here for the romantic , alluring ambiance or the five star service featuring a sommlier and a complicated maze of captain and back waiters - you come for the authentic foods , the tastes , the experiance .",back waiters,1,positive
"Last time I went here , the $T$ did n't come back after taking our order .","Last time I went here , the waitress did n't come back after taking our order .",waitress,-1,negative
Try the $T$ !,Try the tandoori salmon !,tandoori salmon,1,positive
"Eating in , the $T$ saves it , but at your desk , it 's a very disappointing experience .","Eating in , the atmosphere saves it , but at your desk , it 's a very disappointing experience .",atmosphere,1,positive
"Granted the $T$ is smaller than most , it is the best service you will find in even the largest of restaurants .","Granted the space is smaller than most , it is the best service you will find in even the largest of restaurants .",space,-1,negative
"Granted the space is smaller than most , it is the best $T$ you will find in even the largest of restaurants .","Granted the space is smaller than most , it is the best service you will find in even the largest of restaurants .",service,1,positive
I love the $T$ @ peep !,I love the atmorphere @ peep !,atmorphere,1,positive
The $T$ was attentive and her suggestions of menu items was right on the mark .,The service was attentive and her suggestions of menu items was right on the mark .,service,1,positive
The service was attentive and her suggestions of $T$ was right on the mark .,The service was attentive and her suggestions of menu items was right on the mark .,menu items,1,positive
The other night we had the $ 30 $T$ and everything was delicious - if I could of licked the plate clean I would of .,The other night we had the $ 30 three course meal and everything was delicious - if I could of licked the plate clean I would of .,three course meal,1,positive
"Even after getting pushed out by the no-class Famous Ray 's , Sal has risen again to carry on his father 's uncle 's legacies with a smile , true love for his community , and let 's not forget the Outstanding $T$ !","Even after getting pushed out by the no-class Famous Ray 's , Sal has risen again to carry on his father 's uncle 's legacies with a smile , true love for his community , and let 's not forget the Outstanding Pizza !",Pizza,1,positive
"The $T$ is romantic , but the food is horrible , the service is pathetic , and gabriella lies about everything she could .","The environment is romantic , but the food is horrible , the service is pathetic , and gabriella lies about everything she could .",environment,1,positive
"The environment is romantic , but the $T$ is horrible , the service is pathetic , and gabriella lies about everything she could .","The environment is romantic , but the food is horrible , the service is pathetic , and gabriella lies about everything she could .",food,-1,negative
"The environment is romantic , but the food is horrible , the $T$ is pathetic , and gabriella lies about everything she could .","The environment is romantic , but the food is horrible , the service is pathetic , and gabriella lies about everything she could .",service,-1,negative
"We had $T$ and despite making a mess , it was a ton of fun and quite tasty as well .","We had crawfish boiled and despite making a mess , it was a ton of fun and quite tasty as well .",crawfish boiled,1,positive
I had very high expectations for this place and made a $T$ a couple of months in advance for a special occasion .,I had very high expectations for this place and made a reservation a couple of months in advance for a special occasion .,reservation,0,neutral
What came to our $T$ was burned beyond recognition and stringy .,What came to our table was burned beyond recognition and stringy .,table,0,neutral
I had the $T$ and the noodles were sticky .,I had the Pad Thai and the noodles were sticky .,Pad Thai,-1,negative
I had the Pad Thai and the $T$ were sticky .,I had the Pad Thai and the noodles were sticky .,noodles,-1,negative
"So I 've never actually been to M proper , but I 've had it $T$ a few times .","So I 've never actually been to M proper , but I 've had it delivered a few times .",delivered,0,neutral
"Among all of the new 5th avenue restaurants , this offers by far one of the best $T$ .","Among all of the new 5th avenue restaurants , this offers by far one of the best values for your money .",values for your money,1,positive
"Frankly , when you compare what you can have here for $T$ , versus McDs or so many other sandwich shops in the city , there is no comparison .","Frankly , when you compare what you can have here for lunch , versus McDs or so many other sandwich shops in the city , there is no comparison .",lunch,1,positive
The $T$ is rude to the point of being offensive .,The hostess is rude to the point of being offensive .,hostess,-1,negative
"If you 're craving for Haru 's great $T$ , especially the House Roll , but ca n't stand the wait building outisde , head across the street to their Sake Bar !","If you 're craving for Haru 's great food , especially the House Roll , but ca n't stand the wait building outisde , head across the street to their Sake Bar !",food,1,positive
"If you 're craving for Haru 's great food , especially the House Roll , but ca n't stand the $T$ outisde , head across the street to their Sake Bar !","If you 're craving for Haru 's great food , especially the House Roll , but ca n't stand the wait building outisde , head across the street to their Sake Bar !",wait building,-1,negative
"A narrow $T$ leads to a tiny space where there are three tiny white tiled counters , a great deal of mess -LRB- stacks of bottles , cans -RRB- and a small counter holding 12-14 entrees .","A narrow corridor leads to a tiny space where there are three tiny white tiled counters , a great deal of mess -LRB- stacks of bottles , cans -RRB- and a small counter holding 12-14 entrees .",corridor,-1,negative
"A narrow corridor leads to a tiny $T$ where there are three tiny white tiled counters , a great deal of mess -LRB- stacks of bottles , cans -RRB- and a small counter holding 12-14 entrees .","A narrow corridor leads to a tiny space where there are three tiny white tiled counters , a great deal of mess -LRB- stacks of bottles , cans -RRB- and a small counter holding 12-14 entrees .",space,-1,negative
"A narrow corridor leads to a tiny space where there are three tiny white tiled $T$ , a great deal of mess -LRB- stacks of bottles , cans -RRB- and a small counter holding 12-14 entrees .","A narrow corridor leads to a tiny space where there are three tiny white tiled counters , a great deal of mess -LRB- stacks of bottles , cans -RRB- and a small counter holding 12-14 entrees .",counters,-1,negative
"A narrow corridor leads to a tiny space where there are three tiny white tiled counters , a great deal of mess -LRB- stacks of bottles , cans -RRB- and a small $T$ holding 12-14 entrees .","A narrow corridor leads to a tiny space where there are three tiny white tiled counters , a great deal of mess -LRB- stacks of bottles , cans -RRB- and a small counter holding 12-14 entrees .",counter,-1,negative
"A narrow corridor leads to a tiny space where there are three tiny white tiled counters , a great deal of mess -LRB- stacks of bottles , cans -RRB- and a small counter holding 12-14 $T$ .","A narrow corridor leads to a tiny space where there are three tiny white tiled counters , a great deal of mess -LRB- stacks of bottles , cans -RRB- and a small counter holding 12-14 entrees .",entrees,0,neutral
The $T$ is great .,The food is great .,food,1,positive
Succulent $T$ cooked precisely to your desired ` doneness ' accompanied by salads and sides that do n't look like leafy road kill .,Succulent steaks cooked precisely to your desired ` doneness ' accompanied by salads and sides that do n't look like leafy road kill .,steaks,1,positive
Succulent steaks cooked precisely to your desired ` doneness ' accompanied by $T$ and sides that do n't look like leafy road kill .,Succulent steaks cooked precisely to your desired ` doneness ' accompanied by salads and sides that do n't look like leafy road kill .,salads,1,positive
Succulent steaks cooked precisely to your desired ` doneness ' accompanied by salads and $T$ that do n't look like leafy road kill .,Succulent steaks cooked precisely to your desired ` doneness ' accompanied by salads and sides that do n't look like leafy road kill .,sides,1,positive
"$T$ came with pickels and slaw , no extra charge .","Lunch came with pickels and slaw , no extra charge .",Lunch,1,positive
"Lunch came with $T$ , no extra charge .","Lunch came with pickels and slaw , no extra charge .",pickels and slaw,0,neutral
Decent $T$ at reasonable prices .,Decent wine at reasonable prices .,wine,1,positive
Decent wine at reasonable $T$ .,Decent wine at reasonable prices .,prices,1,positive
All conveniently $T$ right to the door .,All conveniently delivered right to the door .,delivered,1,positive
even the $T$ was good .,even the wine by the glass was good .,wine by the glass,1,positive
would have rather tried terrace in the sky or water club for that $T$,would have rather tried terrace in the sky or water club for that price,price,-1,negative
This $T$ is my favorite and I always get it when I go there and never get tired of it .,This dish is my favorite and I always get it when I go there and never get tired of it .,dish,1,positive
"I also ordered the $T$ , which was out of this world .","I also ordered the Change Mojito , which was out of this world .",Change Mojito,1,positive
Okay $T$ .,Okay service .,service,0,neutral
The only thing more wonderful than the $T$ -LRB- which is exceptional -RRB- is the service .,The only thing more wonderful than the food -LRB- which is exceptional -RRB- is the service .,food,1,positive
The only thing more wonderful than the food -LRB- which is exceptional -RRB- is the $T$ .,The only thing more wonderful than the food -LRB- which is exceptional -RRB- is the service .,service,1,positive
"The $T$ was just awful , ATROCIOUS actually .","The food was just awful , ATROCIOUS actually .",food,-1,negative
The $T$ was soy sauce and water .,The soup for the udon was soy sauce and water .,soup for the udon,-1,negative
The soup for the udon was $T$ and water .,The soup for the udon was soy sauce and water .,soy sauce,0,neutral
The soup for the udon was soy sauce and $T$ .,The soup for the udon was soy sauce and water .,water,0,neutral
"The $T$ was excellent , especially the calamari , as were the filling pasta mains .","The anti-pasta was excellent , especially the calamari , as were the filling pasta mains .",anti-pasta,1,positive
"The anti-pasta was excellent , especially the $T$ , as were the filling pasta mains .","The anti-pasta was excellent , especially the calamari , as were the filling pasta mains .",calamari,1,positive
"The anti-pasta was excellent , especially the calamari , as were the $T$ .","The anti-pasta was excellent , especially the calamari , as were the filling pasta mains .",filling pasta mains,1,positive
The $T$ suggested glasses of wine that went very well with the food .,The waitress suggested glasses of wine that went very well with the food .,waitress,1,positive
The waitress suggested glasses of wine that went very well with the $T$ .,The waitress suggested glasses of wine that went very well with the food .,food,0,neutral
The waitress suggested $T$ that went very well with the food .,The waitress suggested glasses of wine that went very well with the food .,glasses of wine,1,positive
"They might be all business at the counter when you give your order , but their $T$ says I love you .","They might be all business at the counter when you give your order , but their food says I love you .",food,1,positive
"They might be all business at the $T$ when you give your order , but their food says I love you .","They might be all business at the counter when you give your order , but their food says I love you .",counter,-1,negative
"We are very particular about $T$ and were both please with every choice which included : ceviche mix -LRB- special -RRB- , crab dumplings , assorted sashimi , sushi and rolls , two types of sake , and the banana tempura .","We are very particular about sushi and were both please with every choice which included : ceviche mix -LRB- special -RRB- , crab dumplings , assorted sashimi , sushi and rolls , two types of sake , and the banana tempura .",sushi,1,positive
"We are very particular about sushi and were both please with every choice which included : $T$ , crab dumplings , assorted sashimi , sushi and rolls , two types of sake , and the banana tempura .","We are very particular about sushi and were both please with every choice which included : ceviche mix (special) , crab dumplings , assorted sashimi , sushi and rolls , two types of sake , and the banana tempura .",ceviche mix (special),1,positive
"We are very particular about sushi and were both please with every choice which included : ceviche mix -LRB- special -RRB- , $T$ , assorted sashimi , sushi and rolls , two types of sake , and the banana tempura .","We are very particular about sushi and were both please with every choice which included : ceviche mix -LRB- special -RRB- , crab dumplings , assorted sashimi , sushi and rolls , two types of sake , and the banana tempura .",crab dumplings,1,positive
"We are very particular about sushi and were both please with every choice which included : ceviche mix -LRB- special -RRB- , crab dumplings , $T$ , sushi and rolls , two types of sake , and the banana tempura .","We are very particular about sushi and were both please with every choice which included : ceviche mix -LRB- special -RRB- , crab dumplings , assorted sashimi , sushi and rolls , two types of sake , and the banana tempura .",assorted sashimi,1,positive
"We are very particular about sushi and were both please with every choice which included : ceviche mix -LRB- special -RRB- , crab dumplings , assorted sashimi , $T$ and rolls , two types of sake , and the banana tempura .","We are very particular about sushi and were both please with every choice which included : ceviche mix -LRB- special -RRB- , crab dumplings , assorted sashimi , sushi and rolls , two types of sake , and the banana tempura .",sushi,1,positive
"We are very particular about sushi and were both please with every choice which included : ceviche mix -LRB- special -RRB- , crab dumplings , assorted sashimi , sushi and $T$ , two types of sake , and the banana tempura .","We are very particular about sushi and were both please with every choice which included : ceviche mix -LRB- special -RRB- , crab dumplings , assorted sashimi , sushi and rolls , two types of sake , and the banana tempura .",rolls,1,positive
"We are very particular about sushi and were both please with every choice which included : ceviche mix -LRB- special -RRB- , crab dumplings , assorted sashimi , sushi and rolls , two types of $T$ , and the banana tempura .","We are very particular about sushi and were both please with every choice which included : ceviche mix -LRB- special -RRB- , crab dumplings , assorted sashimi , sushi and rolls , two types of sake , and the banana tempura .",sake,1,positive
"We are very particular about sushi and were both please with every choice which included : ceviche mix -LRB- special -RRB- , crab dumplings , assorted sashimi , sushi and rolls , two types of sake , and the $T$ .","We are very particular about sushi and were both please with every choice which included : ceviche mix -LRB- special -RRB- , crab dumplings , assorted sashimi , sushi and rolls , two types of sake , and the banana tempura .",banana tempura,1,positive
Try their $T$ with fresh garlic or eggplant .,Try their plain pizza with fresh garlic or eggplant .,plain pizza,1,positive
Try their plain pizza with fresh $T$ or eggplant .,Try their plain pizza with fresh garlic or eggplant .,garlic,1,positive
Try their plain pizza with fresh garlic or $T$ .,Try their plain pizza with fresh garlic or eggplant .,eggplant,1,positive
"Ok , so the $T$ wander around a little clueless , but there 's more than enough servers for the crowd they get -- it 's fine , you just have to make a small effort to get their attention .","Ok , so the servers wander around a little clueless , but there 's more than enough servers for the crowd they get -- it 's fine , you just have to make a small effort to get their attention .",servers,-1,negative
Good luck $T$ .,Good luck getting a table .,getting a table,-1,negative
The $T$ is awful .,The service is awful .,service,-1,negative
"The $T$ says to keep an eye out for an expanded menu offering more italian dishes , I ca n't wait !","The takeout menu says to keep an eye out for an expanded menu offering more italian dishes , I ca n't wait !",takeout menu,1,positive
"The takeout menu says to keep an eye out for an expanded $T$ offering more italian dishes , I ca n't wait !","The takeout menu says to keep an eye out for an expanded menu offering more italian dishes , I ca n't wait !",menu,1,positive
"The takeout menu says to keep an eye out for an expanded menu offering more $T$ , I ca n't wait !","The takeout menu says to keep an eye out for an expanded menu offering more italian dishes , I ca n't wait !",italian dishes,1,positive
"I am not the most experienced person when it comes to $T$ , but my friend who took me there is .","I am not the most experienced person when it comes to Thai food , but my friend who took me there is .",Thai food,0,neutral
Regardless of whether there are two people or two hundred people ahead of you the $T$ will take your name and tell you Five minutes .,Regardless of whether there are two people or two hundred people ahead of you the hostess will take your name and tell you Five minutes .,hostess,1,positive
The $T$ is good though .,The pizza is good though .,pizza,1,positive
$T$ are cheap and good .,bottles of wine are cheap and good .,bottles of wine,1,positive
"The have over 100 different $T$ to offer thier guest so that made my husband very happy and the food was delicious , if I must recommend a dish it must be the pumkin tortelini .","The have over 100 different beers to offer thier guest so that made my husband very happy and the food was delicious , if I must recommend a dish it must be the pumkin tortelini .",beers,1,positive
"The have over 100 different beers to offer thier guest so that made my husband very happy and the $T$ was delicious , if I must recommend a dish it must be the pumkin tortelini .","The have over 100 different beers to offer thier guest so that made my husband very happy and the food was delicious , if I must recommend a dish it must be the pumkin tortelini .",food,1,positive
"The have over 100 different beers to offer thier guest so that made my husband very happy and the food was delicious , if I must recommend a dish it must be the $T$ .","The have over 100 different beers to offer thier guest so that made my husband very happy and the food was delicious , if I must recommend a dish it must be the pumkin tortelini .",pumkin tortelini,1,positive
"The have over 100 different beers to offer thier guest so that made my husband very happy and the food was delicious , if I must recommend a $T$ it must be the pumkin tortelini .","The have over 100 different beers to offer thier guest so that made my husband very happy and the food was delicious , if I must recommend a dish it must be the pumkin tortelini .",dish,1,positive
They did n't give us the $T$ until we asked for it .,They did n't give us the dinner special until we asked for it .,dinner special,-1,negative
You must have the $T$ which is out of this world and the chocolate bread pudding for dessert .,You must have the crabmeat lasagna which is out of this world and the chocolate bread pudding for dessert .,crabmeat lasagna,1,positive
You must have the crabmeat lasagna which is out of this world and the $T$ for dessert .,You must have the crabmeat lasagna which is out of this world and the chocolate bread pudding for dessert .,chocolate bread pudding,1,positive
You must have the crabmeat lasagna which is out of this world and the chocolate bread pudding for $T$ .,You must have the crabmeat lasagna which is out of this world and the chocolate bread pudding for dessert .,dessert,1,positive
"word of advice , save room for $T$ and never leave until you 've had the tiramisu .","word of advice , save room for pasta dishes and never leave until you 've had the tiramisu .",pasta dishes,1,positive
"word of advice , save room for pasta dishes and never leave until you 've had the $T$ .","word of advice , save room for pasta dishes and never leave until you 've had the tiramisu .",tiramisu,1,positive
Very good $T$ and very good prices .,Very good service and very good prices .,service,1,positive
Very good service and very good $T$ .,Very good service and very good prices .,prices,1,positive
I recently went to this restaurant with some co-workers for $T$ and had an amazing time .,I recently went to this restaurant with some co-workers for lunch and had an amazing time .,lunch,0,neutral
"The $T$ was impeccable and unobtrusive -- the staff knows what they are there to do -- to know their menu , present your meal , and attend to your needs .","The service was impeccable and unobtrusive -- the staff knows what they are there to do -- to know their menu , present your meal , and attend to your needs .",service,1,positive
"The service was impeccable and unobtrusive -- the $T$ knows what they are there to do -- to know their menu , present your meal , and attend to your needs .","The service was impeccable and unobtrusive -- the staff knows what they are there to do -- to know their menu , present your meal , and attend to your needs .",staff,1,positive
"The service was impeccable and unobtrusive -- the staff knows what they are there to do -- to know their $T$ , present your meal , and attend to your needs .","The service was impeccable and unobtrusive -- the staff knows what they are there to do -- to know their menu , present your meal , and attend to your needs .",menu,0,neutral
"The service was impeccable and unobtrusive -- the staff knows what they are there to do -- to know their menu , present your $T$ , and attend to your needs .","The service was impeccable and unobtrusive -- the staff knows what they are there to do -- to know their menu , present your meal , and attend to your needs .",meal,0,neutral
Ess-A-Bagel -LRB- either by Sty-town or midtown -RRB- is by far the best $T$ in NY .,Ess-A-Bagel -LRB- either by Sty-town or midtown -RRB- is by far the best bagel in NY .,bagel,1,positive
Our $T$ was great too !,Our food was great too !,food,1,positive
"The most annoying thing , though , is the fact that the $T$ seem to be trained to drive revenue .","The most annoying thing , though , is the fact that the servers seem to be trained to drive revenue .",servers,-1,negative
"Get your $T$ to go , find a bench , and kick back with a plate of dumplings .","Get your food to go , find a bench , and kick back with a plate of dumplings .",food,0,neutral
"Get your food to go , find a bench , and kick back with a $T$ .","Get your food to go , find a bench , and kick back with a plate of dumplings .",plate of dumplings,1,positive
"Please try the $T$ , its just the most tender piece ever .","Please try the Filet Mignon , its just the most tender piece ever .",Filet Mignon,1,positive
"We were still sitting at the bar while we drank the $T$ , but facing away from the bar when we turned back around , the $ 2 was gone the people next to us said the bartender took it .","We were still sitting at the bar while we drank the sangria , but facing away from the bar when we turned back around , the $ 2 was gone the people next to us said the bartender took it .",sangria,0,neutral
"We were still sitting at the $T$ while we drank the sangria , but facing away from the bar when we turned back around , the $ 2 was gone the people next to us said the bartender took it .","We were still sitting at the bar while we drank the sangria , but facing away from the bar when we turned back around , the $ 2 was gone the people next to us said the bartender took it .",bar,0,neutral
"We were still sitting at the bar while we drank the sangria , but facing away from the $T$ when we turned back around , the $ 2 was gone the people next to us said the bartender took it .","We were still sitting at the bar while we drank the sangria , but facing away from the bar when we turned back around , the $ 2 was gone the people next to us said the bartender took it .",bar,0,neutral
"We were still sitting at the bar while we drank the sangria , but facing away from the bar when we turned back around , the $ 2 was gone the people next to us said the $T$ took it .","We were still sitting at the bar while we drank the sangria , but facing away from the bar when we turned back around , the $ 2 was gone the people next to us said the bartender took it .",bartender,-1,negative
The $T$ should not be overlooked !,The sake menu should not be overlooked !,sake menu,1,positive
the $T$ are amazing and half off till 8pm .,the drinks are amazing and half off till 8pm .,drinks,1,positive
i 've been back to nha trang literally a hundred times for the $T$ - they 're that good .,i 've been back to nha trang literally a hundred times for the beef cubes - they 're that good .,beef cubes,1,positive
"The $T$ , wine selection , ambiance are all outstanding and deserve recognition .","The service , wine selection , ambiance are all outstanding and deserve recognition .",service,1,positive
"The service , $T$ , ambiance are all outstanding and deserve recognition .","The service , wine selection , ambiance are all outstanding and deserve recognition .",wine selection,1,positive
"The service , wine selection , $T$ are all outstanding and deserve recognition .","The service , wine selection , ambiance are all outstanding and deserve recognition .",ambiance,1,positive
"We were seated promptly as we had $T$ , however after that the service was slow .","We were seated promptly as we had reservations , however after that the service was slow .",reservations,1,positive
"We were seated promptly as we had reservations , however after that the $T$ was slow .","We were seated promptly as we had reservations , however after that the service was slow .",service,-1,negative
"It 's really also the $T$ , is good and the waiters are friendly .","It 's really also the service , is good and the waiters are friendly .",service,1,positive
"It 's really also the service , is good and the $T$ are friendly .","It 's really also the service , is good and the waiters are friendly .",waiters,1,positive
"The food was pretty good , but a little flavorless and the portions very small , including $T$ .","The food was pretty good , but a little flavorless and the portions very small , including dessert .",dessert,-1,negative
"The food was pretty good , but a little flavorless and the $T$ very small , including dessert .","The food was pretty good , but a little flavorless and the portions very small , including dessert .",portions,-1,negative
"It is set far from the small street it 's on , and there is no $T$ .","It is set far from the small street it 's on , and there is no traffic noise .",traffic noise,1,positive
Lived in Shanghai most of my life and thought the $T$ was comparable to the flagship Green Bo restaurant there .,Lived in Shanghai most of my life and thought the food was comparable to the flagship Green Bo restaurant there .,food,1,positive
"I highly recommend Cafe St. Bart 's for their $T$ , the ambience and wonderful service .","I highly recommend Cafe St. Bart 's for their food , the ambience and wonderful service .",food,1,positive
"I highly recommend Cafe St. Bart 's for their food , the $T$ and wonderful service .","I highly recommend Cafe St. Bart 's for their food , the ambience and wonderful service .",ambience,1,positive
"I highly recommend Cafe St. Bart 's for their food , the ambience and wonderful $T$ .","I highly recommend Cafe St. Bart 's for their food , the ambience and wonderful service .",service,1,positive
This is a nice restaurant if you are looking for a good place to host an intimate $T$ with business associates .,This is a nice restaurant if you are looking for a good place to host an intimate dinner meeting with business associates .,dinner meeting,0,neutral
All the NYU students love this place so it makes for a fun young $T$ .,All the NYU students love this place so it makes for a fun young atmosphere .,atmosphere,1,positive
The $T$ here does a great service to the name -LRB- Cantonese that is ... -RRB- .,The food here does a great service to the name -LRB- Cantonese that is ... -RRB- .,food,1,positive
The food here does a great service to the name -LRB- $T$ that is ... -RRB- .,The food here does a great service to the name -LRB- Cantonese that is ... -RRB- .,Cantonese,1,positive
"But , nothing stands out about the $T$ .","But , nothing stands out about the cooking .",cooking,0,neutral
Joya used to be a cool spot with decent $T$ and a colorful - if not relaxed - atmosphere .,Joya used to be a cool spot with decent food and a colorful - if not relaxed - atmosphere .,food,1,positive
Joya used to be a cool spot with decent food and a colorful - if not relaxed - $T$ .,Joya used to be a cool spot with decent food and a colorful - if not relaxed - atmosphere .,atmosphere,1,positive
The $T$ is worth every penny and you get more than enough -LRB- both in quantity AND quality -RRB- .,The Prix Fixe menu is worth every penny and you get more than enough -LRB- both in quantity AND quality -RRB- .,Prix Fixe menu,1,positive
The Prix Fixe menu is worth every penny and you get more than enough -LRB- both in $T$ AND quality -RRB- .,The Prix Fixe menu is worth every penny and you get more than enough -LRB- both in quantity AND quality -RRB- .,quantity,1,positive
The Prix Fixe menu is worth every penny and you get more than enough -LRB- both in quantity AND $T$ -RRB- .,The Prix Fixe menu is worth every penny and you get more than enough -LRB- both in quantity AND quality -RRB- .,quality,1,positive
I 've been here 3 times for $T$ and it is one of my favorites in the city .,I 've been here 3 times for lunch and it is one of my favorites in the city .,lunch,0,neutral
"I had their $T$ for brunch , which were the worst in my entire life , I tried removing the hollondaise sauce completely that was how failed it was .","I had their eggs benedict for brunch , which were the worst in my entire life , I tried removing the hollondaise sauce completely that was how failed it was .",eggs benedict,-1,negative
"I had their eggs benedict for brunch , which were the worst in my entire life , I tried removing the $T$ completely that was how failed it was .","I had their eggs benedict for brunch , which were the worst in my entire life , I tried removing the hollondaise sauce completely that was how failed it was .",hollondaise sauce,-1,negative
"I had their eggs benedict for $T$ , which were the worst in my entire life , I tried removing the hollondaise sauce completely that was how failed it was .","I had their eggs benedict for brunch , which were the worst in my entire life , I tried removing the hollondaise sauce completely that was how failed it was .",brunch,0,neutral
"I work near-by , and they have the BEST $T$ in the neighborhood - not a packaged or quick-cooked item .","I work near-by , and they have the BEST oatmeal in the neighborhood - not a packaged or quick-cooked item .",oatmeal,1,positive
Too bad the $T$ was n't of the same heritage .,Too bad the food was n't of the same heritage .,food,-1,negative
"The $T$ looked good , except for offering the Chilean Sea Bass , but the server does not offer up the specials that were written on the board outside .","The menu looked good , except for offering the Chilean Sea Bass , but the server does not offer up the specials that were written on the board outside .",menu,1,positive
"The menu looked good , except for offering the $T$ , but the server does not offer up the specials that were written on the board outside .","The menu looked good , except for offering the Chilean Sea Bass , but the server does not offer up the specials that were written on the board outside .",Chilean Sea Bass,-1,negative
"The menu looked good , except for offering the Chilean Sea Bass , but the $T$ does not offer up the specials that were written on the board outside .","The menu looked good , except for offering the Chilean Sea Bass , but the server does not offer up the specials that were written on the board outside .",server,-1,negative
"The menu looked good , except for offering the Chilean Sea Bass , but the server does not offer up the $T$ that were written on the board outside .","The menu looked good , except for offering the Chilean Sea Bass , but the server does not offer up the specials that were written on the board outside .",specials,0,neutral
"The $T$ was really good , I had the onion soup and it was one of the best ever .","The food was really good , I had the onion soup and it was one of the best ever .",food,1,positive
"The food was really good , I had the $T$ and it was one of the best ever .","The food was really good , I had the onion soup and it was one of the best ever .",onion soup,1,positive
"overall , a solid restaurant and at less than $ 40pp -LRB- including $T$ -RRB- , a solid deal as well .","overall , a solid restaurant and at less than $ 40pp -LRB- including wine -RRB- , a solid deal as well .",wine,0,neutral
"Since it literally is a complete hole in the wall , it 's a bit intimidating at first , but you get over that very quickly as soon as the friendly $T$ welcomes you - do n't hesitate to ask for help with what to get .","Since it literally is a complete hole in the wall , it 's a bit intimidating at first , but you get over that very quickly as soon as the friendly staff welcomes you - do n't hesitate to ask for help with what to get .",staff,1,positive
"Based on the reviews for dinner , this is a place I would reconsider revisiting for that , but definitely not for $T$ again .","Based on the reviews for dinner , this is a place I would reconsider revisiting for that , but definitely not for Dim Sum again .",Dim Sum,-1,negative
"Based on the reviews for $T$ , this is a place I would reconsider revisiting for that , but definitely not for Dim Sum again .","Based on the reviews for dinner , this is a place I would reconsider revisiting for that , but definitely not for Dim Sum again .",dinner,1,positive
"It costs $ 2 extra to turn a regular $T$ into an inside-out roll , but the roll more than triples in size , and that 's not just from the rice .","It costs $ 2 extra to turn a regular roll into an inside-out roll , but the roll more than triples in size , and that 's not just from the rice .",roll,-1,negative
"It costs $ 2 extra to turn a regular roll into an inside-out $T$ , but the roll more than triples in size , and that 's not just from the rice .","It costs $ 2 extra to turn a regular roll into an inside-out roll , but the roll more than triples in size , and that 's not just from the rice .",roll,-1,negative
"It costs $ 2 extra to turn a regular roll into an inside-out roll , but the $T$ more than triples in size , and that 's not just from the rice .","It costs $ 2 extra to turn a regular roll into an inside-out roll , but the roll more than triples in size , and that 's not just from the rice .",roll,-1,negative
"It costs $ 2 extra to turn a regular roll into an inside-out roll , but the roll more than triples in size , and that 's not just from the $T$ .","It costs $ 2 extra to turn a regular roll into an inside-out roll , but the roll more than triples in size , and that 's not just from the rice .",rice,0,neutral
"When he finally did , he was unable to make a $T$ -- could n't find tonic .","When he finally did , he was unable to make a gin and tonic -- could n't find tonic .",gin and tonic,0,neutral
"When he finally did , he was unable to make a gin and tonic -- could n't find $T$ .","When he finally did , he was unable to make a gin and tonic -- could n't find tonic .",tonic,0,neutral
"The $T$ is ok but does n't taste that fresh , and the little dishes do n't look steamy hot as they should -LRB- also note lack of Chinese here -RRB- .","The dim sum is ok but does n't taste that fresh , and the little dishes do n't look steamy hot as they should -LRB- also note lack of Chinese here -RRB- .",dim sum,-1,negative
"The dim sum is ok but does n't taste that fresh , and the $T$ do n't look steamy hot as they should -LRB- also note lack of Chinese here -RRB- .","The dim sum is ok but does n't taste that fresh , and the little dishes do n't look steamy hot as they should -LRB- also note lack of Chinese here -RRB- .",little dishes,-1,negative
"The $T$ is ok , some of the people did n't get what they asked for .","The service is ok , some of the people did n't get what they asked for .",service,0,neutral
If you want good authentic $T$ this place is not the place to go .,If you want good authentic Thai this place is not the place to go .,Thai,-1,negative
I recommend getting a $T$ even though we saw people seated without one .,I recommend getting a reservation even though we saw people seated without one .,reservation,0,neutral
The only thing I moderately enjoyed was their $T$ .,The only thing I moderately enjoyed was their Grilled Chicken special with Edamame Puree .,Grilled Chicken special with Edamame Puree,0,neutral
"If you want some $T$ , pork or chicken on rice with ginger , try them out !","If you want some roast duck , pork or chicken on rice with ginger , try them out !",roast duck,1,positive
"If you want some roast duck , $T$ or chicken on rice with ginger , try them out !","If you want some roast duck , pork or chicken on rice with ginger , try them out !",pork,1,positive
"If you want some roast duck , pork or $T$ , try them out !","If you want some roast duck , pork or chicken on rice with ginger , try them out !",chicken on rice with ginger,1,positive
"You order from a $T$ , so you leave feeling like you missed the full experience .","You order from a menu , so you leave feeling like you missed the full experience .",menu,-1,negative
$T$ is very accomodating .,Staff is very accomodating .,Staff,1,positive
I went to Del Frisco 's Friday night with my boyfriend for an 8:00 $T$ .,I went to Del Frisco 's Friday night with my boyfriend for an 8:00 reservation .,reservation,0,neutral
yourself a favor and have $T$ here and see if you dont agree with me .,yourself a favor and have dinner here and see if you dont agree with me .,dinner,0,neutral
Very popular style Izakaya -LRB- $T$ and small portion of sake-friendly dishes -RRB- .,Very popular style Izakaya -LRB- Sake and small portion of sake-friendly dishes -RRB- .,Sake,1,positive
Very popular style Izakaya -LRB- Sake and small portion of sake-friendly $T$ -RRB- .,Very popular style Izakaya -LRB- Sake and small portion of sake-friendly dishes -RRB- .,dishes,1,positive
Very popular style Izakaya -LRB- Sake and small $T$ of sake-friendly dishes -RRB- .,Very popular style Izakaya -LRB- Sake and small portion of sake-friendly dishes -RRB- .,portion,0,neutral
"The $T$ was terrific and the service classy , attentive , without being overbearing .","The food was terrific and the service classy , attentive , without being overbearing .",food,1,positive
"The food was terrific and the $T$ classy , attentive , without being overbearing .","The food was terrific and the service classy , attentive , without being overbearing .",service,1,positive
This is an amazing place to try some $T$ .,This is an amazing place to try some roti rolls .,roti rolls,1,positive
Fresh $T$ and everything is made to order .,Fresh ingredients and everything is made to order .,ingredients,1,positive
"We have never had any problems with charging the $T$ or the tip , and the food was delivered quickly , but we live only a few minutes walk from them .","We have never had any problems with charging the meal or the tip , and the food was delivered quickly , but we live only a few minutes walk from them .",meal,1,positive
"We have never had any problems with charging the meal or the tip , and the $T$ was delivered quickly , but we live only a few minutes walk from them .","We have never had any problems with charging the meal or the tip , and the food was delivered quickly , but we live only a few minutes walk from them .",food,1,positive
"We have never had any problems with charging the meal or the $T$ , and the food was delivered quickly , but we live only a few minutes walk from them .","We have never had any problems with charging the meal or the tip , and the food was delivered quickly , but we live only a few minutes walk from them .",tip,1,positive
Quick and friendly $T$ .,Quick and friendly service .,service,1,positive
"They are tasty , but I suggest only eating one with $T$ because they tend not to mesh that well with the average American digestive system .","They are tasty , but I suggest only eating one with meat because they tend not to mesh that well with the average American digestive system .",meat,0,neutral
"Try the $T$ too , they 're snappy and delicious .","Try the hot dogs too , they 're snappy and delicious .",hot dogs,1,positive
$T$ is fast too .,Delivery is fast too .,Delivery,1,positive
"The $T$ was unbearable , conversation impossible .","The noise level was unbearable , conversation impossible .",noise level,-1,negative
$T$ are the perfect size for those hungry nights .,Personal pans are the perfect size for those hungry nights .,Personal pans,1,positive
Highly recommended is the $T$ and Spider Rolls .,Highly recommended is the Spicy Fried Clam Rolls and Spider Rolls .,Spicy Fried Clam Rolls,1,positive
Highly recommended is the Spicy Fried Clam Rolls and $T$ .,Highly recommended is the Spicy Fried Clam Rolls and Spider Rolls .,Spider Rolls,1,positive
One of the earlier people commenting on the restaurant did not get the that some experimenting is going on with the $T$ in a positive way .,One of the earlier people commenting on the restaurant did not get the that some experimenting is going on with the menu in a positive way .,menu,1,positive
The $T$ is great if your looking for a laid back scene and an inexpensive way to spend a weekend afternoon .,The atmosphere is great if your looking for a laid back scene and an inexpensive way to spend a weekend afternoon .,atmosphere,1,positive
"Odd for Ave B , not just odd , The $T$ attracts an eclectic crowd to say the least .","Odd for Ave B , not just odd , The place attracts an eclectic crowd to say the least .",place,1,positive
Instead of wasting your time here : SUPPORT RESTAURANTS THAT CARE ABOUT $T$ .,Instead of wasting your time here : SUPPORT RESTAURANTS THAT CARE ABOUT FOOD .,FOOD,0,neutral
just got back from $T$ at Tamarind and it was excellent .,just got back from lunch at Tamarind and it was excellent .,lunch,1,positive
"head and shoulders above its neighboors on east 6 st , taj mahal is also very comparable , in $T$ , to the much overpraised -LRB- and underdeserving -RRB- baluchi 's .","head and shoulders above its neighboors on east 6 st , taj mahal is also very comparable , in food quality , to the much overpraised -LRB- and underdeserving -RRB- baluchi 's .",food quality,1,positive
"The $T$ that was hosting promised to save a table for our party of 7 , then sat a party of 2 at the very table he was saving -LRB- mean while there were boths open all around -RRB- .","The man that was hosting promised to save a table for our party of 7 , then sat a party of 2 at the very table he was saving -LRB- mean while there were boths open all around -RRB- .",man,-1,negative
"The man that was hosting promised to save a $T$ for our party of 7 , then sat a party of 2 at the very table he was saving -LRB- mean while there were boths open all around -RRB- .","The man that was hosting promised to save a table for our party of 7 , then sat a party of 2 at the very table he was saving -LRB- mean while there were boths open all around -RRB- .",table,0,neutral
"The man that was hosting promised to save a table for our party of 7 , then sat a party of 2 at the very $T$ he was saving -LRB- mean while there were boths open all around -RRB- .","The man that was hosting promised to save a table for our party of 7 , then sat a party of 2 at the very table he was saving -LRB- mean while there were boths open all around -RRB- .",table,-1,negative
Try the $T$ !,Try the cheesecake !,cheesecake,1,positive
As we were sitting eating the subpar $T$ the manager proceeded to berate a couple of his employees for putting out the wrong containers for condiments and explained to them how expensive these containers were .,As we were sitting eating the subpar food the manager proceeded to berate a couple of his employees for putting out the wrong containers for condiments and explained to them how expensive these containers were .,food,-1,negative
As we were sitting eating the subpar food the manager proceeded to berate a couple of his $T$ for putting out the wrong containers for condiments and explained to them how expensive these containers were .,As we were sitting eating the subpar food the manager proceeded to berate a couple of his employees for putting out the wrong containers for condiments and explained to them how expensive these containers were .,employees,-1,negative
As we were sitting eating the subpar food the manager proceeded to berate a couple of his employees for putting out the wrong $T$ and explained to them how expensive these containers were .,As we were sitting eating the subpar food the manager proceeded to berate a couple of his employees for putting out the wrong containers for condiments and explained to them how expensive these containers were .,containers for condiments,-1,negative
As we were sitting eating the subpar food the manager proceeded to berate a couple of his employees for putting out the wrong containers for condiments and explained to them how expensive these $T$ were .,As we were sitting eating the subpar food the manager proceeded to berate a couple of his employees for putting out the wrong containers for condiments and explained to them how expensive these containers were .,containers,0,neutral
As we were sitting eating the subpar food the $T$ proceeded to berate a couple of his employees for putting out the wrong containers for condiments and explained to them how expensive these containers were .,As we were sitting eating the subpar food the manager proceeded to berate a couple of his employees for putting out the wrong containers for condiments and explained to them how expensive these containers were .,manager,-1,negative
Great $T$ and the service is incredible .,Great Indian food and the service is incredible .,Indian food,1,positive
Great Indian food and the $T$ is incredible .,Great Indian food and the service is incredible .,service,1,positive
"$T$ is nice and minimalist , food simple yet very well presented and cooked , and the wine list matches the food very well .","Decor is nice and minimalist , food simple yet very well presented and cooked , and the wine list matches the food very well .",Decor,1,positive
"Decor is nice and minimalist , $T$ simple yet very well presented and cooked , and the wine list matches the food very well .","Decor is nice and minimalist , food simple yet very well presented and cooked , and the wine list matches the food very well .",food,1,positive
"Decor is nice and minimalist , food simple yet very well presented and cooked , and the $T$ matches the food very well .","Decor is nice and minimalist , food simple yet very well presented and cooked , and the wine list matches the food very well .",wine list,1,positive
"Decor is nice and minimalist , food simple yet very well presented and cooked , and the wine list matches the $T$ very well .","Decor is nice and minimalist , food simple yet very well presented and cooked , and the wine list matches the food very well .",food,0,neutral
"I had the salmon dish and while it was fine , for the price paid , I expected it to have some type of $T$ .","I had the salmon dish and while it was fine , for the price paid , I expected it to have some type of flavor .",flavor,-1,negative
"I had the salmon dish and while it was fine , for the $T$ paid , I expected it to have some type of flavor .","I had the salmon dish and while it was fine , for the price paid , I expected it to have some type of flavor .",price,0,neutral
We ordered a $T$ - it came with out cheese which just made it a tuna sandwich .,We ordered a tuna melt - it came with out cheese which just made it a tuna sandwich .,tuna melt,-1,negative
We ordered a tuna melt - it came with out $T$ which just made it a tuna sandwich .,We ordered a tuna melt - it came with out cheese which just made it a tuna sandwich .,cheese,0,neutral
We ordered a tuna melt - it came with out cheese which just made it a $T$ .,We ordered a tuna melt - it came with out cheese which just made it a tuna sandwich .,tuna sandwich,-1,negative
"Especially liked $T$ and the naan , and the dals .","Especially liked chicken tikka and the naan , and the dals .",chicken tikka,1,positive
"Especially liked chicken tikka and the $T$ , and the dals .","Especially liked chicken tikka and the naan , and the dals .",naan,1,positive
"Especially liked chicken tikka and the naan , and the $T$ .","Especially liked chicken tikka and the naan , and the dals .",dals,1,positive
The $T$ were not attentive except that the bill turned up on the table before we were finished .,The waiters were not attentive except that the bill turned up on the table before we were finished .,waiters,-1,negative
The waiters were not attentive except that the $T$ turned up on the table before we were finished .,The waiters were not attentive except that the bill turned up on the table before we were finished .,bill,-1,negative
The restaurant looks out over beautiful green $T$ to the Hudson River and the Statue of Liberty .,The restaurant looks out over beautiful green lawns to the Hudson River and the Statue of Liberty .,lawns,1,positive
The $T$ was pretty tasty and good on a hot muggy day .,The sangria was pretty tasty and good on a hot muggy day .,sangria,1,positive
Do n't eat here unless you 're starving for $T$ and you work next door .,Do n't eat here unless you 're starving for thai food and you work next door .,thai food,-1,negative
"For the people who want great $T$ plus great service , Roxy is a place to AVOID !","For the people who want great food plus great service , Roxy is a place to AVOID !",food,-1,negative
"For the people who want great food plus great $T$ , Roxy is a place to AVOID !","For the people who want great food plus great service , Roxy is a place to AVOID !",service,-1,negative
I had the best $T$ ever .,I had the best ravioli ever .,ravioli,1,positive
Ive been here a bunch of times now and the $T$ is always outstanding .,Ive been here a bunch of times now and the service is always outstanding .,service,1,positive
The $T$ is approximately $ 25 for 2 at lunch without drinks .,The bill is approximately $ 25 for 2 at lunch without drinks .,bill,0,neutral
The bill is approximately $ 25 for 2 at $T$ without drinks .,The bill is approximately $ 25 for 2 at lunch without drinks .,lunch,0,neutral
The bill is approximately $ 25 for 2 at lunch without $T$ .,The bill is approximately $ 25 for 2 at lunch without drinks .,drinks,0,neutral
"Quite frankly , this is some of the worst $T$ I have ever tried .","Quite frankly , this is some of the worst sushi I have ever tried .",sushi,-1,negative
"The $T$ is great , service is ok .","The food is great , service is ok .",food,1,positive
"The food is great , $T$ is ok .","The food is great , service is ok .",service,0,neutral
"The overall $T$ was very very expensive , something I did expect .","The overall price tag was very very expensive , something I did expect .",price tag,-1,negative
"Spice is great $T$ , love the inexpensive appetizers .","Spice is great Thai food , love the inexpensive appetizers .",Thai food,1,positive
"Spice is great Thai food , love the inexpensive $T$ .","Spice is great Thai food , love the inexpensive appetizers .",appetizers,1,positive
The $T$ was attentive .,The service was attentive .,service,1,positive
"He not only makes his own homemade $T$ , but every pie is ultra fresh .","He not only makes his own homemade mozzarella , but every pie is ultra fresh .",mozzarella,1,positive
"He not only makes his own homemade mozzarella , but every $T$ is ultra fresh .","He not only makes his own homemade mozzarella , but every pie is ultra fresh .",pie,1,positive
$T$ was overdone .,Fish was overdone .,Fish,-1,negative
"When you 're sitting in their $T$ -LRB- which has a spectacular , hand-painted high ceiling -RRB- you 'd never know there was a world outside .","When you 're sitting in their main dining room -LRB- which has a spectacular , hand-painted high ceiling -RRB- you 'd never know there was a world outside .",main dining room,1,positive
"When you 're sitting in their main dining room -LRB- which has a spectacular , hand-painted high $T$ -RRB- you 'd never know there was a world outside .","When you 're sitting in their main dining room -LRB- which has a spectacular , hand-painted high ceiling -RRB- you 'd never know there was a world outside .",ceiling,1,positive
We visited Bread Bar during January restaurant week and were so pleased with the $T$ and service .,We visited Bread Bar during January restaurant week and were so pleased with the menu selections and service .,menu selections,1,positive
We visited Bread Bar during January restaurant week and were so pleased with the menu selections and $T$ .,We visited Bread Bar during January restaurant week and were so pleased with the menu selections and service .,service,1,positive
also make sure you pay attention to the $T$ being piped in - quite a weird selection .,also make sure you pay attention to the music being piped in - quite a weird selection .,music,0,neutral
The $T$ scores big points in presentation and style .,The establishment scores big points in presentation and style .,establishment,1,positive
Good $T$ .,Good food .,food,1,positive
"The $T$ is very friendly , if not overly efficient .","The wait staff is very friendly , if not overly efficient .",wait staff,1,positive
The $T$ however was very good .,The dim sum however was very good .,dim sum,1,positive
$T$ has always been friendly and efficient .,Service has always been friendly and efficient .,Service,1,positive
Went there and had a combination of different $T$ and appetizers .,Went there and had a combination of different seafood dishes and appetizers .,seafood dishes,0,neutral
Went there and had a combination of different seafood dishes and $T$ .,Went there and had a combination of different seafood dishes and appetizers .,appetizers,0,neutral
Its a great place for a casual date or to entertain clients for $T$ .,Its a great place for a casual date or to entertain clients for lunch .,lunch,0,neutral
All we received was an apology as we left to see our show without $T$ .,All we received was an apology as we left to see our show without dinner .,dinner,0,neutral
The table next to us asked if he crushed the grapes himself when their long overdue $T$ finally arrived .,The table next to us asked if he crushed the grapes himself when their long overdue bottle of wine finally arrived .,bottle of wine,0,neutral
The table next to us asked if he crushed the $T$ himself when their long overdue bottle of wine finally arrived .,The table next to us asked if he crushed the grapes himself when their long overdue bottle of wine finally arrived .,grapes,0,neutral
$T$ are very good .,Prices are very good .,Prices,1,positive
"We could not catch our $T$ 's eye , and he ignored us .","We could not catch our waiter 's eye , and he ignored us .",waiter,-1,negative
Plain and simple it 's bad $T$ .,Plain and simple it 's bad thai food .,thai food,-1,negative
Usually 3 vs. 4 items per $T$ .,Usually 3 vs. 4 items per dish .,dish,0,neutral
"While certain staples are excellent -LRB- the $T$ , some of the pastas -RRB- , the food is not really the point .","While certain staples are excellent -LRB- the burger , some of the pastas -RRB- , the food is not really the point .",burger,1,positive
"While certain staples are excellent -LRB- the burger , some of the $T$ -RRB- , the food is not really the point .","While certain staples are excellent -LRB- the burger , some of the pastas -RRB- , the food is not really the point .",pastas,1,positive
"While certain staples are excellent -LRB- the burger , some of the pastas -RRB- , the $T$ is not really the point .","While certain staples are excellent -LRB- the burger , some of the pastas -RRB- , the food is not really the point .",food,0,neutral
"While certain $T$ are excellent -LRB- the burger , some of the pastas -RRB- , the food is not really the point .","While certain staples are excellent -LRB- the burger , some of the pastas -RRB- , the food is not really the point .",staples,1,positive
"The $T$ was so-so , but not spectacular .","The Dim Sum was so-so , but not spectacular .",Dim Sum,0,neutral
The $T$ was so-so .,The food was so-so .,food,0,neutral
"The $T$ , seems to be more concerned of looking good than actually waitressing .","The waitress , seems to be more concerned of looking good than actually waitressing .",waitress,-1,negative
"The place is larger than most and features adequate $T$ unlike most joints , and has a bar which deserves a mention .","The place is larger than most and features adequate seating unlike most joints , and has a bar which deserves a mention .",seating,1,positive
"The place is larger than most and features adequate seating unlike most joints , and has a $T$ which deserves a mention .","The place is larger than most and features adequate seating unlike most joints , and has a bar which deserves a mention .",bar,1,positive
"The $T$ is larger than most and features adequate seating unlike most joints , and has a bar which deserves a mention .","The place is larger than most and features adequate seating unlike most joints , and has a bar which deserves a mention .",place,1,positive
Threw my fiance 's surprise 30th birthday $T$ here could n't be happier .,Threw my fiance 's surprise 30th birthday dinner here could n't be happier .,dinner,0,neutral
$T$ - awesome .,Food - awesome .,Food,1,positive
"good $T$ , great food , speedy service affordable prices .","good music , great food , speedy service affordable prices .",music,1,positive
"good music , great $T$ , speedy service affordable prices .","good music , great food , speedy service affordable prices .",food,1,positive
"good music , great food , speedy $T$ affordable prices .","good music , great food , speedy service affordable prices .",service,1,positive
"good music , great food , speedy service affordable $T$ .","good music , great food , speedy service affordable prices .",prices,1,positive
The lobster sandwich is $ 24 and although it was good it was not nearly enough to warrant that $T$ .,The lobster sandwich is $ 24 and although it was good it was not nearly enough to warrant that price .,price,-1,negative
"May , the $T$ always has a smile on her and will warmly greet you .","May , the owner always has a smile on her and will warmly greet you .",owner,1,positive
The $T$ were ok and incredibly salty .,The sides were ok and incredibly salty .,sides,-1,negative
"For some reason , all the $T$ on the menu was unavailable except for the Salmon .","For some reason , all the seafood on the menu was unavailable except for the Salmon .",seafood,-1,negative
"For some reason , all the seafood on the $T$ was unavailable except for the Salmon .","For some reason , all the seafood on the menu was unavailable except for the Salmon .",menu,-1,negative
"For some reason , all the seafood on the menu was unavailable except for the $T$ .","For some reason , all the seafood on the menu was unavailable except for the Salmon .",Salmon,0,neutral
"The $T$ were excellent , and the dessert was good .","The beverages were excellent , and the dessert was good .",beverages,1,positive
"The beverages were excellent , and the $T$ was good .","The beverages were excellent , and the dessert was good .",dessert,1,positive
The $T$ and the waitress were incredibly rude and did everything they could to rush us out .,The hostess and the waitress were incredibly rude and did everything they could to rush us out .,hostess,-1,negative
The hostess and the $T$ were incredibly rude and did everything they could to rush us out .,The hostess and the waitress were incredibly rude and did everything they could to rush us out .,waitress,-1,negative
"Next time , we would n't dare ordering anything else other than some simple $T$ and drinks .","Next time , we would n't dare ordering anything else other than some simple Asian appetizers and drinks .",Asian appetizers,1,positive
"Next time , we would n't dare ordering anything else other than some simple Asian appetizers and $T$ .","Next time , we would n't dare ordering anything else other than some simple Asian appetizers and drinks .",drinks,1,positive
"Please if your thinking about it go , and stay the $T$ you wo n't be disappointed .","Please if your thinking about it go , and stay the wait you wo n't be disappointed .",wait,-1,negative
I must say the $T$ of NYC is so beautiful !,I must say the view of NYC is so beautiful !,view,1,positive
"If you 'd like to have a nice light $T$ with an asian accent , Long Tan is a good place on the slope .","If you 'd like to have a nice light meal with an asian accent , Long Tan is a good place on the slope .",meal,1,positive
"When going out for a nice $T$ , I like a nice ambiance as well as very good food .","When going out for a nice dinner , I like a nice ambiance as well as very good food .",dinner,1,positive
"When going out for a nice dinner , I like a nice $T$ as well as very good food .","When going out for a nice dinner , I like a nice ambiance as well as very good food .",ambiance,1,positive
"When going out for a nice dinner , I like a nice ambiance as well as very good $T$ .","When going out for a nice dinner , I like a nice ambiance as well as very good food .",food,1,positive
"Otherwise , this place has great $T$ and prices and a nice friendly atmosphere .","Otherwise , this place has great service and prices and a nice friendly atmosphere .",service,1,positive
"Otherwise , this place has great service and $T$ and a nice friendly atmosphere .","Otherwise , this place has great service and prices and a nice friendly atmosphere .",prices,1,positive
"Otherwise , this place has great service and prices and a nice friendly $T$ .","Otherwise , this place has great service and prices and a nice friendly atmosphere .",atmosphere,1,positive
Highly recommend this as great value for excellent $T$ and service .,Highly recommend this as great value for excellent sushi and service .,sushi,1,positive
Highly recommend this as great value for excellent sushi and $T$ .,Highly recommend this as great value for excellent sushi and service .,service,1,positive
Highly recommend this as great $T$ for excellent sushi and service .,Highly recommend this as great value for excellent sushi and service .,value,1,positive
This place would be so much better served by being run by a group that actually understands customer $T$ .,This place would be so much better served by being run by a group that actually understands customer service .,service,-1,negative
This place would be so much better $T$ by being run by a group that actually understands customer service .,This place would be so much better served by being run by a group that actually understands customer service .,served,-1,negative
A + + The $T$ was good to excellent along with the attitude .,A + + The service was good to excellent along with the attitude .,service,1,positive
A + + The service was good to excellent along with the $T$ .,A + + The service was good to excellent along with the attitude .,attitude,1,positive
The $T$ is awesome - definitely try the striped bass .,The food is awesome - definitely try the striped bass .,food,1,positive
The food is awesome - definitely try the $T$ .,The food is awesome - definitely try the striped bass .,striped bass,1,positive
"The music does get a little loud at times , but it just made me want to lean closer to my beautiful wife , and as I did , I got a whiff of $T$ .","The music does get a little loud at times , but it just made me want to lean closer to my beautiful wife , and as I did , I got a whiff of corriander .",corriander,0,neutral
$T$ came out good also .,black white shakes came out good also .,black white shakes,1,positive
It 's simply the best $T$ in NYC .,It 's simply the best meal in NYC .,meal,1,positive
After passing by this restaurant for sometime I finally decided to go in and have $T$ .,After passing by this restaurant for sometime I finally decided to go in and have dinner .,dinner,0,neutral
"The $T$ was if they were trying to get the maximum amount of people into the restaurant , so be nice to your neighbor when you dine here .","The seating was if they were trying to get the maximum amount of people into the restaurant , so be nice to your neighbor when you dine here .",seating,-1,negative
I ordered the $T$ and my friend ordered the pad thai chicken .,I ordered the chu chu curry and my friend ordered the pad thai chicken .,chu chu curry,0,neutral
I ordered the chu chu curry and my friend ordered the $T$ .,I ordered the chu chu curry and my friend ordered the pad thai chicken .,pad thai chicken,0,neutral
We go on Mondays for the prix fixe and our experience with the $T$ has been comparable to Blue Ribbon .,We go on Mondays for the prix fixe and our experience with the food has been comparable to Blue Ribbon .,food,0,neutral
We go on Mondays for the $T$ and our experience with the food has been comparable to Blue Ribbon .,We go on Mondays for the prix fixe and our experience with the food has been comparable to Blue Ribbon .,prix fixe,0,neutral
"However , they 've got the most amazing $T$ and the soups hit the spot .","However , they 've got the most amazing pastrami and the soups hit the spot .",pastrami,1,positive
"However , they 've got the most amazing pastrami and the $T$ hit the spot .","However , they 've got the most amazing pastrami and the soups hit the spot .",soups,1,positive
Great $T$ made the old-fashioned way .,Great bagels made the old-fashioned way .,bagels,1,positive
"This is some really good , inexpensive $T$ .","This is some really good , inexpensive sushi .",sushi,1,positive
"my personal favorite is an everything $T$ , but all the bagles are unbeliavably good .","my personal favorite is an everything bagel with lox spread , but all the bagles are unbeliavably good .",bagel with lox spread,1,positive
"my personal favorite is an everything bagel with lox spread , but all the $T$ are unbeliavably good .","my personal favorite is an everything bagel with lox spread , but all the bagles are unbeliavably good .",bagles,1,positive
"I would n't even have complained at all if the $T$ at least tasted good but the quality of food was crappy , too .","I would n't even have complained at all if the food at least tasted good but the quality of food was crappy , too .",food,-1,negative
"I would n't even have complained at all if the food at least tasted good but the $T$ was crappy , too .","I would n't even have complained at all if the food at least tasted good but the quality of food was crappy , too .",quality of food,-1,negative
For the next hour and a half we stood in the crowded $T$ of this touristy restaurant listening to all types of explanations of why we were not being seated .,For the next hour and a half we stood in the crowded lobby area of this touristy restaurant listening to all types of explanations of why we were not being seated .,lobby area,-1,negative
For the next hour and a half we stood in the crowded lobby area of this touristy restaurant listening to all types of explanations of why we were not being $T$ .,For the next hour and a half we stood in the crowded lobby area of this touristy restaurant listening to all types of explanations of why we were not being seated .,seated,-1,negative
The $T$ is delicious and the proprietor is one of the nicest in NYC .,The pizza is delicious and the proprietor is one of the nicest in NYC .,pizza,1,positive
The pizza is delicious and the $T$ is one of the nicest in NYC .,The pizza is delicious and the proprietor is one of the nicest in NYC .,proprietor,1,positive
"Also good for client $T$ , esp .","Also good for client lunch meetings , esp .",lunch meetings,0,neutral
"The $T$ is dark , cool and soothing , while the food 's presentation is spectacular , considering the low prices .","The decor is dark , cool and soothing , while the food 's presentation is spectacular , considering the low prices .",decor,1,positive
"The decor is dark , cool and soothing , while the food 's presentation is spectacular , considering the low $T$ .","The decor is dark , cool and soothing , while the food 's presentation is spectacular , considering the low prices .",prices,1,positive
"The decor is dark , cool and soothing , while the $T$ is spectacular , considering the low prices .","The decor is dark , cool and soothing , while the food's presentation is spectacular , considering the low prices .",food's presentation,1,positive
The $T$ were very nice and suggested swordfish for my husband he enjoyed his meal .,The Waitstaff were very nice and suggested swordfish for my husband he enjoyed his meal .,Waitstaff,1,positive
The Waitstaff were very nice and suggested $T$ for my husband he enjoyed his meal .,The Waitstaff were very nice and suggested swordfish for my husband he enjoyed his meal .,swordfish,1,positive
The Waitstaff were very nice and suggested swordfish for my husband he enjoyed his $T$ .,The Waitstaff were very nice and suggested swordfish for my husband he enjoyed his meal .,meal,1,positive
The $T$ is casual and romantic .,The setting is casual and romantic .,setting,1,positive
"Terrible , terrible $T$ - deserves to be shut-down .","Terrible , terrible management - deserves to be shut-down .",management,-1,negative
"Great friendly $T$ , Fast seating , Fast Delivery , Excellent sushi .","Great friendly service , Fast seating , Fast Delivery , Excellent sushi .",service,1,positive
"Great friendly service , Fast $T$ , Fast Delivery , Excellent sushi .","Great friendly service , Fast seating , Fast Delivery , Excellent sushi .",seating,1,positive
"Great friendly service , Fast seating , Fast $T$ , Excellent sushi .","Great friendly service , Fast seating , Fast Delivery , Excellent sushi .",Delivery,1,positive
"Great friendly service , Fast seating , Fast Delivery , Excellent $T$ .","Great friendly service , Fast seating , Fast Delivery , Excellent sushi .",sushi,1,positive
The $T$ are more appealing then stuffy overpriced French restaurants .,The desserts are more appealing then stuffy overpriced French restaurants .,desserts,1,positive
"The $T$ has flavor -LRB- that can be sort of surprising on the UES -RRB- , and the service turns from a nightmare to attentive , they sort of remind me of the NY Yankees of the late 90 's , no matter how bad it look , you knew that there was a rally just around the corner ...","The Italian food has flavor -LRB- that can be sort of surprising on the UES -RRB- , and the service turns from a nightmare to attentive , they sort of remind me of the NY Yankees of the late 90 's , no matter how bad it look , you knew that there was a rally just around the corner ...",Italian food,1,positive
"I found the $T$ to be outstanding , particulary the salmon dish I had .","I found the food to be outstanding , particulary the salmon dish I had .",food,1,positive
"I found the food to be outstanding , particulary the $T$ I had .","I found the food to be outstanding , particulary the salmon dish I had .",salmon dish,1,positive
Mizu is home to creative and unique $T$ not to found anywhere else .,Mizu is home to creative and unique rolls not to found anywhere else .,rolls,1,positive
Baluchi 's has solid $T$ and a nice decor at reasonable prices .,Baluchi 's has solid food and a nice decor at reasonable prices .,food,1,positive
Baluchi 's has solid food and a nice $T$ at reasonable prices .,Baluchi 's has solid food and a nice decor at reasonable prices .,decor,1,positive
Baluchi 's has solid food and a nice decor at reasonable $T$ .,Baluchi 's has solid food and a nice decor at reasonable prices .,prices,1,positive
"Emilio , the $T$ , is often sitting in the front table greeting guests as they come and go .","Emilio , the owner , is often sitting in the front table greeting guests as they come and go .",owner,1,positive
I have been to spice three times - twice during $T$ and once at dinner .,I have been to spice three times - twice during lunch and once at dinner .,lunch,0,neutral
I have been to spice three times - twice during lunch and once at $T$ .,I have been to spice three times - twice during lunch and once at dinner .,dinner,0,neutral
"$T$ were excellent , lobster ravioli was VERY salty !","Moules were excellent , lobster ravioli was VERY salty !",Moules,1,positive
"Moules were excellent , $T$ was VERY salty !","Moules were excellent , lobster ravioli was VERY salty !",lobster ravioli,-1,negative
"A cheap eat for NYC , but not for $T$ .","A cheap eat for NYC , but not for dosa .",dosa,-1,negative
"A cheap $T$ for NYC , but not for dosa .","A cheap eat for NYC , but not for dosa .",eat,1,positive
The $T$ is noisy and the waiters are literally walking around doing things as fast as they can .,The atmosphere is noisy and the waiters are literally walking around doing things as fast as they can .,atmosphere,-1,negative
"The $T$ is amazing , there 's a good wine list , and the ever-changing menu always offers some great surprises .","The seafood is amazing , there 's a good wine list , and the ever-changing menu always offers some great surprises .",seafood,1,positive
"The seafood is amazing , there 's a good $T$ , and the ever-changing menu always offers some great surprises .","The seafood is amazing , there 's a good wine list , and the ever-changing menu always offers some great surprises .",wine list,1,positive
"The seafood is amazing , there 's a good wine list , and the ever-changing $T$ always offers some great surprises .","The seafood is amazing , there 's a good wine list , and the ever-changing menu always offers some great surprises .",menu,1,positive
i do n't usually order $T$ with indian so i ca n't comment on their wine list or their wines .,i do n't usually order wine with indian so i ca n't comment on their wine list or their wines .,wine,0,neutral
i do n't usually order wine with $T$ so i ca n't comment on their wine list or their wines .,i do n't usually order wine with indian so i ca n't comment on their wine list or their wines .,indian,0,neutral
i do n't usually order wine with indian so i ca n't comment on their $T$ or their wines .,i do n't usually order wine with indian so i ca n't comment on their wine list or their wines .,wine list,0,neutral
i do n't usually order wine with indian so i ca n't comment on their wine list or their $T$ .,i do n't usually order wine with indian so i ca n't comment on their wine list or their wines .,wines,0,neutral
$T$ are juicy and piled high -LRB- ask for extra rye bread -RRB- .,Pastrami or corned beef are juicy and piled high -LRB- ask for extra rye bread -RRB- .,Pastrami or corned beef,1,positive
Pastrami or corned beef are juicy and piled high -LRB- ask for extra $T$ -RRB- .,Pastrami or corned beef are juicy and piled high -LRB- ask for extra rye bread -RRB- .,rye bread,1,positive
"-LRB- $ 200 for 2 $T$ , not too expensive bottle of wine and 2 after dinner drinks -RRB- .","-LRB- $ 200 for 2 glasses of champagne , not too expensive bottle of wine and 2 after dinner drinks -RRB- .",glasses of champagne,-1,negative
"-LRB- $ 200 for 2 glasses of champagne , not too expensive $T$ and 2 after dinner drinks -RRB- .","-LRB- $ 200 for 2 glasses of champagne , not too expensive bottle of wine and 2 after dinner drinks -RRB- .",bottle of wine,-1,negative
"-LRB- $ 200 for 2 glasses of champagne , not too expensive bottle of wine and 2 $T$ -RRB- .","-LRB- $ 200 for 2 glasses of champagne , not too expensive bottle of wine and 2 after dinner drinks -RRB- .",after dinner drinks,-1,negative
"Really though , where 's the $T$ ?","Really though , where 's the seasoning ?",seasoning,-1,negative
"The $T$ was just OK , at least for what food was available .","The food was just OK , at least for what food was available .",food,0,neutral
"The food was just OK , at least for what $T$ was available .","The food was just OK , at least for what food was available .",food,-1,negative
The $T$ was very patient with us and the food is phenomenal !,The waitress was very patient with us and the food is phenomenal !,waitress,1,positive
The waitress was very patient with us and the $T$ is phenomenal !,The waitress was very patient with us and the food is phenomenal !,food,1,positive
"The $T$ was nice , but service was n't so great .","The ambience was nice , but service was n't so great .",ambience,1,positive
"The ambience was nice , but $T$ was n't so great .","The ambience was nice , but service was n't so great .",service,-1,negative
"Solid $T$ , knowledgeable staff , friendly owners and an adventurous , ever-changing menu keep us coming back .","Solid wine list , knowledgeable staff , friendly owners and an adventurous , ever-changing menu keep us coming back .",wine list,1,positive
"Solid wine list , knowledgeable $T$ , friendly owners and an adventurous , ever-changing menu keep us coming back .","Solid wine list , knowledgeable staff , friendly owners and an adventurous , ever-changing menu keep us coming back .",staff,1,positive
"Solid wine list , knowledgeable staff , friendly $T$ and an adventurous , ever-changing menu keep us coming back .","Solid wine list , knowledgeable staff , friendly owners and an adventurous , ever-changing menu keep us coming back .",owners,1,positive
"Solid wine list , knowledgeable staff , friendly owners and an adventurous , ever-changing $T$ keep us coming back .","Solid wine list , knowledgeable staff , friendly owners and an adventurous , ever-changing menu keep us coming back .",menu,1,positive
The $T$ that work there are always so friendly you forget you are in New York sometimes .,The people that work there are always so friendly you forget you are in New York sometimes .,people,1,positive
"We did n't even see a $T$ , as our waiter described both the specials and the main dishes .","We did n't even see a menu , as our waiter described both the specials and the main dishes .",menu,0,neutral
"We did n't even see a menu , as our waiter described both the specials and the $T$ .","We did n't even see a menu , as our waiter described both the specials and the main dishes .",main dishes,0,neutral
"We did n't even see a menu , as our $T$ described both the specials and the main dishes .","We did n't even see a menu , as our waiter described both the specials and the main dishes .",waiter,1,positive
"We did n't even see a menu , as our waiter described both the $T$ and the main dishes .","We did n't even see a menu , as our waiter described both the specials and the main dishes .",specials,0,neutral
The $T$ and ambience is Ok but the food is what makes up for it .,The location and ambience is Ok but the food is what makes up for it .,location,0,neutral
The location and $T$ is Ok but the food is what makes up for it .,The location and ambience is Ok but the food is what makes up for it .,ambience,0,neutral
The location and ambience is Ok but the $T$ is what makes up for it .,The location and ambience is Ok but the food is what makes up for it .,food,1,positive
"otherwise , good $T$ for late nite eats .","otherwise , good stuff for late nite eats .",stuff,1,positive
"otherwise , good stuff for late nite $T$ .","otherwise , good stuff for late nite eats .",eats,1,positive
"The $T$ was ok , nothing I would have again .","The dinner was ok , nothing I would have again .",dinner,-1,negative
I love and I know $T$ by excellence !,I love and I know gourmet food by excellence !,gourmet food,1,positive
"I plan to come here again and look forward to trying their assortment of $T$ , panini 's ...","I plan to come here again and look forward to trying their assortment of bruschetta , panini 's ...",bruschetta,1,positive
"I plan to come here again and look forward to trying their assortment of bruschetta , $T$ 's ...","I plan to come here again and look forward to trying their assortment of bruschetta , panini 's ...",panini,1,positive
"Two people in our party felt like something else , and Volare immediately obliged with two great $T$ that were not in their regular menu .","Two people in our party felt like something else , and Volare immediately obliged with two great dishes that were not in their regular menu .",dishes,1,positive
"Two people in our party felt like something else , and Volare immediately obliged with two great dishes that were not in their regular $T$ .","Two people in our party felt like something else , and Volare immediately obliged with two great dishes that were not in their regular menu .",menu,0,neutral
He offers subpar $T$ and has no personality .,He offers subpar service and has no personality .,service,-1,negative
"The $T$ remembers me and is very friendly , she knows what my regular is and that 's the fried mini buns with the condensed milk and the assorted fruits on beancurd .","The waitress remembers me and is very friendly , she knows what my regular is and that 's the fried mini buns with the condensed milk and the assorted fruits on beancurd .",waitress,1,positive
"The waitress remembers me and is very friendly , she knows what my regular is and that 's the $T$ .","The waitress remembers me and is very friendly , she knows what my regular is and that 's the fried mini buns with the condensed milk and the assorted fruits on beancurd .",fried mini buns with the condensed milk and the assorted fruits on beancurd,1,positive
Diner $T$ at bistro prices is a bummer ...,Diner food at bistro prices is a bummer ...,food,-1,negative
Diner food at bistro $T$ is a bummer ...,Diner food at bistro prices is a bummer ...,prices,-1,negative
"While we thoroughly enjoyed the $T$ , it was annoying to scream across the table for conversation .","While we thoroughly enjoyed the food , it was annoying to scream across the table for conversation .",food,1,positive
The $T$ are large and the servers always surprise us with a different starter .,The portions are large and the servers always surprise us with a different starter .,portions,1,positive
The portions are large and the $T$ always surprise us with a different starter .,The portions are large and the servers always surprise us with a different starter .,servers,1,positive
The portions are large and the servers always surprise us with a different $T$ .,The portions are large and the servers always surprise us with a different starter .,starter,1,positive
"delicious $T$ , especially when right out of the oven .","delicious bagels , especially when right out of the oven .",bagels,1,positive
All the $T$ was hot tasty .,All the food was hot tasty .,food,1,positive
This is one great place to eat $T$ more out but not a good place for take-out pizza .,This is one great place to eat pizza more out but not a good place for take-out pizza .,pizza,1,positive
This is one great place to eat pizza more out but not a good place for $T$ .,This is one great place to eat pizza more out but not a good place for take-out pizza .,take-out pizza,-1,negative
Our $T$ was very helpful and friendly .,Our server was very helpful and friendly .,server,1,positive
Try $T$ .,Try green curry with vegetables .,green curry with vegetables,1,positive
"First of all , this $T$ is * not * romantic , as claimed by Citysearch 's editorial review .","First of all , this place is * not * romantic , as claimed by Citysearch 's editorial review .",place,-1,negative
"The second you walk through the heavy vault like $T$ , with people anticipating your arrival you get the sense that you are going to have the dining ride of a lifetime .","The second you walk through the heavy vault like door , with people anticipating your arrival you get the sense that you are going to have the dining ride of a lifetime .",door,0,neutral
Much more reasonably $T$ too !,Much more reasonably priced too !,priced,1,positive
"The $T$ was not very tasty , the portioins were tiny even for such a high quality restaurant .","The food was not very tasty , the portioins were tiny even for such a high quality restaurant .",food,-1,negative
"The food was not very tasty , the $T$ were tiny even for such a high quality restaurant .","The food was not very tasty , the portioins were tiny even for such a high quality restaurant .",portioins,-1,negative
Why make a $T$ if you are n't going to keep it ?,Why make a reservation if you are n't going to keep it ?,reservation,-1,negative
"The $T$ is excellent here , as well .","The Pad Thai is excellent here , as well .",Pad Thai,1,positive
I do not recommend $T$ just because it tasts the same with other regular chinese restaurant .,I do not recommend lunch specials just because it tasts the same with other regular chinese restaurant .,lunch specials,-1,negative
"We parked on the block of Nina 's the $T$ looked nice , with people obviously enjoying their pizzas .","We parked on the block of Nina 's the place looked nice , with people obviously enjoying their pizzas .",place,1,positive
"We parked on the block of Nina 's the place looked nice , with people obviously enjoying their $T$ .","We parked on the block of Nina 's the place looked nice , with people obviously enjoying their pizzas .",pizzas,1,positive
"The $T$ is o.k. , but not any better than what you get at a good neighborhood restaurant .","The food is o.k. , but not any better than what you get at a good neighborhood restaurant .",food,0,neutral
We had the $T$ which were great and a tempura dish that was great .,We had the pot-stickers which were great and a tempura dish that was great .,pot-stickers,1,positive
We had the pot-stickers which were great and a $T$ h that was great .,We had the pot-stickers which were great and a tempura dis h that was great .,tempura dis,1,positive
I think the $T$ was better than Disney .,I think the stuff was better than Disney .,stuff,1,positive
"While the $ 20 entree range is not overly expensive , in New York City , there is definitely better $T$ in that range , and so Sapphire , despite it 's lovely atmosphere , will most likely not be a restaurant to which I will return .","While the $ 20 entree range is not overly expensive , in New York City , there is definitely better food in that range , and so Sapphire , despite it 's lovely atmosphere , will most likely not be a restaurant to which I will return .",food,-1,negative
"While the $ 20 entree range is not overly expensive , in New York City , there is definitely better food in that range , and so Sapphire , despite it 's lovely $T$ , will most likely not be a restaurant to which I will return .","While the $ 20 entree range is not overly expensive , in New York City , there is definitely better food in that range , and so Sapphire , despite it 's lovely atmosphere , will most likely not be a restaurant to which I will return .",atmosphere,1,positive
"While the $ 20 $T$ is not overly expensive , in New York City , there is definitely better food in that range , and so Sapphire , despite it 's lovely atmosphere , will most likely not be a restaurant to which I will return .","While the $ 20 entree range is not overly expensive , in New York City , there is definitely better food in that range , and so Sapphire , despite it 's lovely atmosphere , will most likely not be a restaurant to which I will return .",entree range,1,positive
"Orsay , is without a doubt one of the best values for authentic $T$ in NYC .","Orsay , is without a doubt one of the best values for authentic French food in NYC .",French food,1,positive
"Well , their $T$ take for ever and the food is usually cold .","Well , their deliveries take for ever and the food is usually cold .",deliveries,-1,negative
"Well , their deliveries take for ever and the $T$ is usually cold .","Well , their deliveries take for ever and the food is usually cold .",food,-1,negative
The $T$ is no nonsense .,The staff is no nonsense .,staff,1,positive
And really large $T$ .,And really large portions .,portions,1,positive
This is a great Thai restaurant with a very friendly $T$ .,This is a great Thai restaurant with a very friendly staff .,staff,1,positive
I ordered the $T$ and it was off flavor .,I ordered the smoked salmon and roe appetizer and it was off flavor .,smoked salmon and roe appetizer,-1,negative
"We went here for $T$ a couple of weeks ago on a Saturday , and I was thoroughly impressed with the food .","We went here for lunch a couple of weeks ago on a Saturday , and I was thoroughly impressed with the food .",lunch,0,neutral
"We went here for lunch a couple of weeks ago on a Saturday , and I was thoroughly impressed with the $T$ .","We went here for lunch a couple of weeks ago on a Saturday , and I was thoroughly impressed with the food .",food,1,positive
"I recommend the $T$ , okra -LRB- bindi -RRB- , and anything with lamb .","I recommend the garlic shrimp , okra -LRB- bindi -RRB- , and anything with lamb .",garlic shrimp,1,positive
"I recommend the garlic shrimp , okra -LRB- bindi -RRB- , and anything with $T$ .","I recommend the garlic shrimp , okra -LRB- bindi -RRB- , and anything with lamb .",lamb,1,positive
"I recommend the garlic shrimp , $T$ , and anything with lamb .","I recommend the garlic shrimp , okra (bindi) , and anything with lamb .",okra (bindi),1,positive
"As we were leaving , the couple standing by the door said to another $T$ , we 're not in a hurry .","As we were leaving , the couple standing by the door said to another waiter , we 're not in a hurry .",waiter,0,neutral
"The $T$ was impressive with selections ranging from a burger , to steak , to escargot .","The menu was impressive with selections ranging from a burger , to steak , to escargot .",menu,1,positive
"The menu was impressive with selections ranging from a $T$ , to steak , to escargot .","The menu was impressive with selections ranging from a burger , to steak , to escargot .",burger,0,neutral
"The menu was impressive with selections ranging from a burger , to $T$ , to escargot .","The menu was impressive with selections ranging from a burger , to steak , to escargot .",steak,0,neutral
"The menu was impressive with selections ranging from a burger , to steak , to $T$ .","The menu was impressive with selections ranging from a burger , to steak , to escargot .",escargot,0,neutral
"In fact , two people could really share one $T$ .","In fact , two people could really share one plate .",plate,1,positive
The $T$ is great and authentic .,The food is great and authentic .,food,1,positive
Good for $T$ with jeans and sneakers .,Good for casual dinner with jeans and sneakers .,casual dinner,1,positive
"Anyway , the $T$ is good , the price is right and they have a decent wine list .","Anyway , the food is good , the price is right and they have a decent wine list .",food,1,positive
"Anyway , the food is good , the $T$ is right and they have a decent wine list .","Anyway , the food is good , the price is right and they have a decent wine list .",price,1,positive
"Anyway , the food is good , the price is right and they have a decent $T$ .","Anyway , the food is good , the price is right and they have a decent wine list .",wine list,1,positive
$T$ are higher to dine in and their chicken tikka marsala is quite good .,Prices are higher to dine in and their chicken tikka marsala is quite good .,Prices,-1,negative
Prices are higher to dine in and their $T$ is quite good .,Prices are higher to dine in and their chicken tikka marsala is quite good .,chicken tikka marsala,1,positive
This place has many different $T$ and they are all amazing .,This place has many different styles of pizza and they are all amazing .,styles of pizza,1,positive
The photos of the restaurant in its web site are way better than the real $T$ .,The photos of the restaurant in its web site are way better than the real look .,look,-1,negative
The $T$ was lousy - too sweet or too salty and the portions tiny .,The food was lousy - too sweet or too salty and the portions tiny .,food,-1,negative
The food was lousy - too sweet or too salty and the $T$ tiny .,The food was lousy - too sweet or too salty and the portions tiny .,portions,-1,negative
But the $T$ was good .,But the coconut rice was good .,coconut rice,1,positive
It took them 25 minutes to bring our $T$ .,It took them 25 minutes to bring our appetizer .,appetizer,0,neutral
The $T$ was great .,The food was great .,food,1,positive
Pair you $T$ with the excellent beers on tap or their well priced wine list .,Pair you food with the excellent beers on tap or their well priced wine list .,food,0,neutral
Pair you food with the excellent $T$ or their well priced wine list .,Pair you food with the excellent beers on tap or their well priced wine list .,beers on tap,1,positive
Pair you food with the excellent beers on tap or their well priced $T$ .,Pair you food with the excellent beers on tap or their well priced wine list .,wine list,1,positive
Pair you food with the excellent beers on tap or their well $T$ wine list .,Pair you food with the excellent beers on tap or their well priced wine list .,priced,1,positive
If you like your $T$ blasted and the system isnt that great and if you want to pay at least 100 dollar bottle minimun then you 'll love it here .,If you like your music blasted and the system isnt that great and if you want to pay at least 100 dollar bottle minimun then you 'll love it here .,music,-1,negative
If you like your music blasted and the system isnt that great and if you want to pay at least 100 dollar $T$ then you 'll love it here .,If you like your music blasted and the system isnt that great and if you want to pay at least 100 dollar bottle minimun then you 'll love it here .,bottle minimun,-1,negative
All of my co-workers stated that the $T$ was amazing and wondered why they had n't heard about this place .,All of my co-workers stated that the food was amazing and wondered why they had n't heard about this place .,food,1,positive
Metrazur has a beautiful $T$ overlooking the main terminal .,Metrazur has a beautiful spot overlooking the main terminal .,spot,1,positive
Friendly $T$ that actually lets you enjoy your meal and the company you 're with .,Friendly staff that actually lets you enjoy your meal and the company you 're with .,staff,1,positive
Friendly staff that actually lets you enjoy your $T$ and the company you 're with .,Friendly staff that actually lets you enjoy your meal and the company you 're with .,meal,1,positive
The restaurant is rather small but we were lucky to get a $T$ quickly .,The restaurant is rather small but we were lucky to get a table quickly .,table,1,positive
"$T$ is excellent and price is cheap , stick to pork , fish , chicken , lamb and vegetables .","Quality of food is excellent and price is cheap , stick to pork , fish , chicken , lamb and vegetables .",Quality of food,1,positive
"Quality of food is excellent and $T$ is cheap , stick to pork , fish , chicken , lamb and vegetables .","Quality of food is excellent and price is cheap , stick to pork , fish , chicken , lamb and vegetables .",price,1,positive
"Quality of food is excellent and price is cheap , stick to $T$ , fish , chicken , lamb and vegetables .","Quality of food is excellent and price is cheap , stick to pork , fish , chicken , lamb and vegetables .",pork,1,positive
"Quality of food is excellent and price is cheap , stick to pork , $T$ , chicken , lamb and vegetables .","Quality of food is excellent and price is cheap , stick to pork , fish , chicken , lamb and vegetables .",fish,1,positive
"Quality of food is excellent and price is cheap , stick to pork , fish , $T$ , lamb and vegetables .","Quality of food is excellent and price is cheap , stick to pork , fish , chicken , lamb and vegetables .",chicken,1,positive
"Quality of food is excellent and price is cheap , stick to pork , fish , chicken , $T$ and vegetables .","Quality of food is excellent and price is cheap , stick to pork , fish , chicken , lamb and vegetables .",lamb,1,positive
"Quality of food is excellent and price is cheap , stick to pork , fish , chicken , lamb and $T$ .","Quality of food is excellent and price is cheap , stick to pork , fish , chicken , lamb and vegetables .",vegetables,1,positive
"The place is a little tight and on a cold day , the $T$ by the entranceway can be pretty drafty .","The place is a little tight and on a cold day , the seating by the entranceway can be pretty drafty .",seating,-1,negative
"The $T$ is a little tight and on a cold day , the seating by the entranceway can be pretty drafty .","The place is a little tight and on a cold day , the seating by the entranceway can be pretty drafty .",place,-1,negative
The $T$ is excellent - just as good as Zabars Barney Greengrass at a reasonable price -LRB- if bought by the pound -RRB- .,The appetizing is excellent - just as good as Zabars Barney Greengrass at a reasonable price -LRB- if bought by the pound -RRB- .,appetizing,1,positive
The appetizing is excellent - just as good as Zabars Barney Greengrass at a reasonable $T$ -LRB- if bought by the pound -RRB- .,The appetizing is excellent - just as good as Zabars Barney Greengrass at a reasonable price -LRB- if bought by the pound -RRB- .,price,1,positive
"But , they were too big for the $T$ .","But , they were too big for the bun .",bun,0,neutral
"The $T$ is fresh , delicious , and reasonably priced .","The food is fresh , delicious , and reasonably priced .",food,1,positive
"The food is fresh , delicious , and reasonably $T$ .","The food is fresh , delicious , and reasonably priced .",priced,1,positive
Raga stands out with an interesting $T$ .,Raga stands out with an interesting fusion of French and Indian cooking .,fusion of French and Indian cooking,1,positive
"A few tips : skip the $T$ , roast pork buns and egg custards .","A few tips : skip the turnip cake , roast pork buns and egg custards .",turnip cake,-1,negative
"A few tips : skip the turnip cake , $T$ and egg custards .","A few tips : skip the turnip cake , roast pork buns and egg custards .",roast pork buns,-1,negative
"A few tips : skip the turnip cake , roast pork buns and $T$ .","A few tips : skip the turnip cake , roast pork buns and egg custards .",egg custards,-1,negative
The $T$ are fabulous .,The bagels are fabulous .,bagels,1,positive
"Oh yes , and they lie on the phone , claiming they have $T$ , then of course the seats are not available .","Oh yes , and they lie on the phone , claiming they have seating in the garden , then of course the seats are not available .",seating in the garden,0,neutral
"Oh yes , and they lie on the phone , claiming they have seating in the garden , then of course the $T$ are not available .","Oh yes , and they lie on the phone , claiming they have seating in the garden , then of course the seats are not available .",seats,0,neutral
Although they do the typical what kind of water would you like questions the $T$ was good and overall very relaxing to place to eat .,Although they do the typical what kind of water would you like questions the service was good and overall very relaxing to place to eat .,service,1,positive
Although they do the typical what kind of water would you like questions the service was good and overall very relaxing to $T$ to eat .,Although they do the typical what kind of water would you like questions the service was good and overall very relaxing to place to eat .,place,1,positive
Although they do the typical what kind of $T$ would you like questions the service was good and overall very relaxing to place to eat .,Although they do the typical what kind of water would you like questions the service was good and overall very relaxing to place to eat .,water,0,neutral
"The $T$ was very good , a great deal , and the place its self was great .","The food was very good , a great deal , and the place its self was great .",food,1,positive
"The food was very good , a great deal , and the $T$ its self was great .","The food was very good , a great deal , and the place its self was great .",place,1,positive
The $T$ rule .,The food options rule .,food options,1,positive
A great choice at any $T$ and a great deal .,A great choice at any cost and a great deal .,cost,1,positive
"We ate here in March , 2006 and ordered the $T$ with wine flight .","We ate here in March , 2006 and ordered the pre-theatre 3-course dinner with wine flight .",pre-theatre 3-course dinner,0,neutral
"We ate here in March , 2006 and ordered the pre-theatre 3-course dinner with $T$ .","We ate here in March , 2006 and ordered the pre-theatre 3-course dinner with wine flight .",wine flight,0,neutral
"Probably much busier for $T$ , it 's seldom crowded for dinner -LRB- too close to downtown -RRB- .","Probably much busier for lunch , it 's seldom crowded for dinner -LRB- too close to downtown -RRB- .",lunch,0,neutral
"Probably much busier for lunch , it 's seldom crowded for $T$ -LRB- too close to downtown -RRB- .","Probably much busier for lunch , it 's seldom crowded for dinner -LRB- too close to downtown -RRB- .",dinner,0,neutral
"Their $T$ are horrific , bad , vomit-inducing , YUCK .","Their calzones are horrific , bad , vomit-inducing , YUCK .",calzones,-1,negative
It takes forever to get a $T$ and they almost always forget to bring something -LRB- although they dont forget to charge you for it .,It takes forever to get a drink and they almost always forget to bring something -LRB- although they dont forget to charge you for it .,drink,0,neutral
The $T$ itself is beautiful the bar scene seems to be happening .,The place itself is beautiful the bar scene seems to be happening .,place,1,positive
The place itself is beautiful the $T$ seems to be happening .,The place itself is beautiful the bar scene seems to be happening .,bar scene,1,positive
"Saturday , Nov. 6th I had a group from work come in with about 35 people and the $T$ was amazing to accomodate us .","Saturday , Nov. 6th I had a group from work come in with about 35 people and the staff was amazing to accomodate us .",staff,1,positive
"Good $T$ , great beverage selections and bagels really tasty .","Good spreads , great beverage selections and bagels really tasty .",spreads,1,positive
"Good spreads , great $T$ and bagels really tasty .","Good spreads , great beverage selections and bagels really tasty .",beverage selections,1,positive
"Good spreads , great beverage selections and $T$ really tasty .","Good spreads , great beverage selections and bagels really tasty .",bagels,1,positive
"First , the $T$ who served us neglected to fill us in on the specials , which I would have chosen had I known about them .","First , the waiter who served us neglected to fill us in on the specials , which I would have chosen had I known about them .",waiter,-1,negative
"First , the waiter who served us neglected to fill us in on the $T$ , which I would have chosen had I known about them .","First , the waiter who served us neglected to fill us in on the specials , which I would have chosen had I known about them .",specials,1,positive
"First , the waiter who $T$ us neglected to fill us in on the specials , which I would have chosen had I known about them .","First , the waiter who served us neglected to fill us in on the specials , which I would have chosen had I known about them .",served,-1,negative
"Also , top the meal with a delicious and perfect slice of $T$ .","Also , top the meal with a delicious and perfect slice of tiramisu .",tiramisu,1,positive
"Also , top the $T$ with a delicious and perfect slice of tiramisu .","Also , top the meal with a delicious and perfect slice of tiramisu .",meal,0,neutral
Check out the $T$ .,Check out the secret back room .,secret back room,1,positive
"It 's also attached to Angel 's Share , which is a cool , more romantic $T$ ...","It 's also attached to Angel 's Share , which is a cool , more romantic bar ...",bar,1,positive
"Authentic $T$ and they have REAL service , not just the rush you get sometimes when they try to push you out the door .","Authentic food and they have REAL service , not just the rush you get sometimes when they try to push you out the door .",food,1,positive
"Authentic food and they have REAL $T$ , not just the rush you get sometimes when they try to push you out the door .","Authentic food and they have REAL service , not just the rush you get sometimes when they try to push you out the door .",service,1,positive
Stick to the $T$ .,Stick to the gulab jamun .,gulab jamun,1,positive
"I am amazed by the poor reviews - I find this place to be standout Italian in an area flooded with Italian - great $T$ , great atmosphere , good service and a wonderful wine list .","I am amazed by the poor reviews - I find this place to be standout Italian in an area flooded with Italian - great prices , great atmosphere , good service and a wonderful wine list .",prices,1,positive
"I am amazed by the poor reviews - I find this place to be standout Italian in an area flooded with Italian - great prices , great $T$ , good service and a wonderful wine list .","I am amazed by the poor reviews - I find this place to be standout Italian in an area flooded with Italian - great prices , great atmosphere , good service and a wonderful wine list .",atmosphere,1,positive
"I am amazed by the poor reviews - I find this place to be standout Italian in an area flooded with Italian - great prices , great atmosphere , good $T$ and a wonderful wine list .","I am amazed by the poor reviews - I find this place to be standout Italian in an area flooded with Italian - great prices , great atmosphere , good service and a wonderful wine list .",service,1,positive
"I am amazed by the poor reviews - I find this place to be standout Italian in an area flooded with Italian - great prices , great atmosphere , good service and a wonderful $T$ .","I am amazed by the poor reviews - I find this place to be standout Italian in an area flooded with Italian - great prices , great atmosphere , good service and a wonderful wine list .",wine list,1,positive
I was back-to-back with the $T$ at the table behind me and wait staff had to hoist trays over our heads as they squeezed past us again and again .,I was back-to-back with the diner at the table behind me and wait staff had to hoist trays over our heads as they squeezed past us again and again .,diner,0,neutral
I was back-to-back with the diner at the table behind me and $T$ had to hoist trays over our heads as they squeezed past us again and again .,I was back-to-back with the diner at the table behind me and wait staff had to hoist trays over our heads as they squeezed past us again and again .,wait staff,-1,negative
I was back-to-back with the diner at the $T$ behind me and wait staff had to hoist trays over our heads as they squeezed past us again and again .,I was back-to-back with the diner at the table behind me and wait staff had to hoist trays over our heads as they squeezed past us again and again .,table,-1,negative
With the theater 2 blocks away we had a delicious $T$ in a beautiful room .,With the theater 2 blocks away we had a delicious meal in a beautiful room .,meal,1,positive
With the theater 2 blocks away we had a delicious meal in a beautiful $T$ .,With the theater 2 blocks away we had a delicious meal in a beautiful room .,room,1,positive
"We 've only eaten in the restaurant once , but we have ordered many times for $T$ .","We 've only eaten in the restaurant once , but we have ordered many times for dinner .",dinner,0,neutral
By far this is the only chinese desserts place I know in NY or anywhere close in the Northeastern America that serves desserts with frog jelly in a couple of varieties and $T$ .,By far this is the only chinese desserts place I know in NY or anywhere close in the Northeastern America that serves desserts with frog jelly in a couple of varieties and pig feet ginger simmered in black vinegar .,pig feet ginger simmered in black vinegar,1,positive
By far this is the only chinese desserts place I know in NY or anywhere close in the Northeastern America that serves $T$ in a couple of varieties and pig feet ginger simmered in black vinegar .,By far this is the only chinese desserts place I know in NY or anywhere close in the Northeastern America that serves desserts with frog jelly in a couple of varieties and pig feet ginger simmered in black vinegar .,desserts with frog jelly,1,positive
The $T$ is great and reasonably priced .,The food is great and reasonably priced .,food,1,positive
The food is great and reasonably $T$ .,The food is great and reasonably priced .,priced,1,positive
I would definitely recommend SEA if you like $T$ !,I would definitely recommend SEA if you like thai cuisine !,thai cuisine,1,positive
"Over the years the host , Vittorio , and his $T$ , have always treated me as family -- although with all the business this not-so-little gem does , it amazing he 's even able to remember a consistent but not-so-frequent visitor .","Over the years the host , Vittorio , and his crew , have always treated me as family -- although with all the business this not-so-little gem does , it amazing he 's even able to remember a consistent but not-so-frequent visitor .",crew,1,positive
"Over the years the $T$ , Vittorio , and his crew , have always treated me as family -- although with all the business this not-so-little gem does , it amazing he 's even able to remember a consistent but not-so-frequent visitor .","Over the years the host , Vittorio , and his crew , have always treated me as family -- although with all the business this not-so-little gem does , it amazing he 's even able to remember a consistent but not-so-frequent visitor .",host,1,positive
"The restuarant itself is not large , but seems to have several $T$ to accomodate large groups hoping to save a buck to eat authentic Taiwanese .","The restuarant itself is not large , but seems to have several round tables to accomodate large groups hoping to save a buck to eat authentic Taiwanese .",round tables,1,positive
"The restuarant itself is not large , but seems to have several round tables to accomodate large groups hoping to save a buck to eat authentic $T$ .","The restuarant itself is not large , but seems to have several round tables to accomodate large groups hoping to save a buck to eat authentic Taiwanese .",Taiwanese,1,positive
"My husband said he could 've eaten several more , the portion was fine for me he even exclaimed that the $T$ were the best he has had .","My husband said he could 've eaten several more , the portion was fine for me he even exclaimed that the french fries were the best he has had .",french fries,1,positive
"It is the type of place to run into old friends and have a late , raucus $T$ .","It is the type of place to run into old friends and have a late , raucus dinner .",dinner,1,positive
"The $T$ is delicious - from the specials to the regular menu-fare , the dishes are never a disappointment .","The food is delicious - from the specials to the regular menu-fare , the dishes are never a disappointment .",food,1,positive
"The food is delicious - from the specials to the regular menu-fare , the $T$ are never a disappointment .","The food is delicious - from the specials to the regular menu-fare , the dishes are never a disappointment .",dishes,1,positive
"The food is delicious - from the $T$ to the regular menu-fare , the dishes are never a disappointment .","The food is delicious - from the specials to the regular menu-fare , the dishes are never a disappointment .",specials,1,positive
"The food is delicious - from the specials to the $T$ , the dishes are never a disappointment .","The food is delicious - from the specials to the regular menu-fare , the dishes are never a disappointment .",regular menu-fare,1,positive
$T$ are in line .,Prices are in line .,Prices,0,neutral
"The combination of $T$ , fresh mozz cheese , basil and the dough they make with imported flour , makes this is one of the better pizza 's in NY .","The combination of fresh tomato sauce , fresh mozz cheese , basil and the dough they make with imported flour , makes this is one of the better pizza 's in NY .",fresh tomato sauce,1,positive
"The combination of fresh tomato sauce , $T$ , basil and the dough they make with imported flour , makes this is one of the better pizza 's in NY .","The combination of fresh tomato sauce , fresh mozz cheese , basil and the dough they make with imported flour , makes this is one of the better pizza 's in NY .",fresh mozz cheese,1,positive
"The combination of fresh tomato sauce , fresh mozz cheese , $T$ and the dough they make with imported flour , makes this is one of the better pizza 's in NY .","The combination of fresh tomato sauce , fresh mozz cheese , basil and the dough they make with imported flour , makes this is one of the better pizza 's in NY .",basil,1,positive
"The combination of fresh tomato sauce , fresh mozz cheese , basil and the $T$ they make with imported flour , makes this is one of the better pizza 's in NY .","The combination of fresh tomato sauce , fresh mozz cheese , basil and the dough they make with imported flour , makes this is one of the better pizza 's in NY .",dough,1,positive
"The combination of fresh tomato sauce , fresh mozz cheese , basil and the dough they make with imported flour , makes this is one of the better $T$ 's in NY .","The combination of fresh tomato sauce , fresh mozz cheese , basil and the dough they make with imported flour , makes this is one of the better pizza 's in NY .",pizza,1,positive
"The combination of fresh tomato sauce , fresh mozz cheese , basil and the dough they make with imported $T$ , makes this is one of the better pizza 's in NY .","The combination of fresh tomato sauce , fresh mozz cheese , basil and the dough they make with imported flour , makes this is one of the better pizza 's in NY .",flour,1,positive
The $T$ is prepared quickly and efficiently .,The food is prepared quickly and efficiently .,food,1,positive
"For all of you new to $T$ , try the Paneer Roll , it is a piece of heaven .","For all of you new to Indian food , try the Paneer Roll , it is a piece of heaven .",Indian food,1,positive
"For all of you new to Indian food , try the $T$ , it is a piece of heaven .","For all of you new to Indian food , try the Paneer Roll , it is a piece of heaven .",Paneer Roll,1,positive
The $T$ looked very appetizing and delicious since it came on a variety of fancy plates .,The food looked very appetizing and delicious since it came on a variety of fancy plates .,food,1,positive
The food looked very appetizing and delicious since it came on a variety of fancy $T$ .,The food looked very appetizing and delicious since it came on a variety of fancy plates .,plates,1,positive
Both the $T$ and the Plain Cheese slice are phenomenal .,Both the fresh mozzerella slices and the Plain Cheese slice are phenomenal .,fresh mozzerella slices,1,positive
Both the fresh mozzerella slices and the $T$ are phenomenal .,Both the fresh mozzerella slices and the Plain Cheese slice are phenomenal .,Plain Cheese slice,1,positive
"The $T$ is terrible and overall , I would have to say avoid at all costs .","The food is terrible and overall , I would have to say avoid at all costs .",food,-1,negative
"Unfortunately , the $T$ was NOT something to get worked up about .","Unfortunately , the food was NOT something to get worked up about .",food,-1,negative
"It 's constantly open , catering to the Pakistani cabbies lined up on Crosby St. , so there 's more turnover with the $T$ than you 'd expect -LRB- i.e. , surprisingly fresh -RRB- .","It 's constantly open , catering to the Pakistani cabbies lined up on Crosby St. , so there 's more turnover with the food than you 'd expect -LRB- i.e. , surprisingly fresh -RRB- .",food,1,positive
I had $T$ .,I had Filet Mignon with garlic mash .,Filet Mignon with garlic mash,0,neutral
"I went at 6:00 PM specifically for the $T$ -LRB- $ 19.95 for roasted tomato soup with chevre , steak frites , creme brulee -RRB- and it was marvelous .","I went at 6:00 PM specifically for the pre-theater menu -LRB- $ 19.95 for roasted tomato soup with chevre , steak frites , creme brulee -RRB- and it was marvelous .",pre-theater menu,1,positive
"I went at 6:00 PM specifically for the pre-theater menu -LRB- $ 19.95 for $T$ , steak frites , creme brulee -RRB- and it was marvelous .","I went at 6:00 PM specifically for the pre-theater menu -LRB- $ 19.95 for roasted tomato soup with chevre , steak frites , creme brulee -RRB- and it was marvelous .",roasted tomato soup with chevre,1,positive
"I went at 6:00 PM specifically for the pre-theater menu -LRB- $ 19.95 for roasted tomato soup with chevre , $T$ , creme brulee -RRB- and it was marvelous .","I went at 6:00 PM specifically for the pre-theater menu -LRB- $ 19.95 for roasted tomato soup with chevre , steak frites , creme brulee -RRB- and it was marvelous .",steak frites,1,positive
"I went at 6:00 PM specifically for the pre-theater menu -LRB- $ 19.95 for roasted tomato soup with chevre , steak frites , $T$ -RRB- and it was marvelous .","I went at 6:00 PM specifically for the pre-theater menu -LRB- $ 19.95 for roasted tomato soup with chevre , steak frites , creme brulee -RRB- and it was marvelous .",creme brulee,1,positive
"The $T$ were attentive , polite and helpful - an impressive feat in such close quarters .","The waitstaff were attentive , polite and helpful - an impressive feat in such close quarters .",waitstaff,1,positive
"- the $T$ at the beginning is super tasty and makes you want more - the pizza is delicious and comes in personal sizes , however be warned that the Peter 's Favourite pizza with prosciutto and baby arugula is actually a margarite pizza with cold prosciutto and baby arugula on top , like a salad .","- the bread at the beginning is super tasty and makes you want more - the pizza is delicious and comes in personal sizes , however be warned that the Peter 's Favourite pizza with prosciutto and baby arugula is actually a margarite pizza with cold prosciutto and baby arugula on top , like a salad .",bread,1,positive
"- the bread at the beginning is super tasty and makes you want more - the $T$ is delicious and comes in personal sizes , however be warned that the Peter 's Favourite pizza with prosciutto and baby arugula is actually a margarite pizza with cold prosciutto and baby arugula on top , like a salad .","- the bread at the beginning is super tasty and makes you want more - the pizza is delicious and comes in personal sizes , however be warned that the Peter 's Favourite pizza with prosciutto and baby arugula is actually a margarite pizza with cold prosciutto and baby arugula on top , like a salad .",pizza,1,positive
"- the bread at the beginning is super tasty and makes you want more - the pizza is delicious and comes in personal sizes , however be warned that the Peter 's Favourite pizza with prosciutto and baby arugula is actually a $T$ , like a salad .","- the bread at the beginning is super tasty and makes you want more - the pizza is delicious and comes in personal sizes , however be warned that the Peter 's Favourite pizza with prosciutto and baby arugula is actually a margarite pizza with cold prosciutto and baby arugula on top , like a salad .",margarite pizza with cold prosciutto and baby arugula on top,0,neutral
"- the bread at the beginning is super tasty and makes you want more - the pizza is delicious and comes in personal sizes , however be warned that the Peter 's Favourite pizza with prosciutto and baby arugula is actually a margarite pizza with cold prosciutto and baby arugula on top , like a $T$ .","- the bread at the beginning is super tasty and makes you want more - the pizza is delicious and comes in personal sizes , however be warned that the Peter 's Favourite pizza with prosciutto and baby arugula is actually a margarite pizza with cold prosciutto and baby arugula on top , like a salad .",salad,0,neutral
"- the bread at the beginning is super tasty and makes you want more - the pizza is delicious and comes in personal sizes , however be warned that the $T$ is actually a margarite pizza with cold prosciutto and baby arugula on top , like a salad .","- the bread at the beginning is super tasty and makes you want more - the pizza is delicious and comes in personal sizes , however be warned that the Peter's Favourite pizza with prosciutto and baby arugula is actually a margarite pizza with cold prosciutto and baby arugula on top , like a salad .",Peter's Favourite pizza with prosciutto and baby arugula,0,neutral
"The large selection of $T$ , paninis , tramezzinis keep the palate from stagnating .","The large selection of bruschettas , paninis , tramezzinis keep the palate from stagnating .",bruschettas,1,positive
"The large selection of bruschettas , $T$ , tramezzinis keep the palate from stagnating .","The large selection of bruschettas , paninis , tramezzinis keep the palate from stagnating .",paninis,1,positive
"The large selection of bruschettas , paninis , $T$ keep the palate from stagnating .","The large selection of bruschettas , paninis , tramezzinis keep the palate from stagnating .",tramezzinis,1,positive
"Have always found that the $T$ will go out of their way to be helpful , despite the fact they are often busy with lots of diners .","Have always found that the waiters will go out of their way to be helpful , despite the fact they are often busy with lots of diners .",waiters,1,positive
"Have always found that the waiters will go out of their way to be helpful , despite the fact they are often busy with lots of $T$ .","Have always found that the waiters will go out of their way to be helpful , despite the fact they are often busy with lots of diners .",diners,0,neutral
"While this is n't classical restaurant fare , the $T$ has given new life to an old cuisine with some really innovative and tasty dishes that are genuinely Indian without being heavy or same old restaurant burn-outs .","While this is n't classical restaurant fare , the chef has given new life to an old cuisine with some really innovative and tasty dishes that are genuinely Indian without being heavy or same old restaurant burn-outs .",chef,1,positive
"While this is n't classical restaurant fare , the chef has given new life to an old cuisine with some really innovative and tasty $T$ that are genuinely Indian without being heavy or same old restaurant burn-outs .","While this is n't classical restaurant fare , the chef has given new life to an old cuisine with some really innovative and tasty dishes that are genuinely Indian without being heavy or same old restaurant burn-outs .",dishes,1,positive
"While this is n't classical restaurant fare , the chef has given new life to an old $T$ with some really innovative and tasty dishes that are genuinely Indian without being heavy or same old restaurant burn-outs .","While this is n't classical restaurant fare , the chef has given new life to an old cuisine with some really innovative and tasty dishes that are genuinely Indian without being heavy or same old restaurant burn-outs .",cuisine,0,neutral
"While this is n't classical restaurant fare , the chef has given new life to an old cuisine with some really innovative and tasty dishes that are genuinely $T$ without being heavy or same old restaurant burn-outs .","While this is n't classical restaurant fare , the chef has given new life to an old cuisine with some really innovative and tasty dishes that are genuinely Indian without being heavy or same old restaurant burn-outs .",Indian,1,positive
The $T$ truly caters to all your needs .,The owner truly caters to all your needs .,owner,1,positive
He takes real pride in his $T$ and his business .,He takes real pride in his food and his business .,food,1,positive
"So if you want a nice , enjoyable $T$ at Montparnasse , go early for the pre-theater prix-fixe .","So if you want a nice , enjoyable meal at Montparnasse , go early for the pre-theater prix-fixe .",meal,1,positive
"So if you want a nice , enjoyable meal at Montparnasse , go early for the $T$ .","So if you want a nice , enjoyable meal at Montparnasse , go early for the pre-theater prix-fixe .",pre-theater prix-fixe,1,positive
"Over the years , it has always provided a pleasurable dining experience with quality $T$ and wine .","Over the years , it has always provided a pleasurable dining experience with quality food and wine .",food,1,positive
"Over the years , it has always provided a pleasurable dining experience with quality food and $T$ .","Over the years , it has always provided a pleasurable dining experience with quality food and wine .",wine,1,positive
"Over the years , it has always provided a pleasurable $T$ experience with quality food and wine .","Over the years , it has always provided a pleasurable dining experience with quality food and wine .",dining,1,positive
"The photobook $T$ was a cute touch , certainly helped my group and I pick the fried chicken , pork chop , and noodle dishes that we all ordered .","The photobook menu was a cute touch , certainly helped my group and I pick the fried chicken , pork chop , and noodle dishes that we all ordered .",menu,1,positive
"The photobook menu was a cute touch , certainly helped my group and I pick the $T$ , pork chop , and noodle dishes that we all ordered .","The photobook menu was a cute touch , certainly helped my group and I pick the fried chicken , pork chop , and noodle dishes that we all ordered .",fried chicken,0,neutral
"The photobook menu was a cute touch , certainly helped my group and I pick the fried chicken , $T$ , and noodle dishes that we all ordered .","The photobook menu was a cute touch , certainly helped my group and I pick the fried chicken , pork chop , and noodle dishes that we all ordered .",pork chop,0,neutral
"The photobook menu was a cute touch , certainly helped my group and I pick the fried chicken , pork chop , and $T$ that we all ordered .","The photobook menu was a cute touch , certainly helped my group and I pick the fried chicken , pork chop , and noodle dishes that we all ordered .",noodle dishes,0,neutral
I can not imagine better $T$ in all of the city .,I can not imagine better Indian food in all of the city .,Indian food,1,positive
Great romantic place for a date -LRB- try to get the corner booth table for a little $T$ and to sit close ! -RRB- .,Great romantic place for a date -LRB- try to get the corner booth table for a little privacy and to sit close ! -RRB- .,privacy,1,positive
Great romantic place for a date -LRB- try to get the $T$ for a little privacy and to sit close ! -RRB- .,Great romantic place for a date -LRB- try to get the corner booth table for a little privacy and to sit close ! -RRB- .,corner booth table,1,positive
Great romantic $T$ for a date -LRB- try to get the corner booth table for a little privacy and to sit close ! -RRB- .,Great romantic place for a date -LRB- try to get the corner booth table for a little privacy and to sit close ! -RRB- .,place,1,positive
I asked for an open faced cheese sandwich and the $T$ basically told me to take my business elsewhere !,I asked for an open faced cheese sandwich and the manager basically told me to take my business elsewhere !,manager,-1,negative
I asked for an $T$ and the manager basically told me to take my business elsewhere !,I asked for an open faced cheese sandwich and the manager basically told me to take my business elsewhere !,open faced cheese sandwich,0,neutral
very good $T$ as well .,very good breads as well .,breads,1,positive
"if this happens , just ask for real $T$ .","if this happens , just ask for real naan .",naan,0,neutral
We were fans of the half-price Saturday night option until some inedible $T$ during a recent visit .,We were fans of the half-price Saturday night option until some inedible squid during a recent visit .,squid,-1,negative
We were fans of the $T$ until some inedible squid during a recent visit .,We were fans of the half-price Saturday night option until some inedible squid during a recent visit .,half-price Saturday night option,1,positive
"$T$ is terrific , as is homemade pasta .","Pizza is terrific , as is homemade pasta .",Pizza,1,positive
"Pizza is terrific , as is $T$ .","Pizza is terrific , as is homemade pasta .",homemade pasta,1,positive
This is a wonderful place on all stand points especially $T$ .,This is a wonderful place on all stand points especially value ofr money .,value ofr money,1,positive
Example is the $T$ which was about 6 oz for $ 12 dollars and the mushrooms where $ 12 for about 1oz .,Example is the soup which was about 6 oz for $ 12 dollars and the mushrooms where $ 12 for about 1oz .,soup,1,positive
Example is the soup which was about 6 oz for $ 12 dollars and the $T$ where $ 12 for about 1oz .,Example is the soup which was about 6 oz for $ 12 dollars and the mushrooms where $ 12 for about 1oz .,mushrooms,1,positive
There are other people $T$ !,There are other people waiting !,waiting,-1,negative
"From $T$ , the scallops were incredible , to the delicious chocolate souffle with rasberry mint sorbet , we were delighted by the taste sensations .","From beginning appetizers , the scallops were incredible , to the delicious chocolate souffle with rasberry mint sorbet , we were delighted by the taste sensations .",beginning appetizers,1,positive
"From beginning appetizers , the $T$ were incredible , to the delicious chocolate souffle with rasberry mint sorbet , we were delighted by the taste sensations .","From beginning appetizers , the scallops were incredible , to the delicious chocolate souffle with rasberry mint sorbet , we were delighted by the taste sensations .",scallops,1,positive
"From beginning appetizers , the scallops were incredible , to the delicious $T$ , we were delighted by the taste sensations .","From beginning appetizers , the scallops were incredible , to the delicious chocolate souffle with rasberry mint sorbet , we were delighted by the taste sensations .",chocolate souffle with rasberry mint sorbet,1,positive
"From beginning appetizers , the scallops were incredible , to the delicious chocolate souffle with rasberry mint sorbet , we were delighted by the $T$ sensations .","From beginning appetizers , the scallops were incredible , to the delicious chocolate souffle with rasberry mint sorbet , we were delighted by the taste sensations .",taste,1,positive
Consistently good $T$ .,Consistently good Japanese Tapas .,Japanese Tapas,1,positive
"My goodness , everything from the $T$ to the rice to the seaweed was absolutely amazing .","My goodness , everything from the fish to the rice to the seaweed was absolutely amazing .",fish,1,positive
"My goodness , everything from the fish to the $T$ to the seaweed was absolutely amazing .","My goodness , everything from the fish to the rice to the seaweed was absolutely amazing .",rice,1,positive
"My goodness , everything from the fish to the rice to the $T$ was absolutely amazing .","My goodness , everything from the fish to the rice to the seaweed was absolutely amazing .",seaweed,1,positive
"The $T$ offered were unique , very tasty and fresh from the lamb sausages , sardines with biscuits , large whole shrimp to the amazing pistachio ice cream -LRB- the best and freshest I 've ever had -RRB- .","The dishes offered were unique , very tasty and fresh from the lamb sausages , sardines with biscuits , large whole shrimp to the amazing pistachio ice cream -LRB- the best and freshest I 've ever had -RRB- .",dishes,1,positive
"The dishes offered were unique , very tasty and fresh from the $T$ , sardines with biscuits , large whole shrimp to the amazing pistachio ice cream -LRB- the best and freshest I 've ever had -RRB- .","The dishes offered were unique , very tasty and fresh from the lamb sausages , sardines with biscuits , large whole shrimp to the amazing pistachio ice cream -LRB- the best and freshest I 've ever had -RRB- .",lamb sausages,1,positive
"The dishes offered were unique , very tasty and fresh from the lamb sausages , $T$ , large whole shrimp to the amazing pistachio ice cream -LRB- the best and freshest I 've ever had -RRB- .","The dishes offered were unique , very tasty and fresh from the lamb sausages , sardines with biscuits , large whole shrimp to the amazing pistachio ice cream -LRB- the best and freshest I 've ever had -RRB- .",sardines with biscuits,1,positive
"The dishes offered were unique , very tasty and fresh from the lamb sausages , sardines with biscuits , $T$ to the amazing pistachio ice cream -LRB- the best and freshest I 've ever had -RRB- .","The dishes offered were unique , very tasty and fresh from the lamb sausages , sardines with biscuits , large whole shrimp to the amazing pistachio ice cream -LRB- the best and freshest I 've ever had -RRB- .",large whole shrimp,1,positive
"The dishes offered were unique , very tasty and fresh from the lamb sausages , sardines with biscuits , large whole shrimp to the amazing $T$ -LRB- the best and freshest I 've ever had -RRB- .","The dishes offered were unique , very tasty and fresh from the lamb sausages , sardines with biscuits , large whole shrimp to the amazing pistachio ice cream -LRB- the best and freshest I 've ever had -RRB- .",pistachio ice cream,1,positive
The $T$ is reliable and the price is moderate .,The food is reliable and the price is moderate .,food,1,positive
The food is reliable and the $T$ is moderate .,The food is reliable and the price is moderate .,price,0,neutral
"While the $T$ and atmosphere were great , the food and service could have been a lot better .","While the ambiance and atmosphere were great , the food and service could have been a lot better .",ambiance,1,positive
"While the ambiance and $T$ were great , the food and service could have been a lot better .","While the ambiance and atmosphere were great , the food and service could have been a lot better .",atmosphere,1,positive
"While the ambiance and atmosphere were great , the $T$ and service could have been a lot better .","While the ambiance and atmosphere were great , the food and service could have been a lot better .",food,-1,negative
"While the ambiance and atmosphere were great , the food and $T$ could have been a lot better .","While the ambiance and atmosphere were great , the food and service could have been a lot better .",service,-1,negative
The $T$ was really cool and served us our food and drinks with a smile .,The server was really cool and served us our food and drinks with a smile .,server,1,positive
The server was really cool and served us our $T$ and drinks with a smile .,The server was really cool and served us our food and drinks with a smile .,food,0,neutral
The server was really cool and served us our food and $T$ with a smile .,The server was really cool and served us our food and drinks with a smile .,drinks,0,neutral
The server was really cool and $T$ us our food and drinks with a smile .,The server was really cool and served us our food and drinks with a smile .,served,1,positive
We were in search of $T$ and stumbled on this block of Indian restaurants on East Sixth Street .,We were in search of food and stumbled on this block of Indian restaurants on East Sixth Street .,food,0,neutral
"Planet Thailand has always been a hit with me , I go there usually for the $T$ , which is great , the thai food is excellent too .","Planet Thailand has always been a hit with me , I go there usually for the sushi , which is great , the thai food is excellent too .",sushi,1,positive
"Planet Thailand has always been a hit with me , I go there usually for the sushi , which is great , the $T$ is excellent too .","Planet Thailand has always been a hit with me , I go there usually for the sushi , which is great , the thai food is excellent too .",thai food,1,positive
"Very excited to hear that short-term $T$ Jason Narone has moved on , he truly was a low point of their Sterling track record .","Very excited to hear that short-term Chef Jason Narone has moved on , he truly was a low point of their Sterling track record .",Chef,-1,negative
I had to share my table with a loud group of kids and the $T$ was rude an unattentive .,I had to share my table with a loud group of kids and the service was rude an unattentive .,service,-1,negative
I had to share my $T$ with a loud group of kids and the service was rude an unattentive .,I had to share my table with a loud group of kids and the service was rude an unattentive .,table,-1,negative
The sauce on the pizza is sooo good with $T$ and fresh tomatoes and they do n't skimp .,The sauce on the pizza is sooo good with garlic and fresh tomatoes and they do n't skimp .,garlic,1,positive
The sauce on the pizza is sooo good with garlic and $T$ and they do n't skimp .,The sauce on the pizza is sooo good with garlic and fresh tomatoes and they do n't skimp .,fresh tomatoes,1,positive
The $T$ is sooo good with garlic and fresh tomatoes and they do n't skimp .,The sauce on the pizza is sooo good with garlic and fresh tomatoes and they do n't skimp .,sauce on the pizza,1,positive
"We recently decided to try this location , and to our delight , they have $T$ , perfect since I had my yorkie with me .","We recently decided to try this location , and to our delight , they have outdoor seating , perfect since I had my yorkie with me .",outdoor seating,1,positive
"My husband had the $T$ , salmon , and ice cream and he enjoyed all 3 courses .","My husband had the mesclun , salmon , and ice cream and he enjoyed all 3 courses .",mesclun,1,positive
"My husband had the mesclun , $T$ , and ice cream and he enjoyed all 3 courses .","My husband had the mesclun , salmon , and ice cream and he enjoyed all 3 courses .",salmon,1,positive
"My husband had the mesclun , salmon , and $T$ and he enjoyed all 3 courses .","My husband had the mesclun , salmon , and ice cream and he enjoyed all 3 courses .",ice cream,1,positive
"My husband had the mesclun , salmon , and ice cream and he enjoyed all 3 $T$ .","My husband had the mesclun , salmon , and ice cream and he enjoyed all 3 courses .",courses,1,positive
We were told that the $T$ was about twenty minutes and there would be no problem for our 8:00 pm curtain call .,We were told that the wait was about twenty minutes and there would be no problem for our 8:00 pm curtain call .,wait,0,neutral
The $T$ is usually good but it certainly is n't a relaxing place to go .,The food is usually good but it certainly is n't a relaxing place to go .,food,1,positive
The food is usually good but it certainly is n't a relaxing $T$ to go .,The food is usually good but it certainly is n't a relaxing place to go .,place,-1,negative
"Super friendly and knowledgable $T$ , fabulous bistro fare and a wonderful jazz brunch with great live jazz -LRB- the chilaquiles were awesome !","Super friendly and knowledgable staff , fabulous bistro fare and a wonderful jazz brunch with great live jazz -LRB- the chilaquiles were awesome !",staff,1,positive
"Super friendly and knowledgable staff , fabulous $T$ and a wonderful jazz brunch with great live jazz -LRB- the chilaquiles were awesome !","Super friendly and knowledgable staff , fabulous bistro fare and a wonderful jazz brunch with great live jazz -LRB- the chilaquiles were awesome !",bistro fare,1,positive
"Super friendly and knowledgable staff , fabulous bistro fare and a wonderful jazz brunch with great live jazz -LRB- the $T$ were awesome !","Super friendly and knowledgable staff , fabulous bistro fare and a wonderful jazz brunch with great live jazz -LRB- the chilaquiles were awesome !",chilaquiles,1,positive
"Super friendly and knowledgable staff , fabulous bistro fare and a wonderful $T$ with great live jazz -LRB- the chilaquiles were awesome !","Super friendly and knowledgable staff , fabulous bistro fare and a wonderful jazz brunch with great live jazz -LRB- the chilaquiles were awesome !",jazz brunch,1,positive
"Super friendly and knowledgable staff , fabulous bistro fare and a wonderful jazz brunch with great $T$ -LRB- the chilaquiles were awesome !","Super friendly and knowledgable staff , fabulous bistro fare and a wonderful jazz brunch with great live jazz -LRB- the chilaquiles were awesome !",live jazz,1,positive
The $T$ were fantastic .,The prices were fantastic .,prices,1,positive
"Still , any quibbles about the bill were off-set by the pour-your-own $T$ which were courtesey of the house ...","Still , any quibbles about the bill were off-set by the pour-your-own measures of liquers which were courtesey of the house ...",measures of liquers,1,positive
"The table service could have been a little more attentive but as someone who also works in the $T$ industry , I understood they were busy .","The table service could have been a little more attentive but as someone who also works in the service industry , I understood they were busy .",service,0,neutral
"It 's not mind-blowing , but to me , $T$ never is and never will be .","It 's not mind-blowing , but to me , thai food never is and never will be .",thai food,0,neutral
"$T$ was very good as well , considering that we tried the budget selection -LRB- though I wish the pork belly that I ordered was roasted a bit longer , so that fat was more of a melt-in-your-mouth experience -RRB- .","Food was very good as well , considering that we tried the budget selection -LRB- though I wish the pork belly that I ordered was roasted a bit longer , so that fat was more of a melt-in-your-mouth experience -RRB- .",Food,1,positive
"Food was very good as well , considering that we tried the budget selection -LRB- though I wish the $T$ that I ordered was roasted a bit longer , so that fat was more of a melt-in-your-mouth experience -RRB- .","Food was very good as well , considering that we tried the budget selection -LRB- though I wish the pork belly that I ordered was roasted a bit longer , so that fat was more of a melt-in-your-mouth experience -RRB- .",pork belly,-1,negative
"Food was very good as well , considering that we tried the budget selection -LRB- though I wish the pork belly that I ordered was roasted a bit longer , so that $T$ was more of a melt-in-your-mouth experience -RRB- .","Food was very good as well , considering that we tried the budget selection -LRB- though I wish the pork belly that I ordered was roasted a bit longer , so that fat was more of a melt-in-your-mouth experience -RRB- .",fat,-1,negative
"i 've been to sapphire twice and both times the $T$ was fine , if not good .","i 've been to sapphire twice and both times the food was fine , if not good .",food,1,positive
It is kinda nosiy and the $T$ are close together but it 's still a beautiful place to enjoy a nice dinner .,It is kinda nosiy and the tables are close together but it 's still a beautiful place to enjoy a nice dinner .,tables,-1,negative
It is kinda nosiy and the tables are close together but it 's still a beautiful place to enjoy a nice $T$ .,It is kinda nosiy and the tables are close together but it 's still a beautiful place to enjoy a nice dinner .,dinner,1,positive
It is kinda nosiy and the tables are close together but it 's still a beautiful $T$ to enjoy a nice dinner .,It is kinda nosiy and the tables are close together but it 's still a beautiful place to enjoy a nice dinner .,place,1,positive
I love the fact that the $T$ tastes so good and is so cheap .,I love the fact that the pizza tastes so good and is so cheap .,pizza,1,positive
Nicky the Nose at the $T$ is a treat .,Nicky the Nose at the bar is a treat .,bar,0,neutral
"$T$ was prompt , friendly and great .","Service was prompt , friendly and great .",Service,1,positive
"I have n't eat a $T$ as delicious as that , the salads are really nice dressed with lemon and extra virgnin olive oil .","I have n't eat a lamb chop as delicious as that , the salads are really nice dressed with lemon and extra virgnin olive oil .",lamb chop,1,positive
"I have n't eat a lamb chop as delicious as that , the $T$ are really nice dressed with lemon and extra virgnin olive oil .","I have n't eat a lamb chop as delicious as that , the salads are really nice dressed with lemon and extra virgnin olive oil .",salads,1,positive
"I have n't eat a lamb chop as delicious as that , the salads are really nice dressed with $T$ and extra virgnin olive oil .","I have n't eat a lamb chop as delicious as that , the salads are really nice dressed with lemon and extra virgnin olive oil .",lemon,1,positive
"I have n't eat a lamb chop as delicious as that , the salads are really nice dressed with lemon and $T$ .","I have n't eat a lamb chop as delicious as that , the salads are really nice dressed with lemon and extra virgnin olive oil .",extra virgnin olive oil,1,positive
The $T$ was awful !,The sushi was awful !,sushi,-1,negative
You can get an excellent $T$ at most of the many Indian restaurants on nearby Lexington Avenue for the cost of one the dainty dishes here .,You can get an excellent meal at most of the many Indian restaurants on nearby Lexington Avenue for the cost of one the dainty dishes here .,meal,1,positive
You can get an excellent meal at most of the many Indian restaurants on nearby Lexington Avenue for the cost of one the dainty $T$ here .,You can get an excellent meal at most of the many Indian restaurants on nearby Lexington Avenue for the cost of one the dainty dishes here .,dishes,1,positive
"The $T$ was like buttah and with pickles and an icy cold beer to wash it down , it was a pleasurable experience .","The Pastrami sandwich was like buttah and with pickles and an icy cold beer to wash it down , it was a pleasurable experience .",Pastrami sandwich,1,positive
"The Pastrami sandwich was like buttah and with pickles and an icy cold $T$ to wash it down , it was a pleasurable experience .","The Pastrami sandwich was like buttah and with pickles and an icy cold beer to wash it down , it was a pleasurable experience .",beer,1,positive
"The Pastrami sandwich was like buttah and with $T$ and an icy cold beer to wash it down , it was a pleasurable experience .","The Pastrami sandwich was like buttah and with pickles and an icy cold beer to wash it down , it was a pleasurable experience .",pickles,1,positive
The $T$ was soggy and the creative wild mushroom -LRB- third generation-Fornini -RRB- pizza we had was drenched with truffle oil in the middle -LRB- again making it soggy -RRB- and nothingon the rest .,The plain pizza was soggy and the creative wild mushroom -LRB- third generation-Fornini -RRB- pizza we had was drenched with truffle oil in the middle -LRB- again making it soggy -RRB- and nothingon the rest .,plain pizza,-1,negative
The plain pizza was soggy and the creative wild mushroom -LRB- third generation-Fornini -RRB- pizza we had was drenched with $T$ in the middle -LRB- again making it soggy -RRB- and nothingon the rest .,The plain pizza was soggy and the creative wild mushroom -LRB- third generation-Fornini -RRB- pizza we had was drenched with truffle oil in the middle -LRB- again making it soggy -RRB- and nothingon the rest .,truffle oil,0,neutral
The plain pizza was soggy and the creative $T$ we had was drenched with truffle oil in the middle -LRB- again making it soggy -RRB- and nothingon the rest .,The plain pizza was soggy and the creative wild mushroom(third generation-Fornini) pizza we had was drenched with truffle oil in the middle -LRB- again making it soggy -RRB- and nothingon the rest .,wild mushroom(third generation-Fornini) pizza,1,positive
"Late nite $T$ are not good here , there is no variety !","Late nite omelletes are not good here , there is no variety !",omelletes,-1,negative
"After all that , they complained to me about the small $T$ .","After all that , they complained to me about the small tip .",tip,-1,negative
It 's a great place to pick up a cheap $T$ or dinner .,It 's a great place to pick up a cheap lunch or dinner .,lunch,1,positive
It 's a great place to pick up a cheap lunch or $T$ .,It 's a great place to pick up a cheap lunch or dinner .,dinner,1,positive
"Behind this $T$ , two men are squeezed in .","Behind this counter , two men are squeezed in .",counter,-1,negative
"Whenever you need a Sushi fix , Mizu will be there with quality $T$ and great service .","Whenever you need a Sushi fix , Mizu will be there with quality fish and great service .",fish,1,positive
"Whenever you need a Sushi fix , Mizu will be there with quality fish and great $T$ .","Whenever you need a Sushi fix , Mizu will be there with quality fish and great service .",service,1,positive
"Whenever you need a $T$ , Mizu will be there with quality fish and great service .","Whenever you need a Sushi fix , Mizu will be there with quality fish and great service .",Sushi fix,1,positive
"Our $T$ was sweet and accomodating , not overbearing .","Our waitress was sweet and accomodating , not overbearing .",waitress,1,positive
Went there with my wife and we had to wait for a table even though you could see there many that were empty with not $T$ on them .,Went there with my wife and we had to wait for a table even though you could see there many that were empty with not reservation sigh on them .,reservation sigh,0,neutral
Went there with my wife and we had to wait for a $T$ even though you could see there many that were empty with not reservation sigh on them .,Went there with my wife and we had to wait for a table even though you could see there many that were empty with not reservation sigh on them .,table,-1,negative
I was really disappointed ant wanted to tell everyone not to go eat or even take out $T$ from there .,I was really disappointed ant wanted to tell everyone not to go eat or even take out food from there .,food,-1,negative
"Despite a slightly limited $T$ , everything prepared is done to perfection , ultra fresh and a work of food art .","Despite a slightly limited menu , everything prepared is done to perfection , ultra fresh and a work of food art .",menu,-1,negative
"Despite a slightly limited menu , everything prepared is done to perfection , ultra fresh and a work of $T$ .","Despite a slightly limited menu , everything prepared is done to perfection , ultra fresh and a work of food art .",food art,1,positive
The $T$ of sitting on the sidewalk watching the world go by 50 feet away on 6th avenue on a cool evening was wonderful .,The outdoor atmosphere of sitting on the sidewalk watching the world go by 50 feet away on 6th avenue on a cool evening was wonderful .,outdoor atmosphere,1,positive
"A large is $ 20 , and $T$ are about $ 3 each .","A large is $ 20 , and toppings are about $ 3 each .",toppings,0,neutral
brick oven gallery is My pick for best $T$ restaurant anywhere .,brick oven gallery is My pick for best pizza restaurant anywhere .,pizza,1,positive
Add to that great $T$ and great food at a reasonable price and you have yourself the beginning of a great evening .,Add to that great service and great food at a reasonable price and you have yourself the beginning of a great evening .,service,1,positive
Add to that great service and great $T$ at a reasonable price and you have yourself the beginning of a great evening .,Add to that great service and great food at a reasonable price and you have yourself the beginning of a great evening .,food,1,positive
Add to that great service and great food at a reasonable $T$ and you have yourself the beginning of a great evening .,Add to that great service and great food at a reasonable price and you have yourself the beginning of a great evening .,price,1,positive
"For many people , this may not seem like Aunthentic $T$ because most places in NYC arent quite authentic .","For many people , this may not seem like Aunthentic Thai food because most places in NYC arent quite authentic .",Thai food,-1,negative
"Growing up in NY , I have eaten my share of $T$ .","Growing up in NY , I have eaten my share of bagels .",bagels,0,neutral
"Oh , do n't even let me start with how expensive the $T$ were !","Oh , do n't even let me start with how expensive the bills were !",bills,-1,negative
The $T$ and fried dumplings were nothing out of the ordinary .,The scallion pancakes and fried dumplings were nothing out of the ordinary .,scallion pancakes,0,neutral
The scallion pancakes and $T$ were nothing out of the ordinary .,The scallion pancakes and fried dumplings were nothing out of the ordinary .,fried dumplings,0,neutral
"All the $T$ and salads were fabulous , the steak was mouth watering and the pasta was delicious !!!","All the appetizers and salads were fabulous , the steak was mouth watering and the pasta was delicious !!!",appetizers,1,positive
"All the appetizers and $T$ were fabulous , the steak was mouth watering and the pasta was delicious !!!","All the appetizers and salads were fabulous , the steak was mouth watering and the pasta was delicious !!!",salads,1,positive
"All the appetizers and salads were fabulous , the $T$ was mouth watering and the pasta was delicious !!!","All the appetizers and salads were fabulous , the steak was mouth watering and the pasta was delicious !!!",steak,1,positive
"All the appetizers and salads were fabulous , the steak was mouth watering and the $T$ was delicious !!!","All the appetizers and salads were fabulous , the steak was mouth watering and the pasta was delicious !!!",pasta,1,positive
"Besides having the $T$ we had been promised given to other restaurant patrons twice before we were actually seated , we were served dishes we had n't ordered three times , received one of our orders 20 minutes after the rest of the table had been served -LRB- and that order was undercooked -RRB- , and charged $ 45 more than we should have been on our bill .","Besides having the table we had been promised given to other restaurant patrons twice before we were actually seated , we were served dishes we had n't ordered three times , received one of our orders 20 minutes after the rest of the table had been served -LRB- and that order was undercooked -RRB- , and charged $ 45 more than we should have been on our bill .",table,-1,negative
"Besides having the table we had been promised given to other restaurant patrons twice before we were actually seated , we were $T$ dishes we had n't ordered three times , received one of our orders 20 minutes after the rest of the table had been served -LRB- and that order was undercooked -RRB- , and charged $ 45 more than we should have been on our bill .","Besides having the table we had been promised given to other restaurant patrons twice before we were actually seated , we were served dishes we had n't ordered three times , received one of our orders 20 minutes after the rest of the table had been served -LRB- and that order was undercooked -RRB- , and charged $ 45 more than we should have been on our bill .",served,-1,negative
"Besides having the table we had been promised given to other restaurant patrons twice before we were actually seated , we were served $T$ we had n't ordered three times , received one of our orders 20 minutes after the rest of the table had been served -LRB- and that order was undercooked -RRB- , and charged $ 45 more than we should have been on our bill .","Besides having the table we had been promised given to other restaurant patrons twice before we were actually seated , we were served dishes we had n't ordered three times , received one of our orders 20 minutes after the rest of the table had been served -LRB- and that order was undercooked -RRB- , and charged $ 45 more than we should have been on our bill .",dishes,-1,negative
"Besides having the table we had been promised given to other restaurant patrons twice before we were actually seated , we were served dishes we had n't ordered three times , received one of our orders 20 minutes after the rest of the $T$ had been served -LRB- and that order was undercooked -RRB- , and charged $ 45 more than we should have been on our bill .","Besides having the table we had been promised given to other restaurant patrons twice before we were actually seated , we were served dishes we had n't ordered three times , received one of our orders 20 minutes after the rest of the table had been served -LRB- and that order was undercooked -RRB- , and charged $ 45 more than we should have been on our bill .",table,-1,negative
"Besides having the table we had been promised given to other restaurant patrons twice before we were actually seated , we were served dishes we had n't ordered three times , received one of our orders 20 minutes after the rest of the table had been $T$ -LRB- and that order was undercooked -RRB- , and charged $ 45 more than we should have been on our bill .","Besides having the table we had been promised given to other restaurant patrons twice before we were actually seated , we were served dishes we had n't ordered three times , received one of our orders 20 minutes after the rest of the table had been served -LRB- and that order was undercooked -RRB- , and charged $ 45 more than we should have been on our bill .",served,-1,negative
"Besides having the table we had been promised given to other restaurant patrons twice before we were actually seated , we were served dishes we had n't ordered three times , received one of our orders 20 minutes after the rest of the table had been served -LRB- and that order was undercooked -RRB- , and charged $ 45 more than we should have been on our $T$ .","Besides having the table we had been promised given to other restaurant patrons twice before we were actually seated , we were served dishes we had n't ordered three times , received one of our orders 20 minutes after the rest of the table had been served -LRB- and that order was undercooked -RRB- , and charged $ 45 more than we should have been on our bill .",bill,-1,negative
$T$ is top notch .,Service is top notch .,Service,1,positive
The $T$ now is inconsistent .,The food now is inconsistent .,food,-1,negative
"You can also special order any kind of $T$ , etc. .","You can also special order any kind of dumpling , etc. .",dumpling,1,positive
I was pretty much full after our $T$ .,I was pretty much full after our fondue appetizer .,fondue appetizer,0,neutral
BE CAREFUL before you request extra $T$ .,BE CAREFUL before you request extra spice .,spice,0,neutral
The octopus eaters were floored by the $T$ .,The octopus eaters were floored by the Octopus salad .,Octopus salad,1,positive
We thought that this place is using too much of MSG cooking in the $T$ .,We thought that this place is using too much of MSG cooking in the foods .,foods,-1,negative
We thought that this place is using too much of $T$ in the foods .,We thought that this place is using too much of MSG cooking in the foods .,MSG cooking,-1,negative
And the $T$ was pathetic .,And the Tom Kha soup was pathetic .,Tom Kha soup,-1,negative
I started out with a $T$ which was big enough for two .,I started out with a Bombay beer which was big enough for two .,Bombay beer,1,positive
"The $T$ is vibrant and eye-pleasing with several semi-private boths on the right side of the dining hall , which are great for a date .","The decor is vibrant and eye-pleasing with several semi-private boths on the right side of the dining hall , which are great for a date .",decor,1,positive
"The decor is vibrant and eye-pleasing with several semi-private boths on the right side of the $T$ , which are great for a date .","The decor is vibrant and eye-pleasing with several semi-private boths on the right side of the dining hall , which are great for a date .",dining hall,1,positive
"The decor is vibrant and eye-pleasing with several $T$ on the right side of the dining hall , which are great for a date .","The decor is vibrant and eye-pleasing with several semi-private boths on the right side of the dining hall , which are great for a date .",semi-private boths,1,positive
$T$ was quick .,Service was quick .,Service,1,positive
Drawbacks : $T$ is slow and they do n't toast !,Drawbacks : service is slow and they do n't toast !,service,-1,negative
Went there for an $T$ .,Went there for an office lunch .,office lunch,0,neutral
The $T$ was excellent as was the lamb chettinad and the garlic naan but the rasamalai was forgettable .,The sweet lassi was excellent as was the lamb chettinad and the garlic naan but the rasamalai was forgettable .,sweet lassi,1,positive
The sweet lassi was excellent as was the $T$ and the garlic naan but the rasamalai was forgettable .,The sweet lassi was excellent as was the lamb chettinad and the garlic naan but the rasamalai was forgettable .,lamb chettinad,1,positive
The sweet lassi was excellent as was the lamb chettinad and the $T$ but the rasamalai was forgettable .,The sweet lassi was excellent as was the lamb chettinad and the garlic naan but the rasamalai was forgettable .,garlic naan,1,positive
The sweet lassi was excellent as was the lamb chettinad and the garlic naan but the $T$ was forgettable .,The sweet lassi was excellent as was the lamb chettinad and the garlic naan but the rasamalai was forgettable .,rasamalai,-1,negative
"We 've been following chef Lyle 's food around New York for 15 years and while remaining classic , his innovations with $T$ have made us return and return .","We 've been following chef Lyle 's food around New York for 15 years and while remaining classic , his innovations with bistro fare have made us return and return .",bistro fare,1,positive
"We 've been following $T$ Lyle 's food around New York for 15 years and while remaining classic , his innovations with bistro fare have made us return and return .","We 've been following chef Lyle 's food around New York for 15 years and while remaining classic , his innovations with bistro fare have made us return and return .",chef,1,positive
"We 've been following chef Lyle 's $T$ around New York for 15 years and while remaining classic , his innovations with bistro fare have made us return and return .","We 've been following chef Lyle 's food around New York for 15 years and while remaining classic , his innovations with bistro fare have made us return and return .",food,1,positive
The best thing I tasted were the $T$ .,The best thing I tasted were the lambchops .,lambchops,1,positive
The $T$ and salmon are the best we 've ever had .,The spicy tuna and salmon are the best we 've ever had .,spicy tuna,1,positive
The spicy tuna and $T$ are the best we 've ever had .,The spicy tuna and salmon are the best we 've ever had .,salmon,1,positive
"Even though its good $T$ , the prices are too high .","Even though its good seafood , the prices are too high .",seafood,1,positive
"Even though its good seafood , the $T$ are too high .","Even though its good seafood , the prices are too high .",prices,-1,negative
"In addition , the $T$ is very good and the prices are reasonable .","In addition , the food is very good and the prices are reasonable .",food,1,positive
"In addition , the food is very good and the $T$ are reasonable .","In addition , the food is very good and the prices are reasonable .",prices,1,positive
"Upon entering , we were greeted by the $T$ , Steven and Frederick , who went out of their way to be more than gracious hosts .","Upon entering , we were greeted by the owners , Steven and Frederick , who went out of their way to be more than gracious hosts .",owners,1,positive
"Upon entering , we were greeted by the owners , Steven and Frederick , who went out of their way to be more than gracious $T$ .","Upon entering , we were greeted by the owners , Steven and Frederick , who went out of their way to be more than gracious hosts .",hosts,1,positive
Been going here since it opened have seen the $T$ decrease considerably .,Been going here since it opened have seen the quality value decrease considerably .,quality value,-1,negative
"$T$ now adorn the selections , although there 's still a large number of vegetarian-friendly choices .","Meat dishes now adorn the selections , although there 's still a large number of vegetarian-friendly choices .",Meat dishes,0,neutral
"Meat dishes now adorn the selections , although there 's still a large number of $T$ .","Meat dishes now adorn the selections , although there 's still a large number of vegetarian-friendly choices .",vegetarian-friendly choices,1,positive
Reasonable $T$ .,Reasonable prices .,prices,1,positive
they bring service up a notch by offerng complementary $T$ to all tables and gave us a small dessert for our celebration .,they bring service up a notch by offerng complementary amuse bouche to all tables and gave us a small dessert for our celebration .,amuse bouche,1,positive
they bring service up a notch by offerng complementary amuse bouche to all tables and gave us a small $T$ for our celebration .,they bring service up a notch by offerng complementary amuse bouche to all tables and gave us a small dessert for our celebration .,dessert,1,positive
they bring service up a notch by offerng complementary amuse bouche to all $T$ and gave us a small dessert for our celebration .,they bring service up a notch by offerng complementary amuse bouche to all tables and gave us a small dessert for our celebration .,tables,1,positive
they bring $T$ up a notch by offerng complementary amuse bouche to all tables and gave us a small dessert for our celebration .,they bring service up a notch by offerng complementary amuse bouche to all tables and gave us a small dessert for our celebration .,service,1,positive
"Try the $T$ , it is to die for .","Try the crunchy tuna , it is to die for .",crunchy tuna,1,positive
It wo n't break the bank but I also wouldnt come back for the $T$ .,It wo n't break the bank but I also wouldnt come back for the food .,food,-1,negative
"All in all , this midtown gem instantly became one of my favorite $T$ restaurants in the city .","All in all , this midtown gem instantly became one of my favorite sushi restaurants in the city .",sushi,1,positive
It is a lot of fun with $T$ and all kinds of Disney type special effects .,It is a lot of fun with live entertainment and all kinds of Disney type special effects .,live entertainment,1,positive
It is a lot of fun with live entertainment and all kinds of Disney type $T$ .,It is a lot of fun with live entertainment and all kinds of Disney type special effects .,special effects,1,positive
"if you 're looking for perfect traditional $T$ , go here - if you 're looking for interesting combinations , try sushi of gari 's -LRB- east side -RRB- .","if you 're looking for perfect traditional sushi , go here - if you 're looking for interesting combinations , try sushi of gari 's -LRB- east side -RRB- .",sushi,1,positive
"if you 're looking for perfect traditional sushi , go here - if you 're looking for interesting combinations , try $T$ of gari 's -LRB- east side -RRB- .","if you 're looking for perfect traditional sushi , go here - if you 're looking for interesting combinations , try sushi of gari 's -LRB- east side -RRB- .",sushi,1,positive
"No refills on $T$ , though .","No refills on fountain drinks , though .",fountain drinks,-1,negative
Wow over 100 $T$ to choose from .,Wow over 100 beers to choose from .,beers,1,positive
Be careful of $T$ - they 're HUGE .,Be careful of portions - they 're HUGE .,portions,1,positive
"The $T$ is a great bet , they fix it for you at the table .","The Steak Tartare is a great bet , they fix it for you at the table .",Steak Tartare,1,positive
My first time there I happened not to like the $T$ that i ordered and they were happy to change it for me without making no big deal .,My first time there I happened not to like the Crab Croquette apt that i ordered and they were happy to change it for me without making no big deal .,Crab Croquette apt,-1,negative
Great for large groups and celebrations - our SUPER HAPPY $T$ was the entertainment of the evening .,Great for large groups and celebrations - our SUPER HAPPY waiter was the entertainment of the evening .,waiter,1,positive
Did I mention the $T$ ?,Did I mention the wine ?,wine,0,neutral
"Plus , on Wednesday nights the $T$ is unlimited !","Plus , on Wednesday nights the house wine is unlimited !",house wine,1,positive
like saying her $T$ comes from a special bakery when we have seen her buying it dowtown manhathan .,like saying her bread comes from a special bakery when we have seen her buying it dowtown manhathan .,bread,-1,negative
The $T$ here are a bit larger than I 'm used to .,The dim sum servings here are a bit larger than I 'm used to .,dim sum servings,0,neutral
"However , in the summer of 2003 , it seems the $T$ has changed and the great big door has been replaced for a glass front ridding itself of the dark romantic getup .","However , in the summer of 2003 , it seems the management has changed and the great big door has been replaced for a glass front ridding itself of the dark romantic getup .",management,0,neutral
"However , in the summer of 2003 , it seems the management has changed and the great big $T$ has been replaced for a glass front ridding itself of the dark romantic getup .","However , in the summer of 2003 , it seems the management has changed and the great big door has been replaced for a glass front ridding itself of the dark romantic getup .",door,1,positive
"However , in the summer of 2003 , it seems the management has changed and the great big door has been replaced for a $T$ ridding itself of the dark romantic getup .","However , in the summer of 2003 , it seems the management has changed and the great big door has been replaced for a glass front ridding itself of the dark romantic getup .",glass front,-1,negative
We wo n't go to this place again for a good $T$ .,We wo n't go to this place again for a good meal .,meal,-1,negative
"$T$ was gorgeously moist - as if poached - yet the fabulous texture was let down by curiously bland seasoning - a spice rub might have overwhelmed , however herb mix or other sauce would have done much to enhance .","Barbecued codfish was gorgeously moist - as if poached - yet the fabulous texture was let down by curiously bland seasoning - a spice rub might have overwhelmed , however herb mix or other sauce would have done much to enhance .",Barbecued codfish,1,positive
"Barbecued codfish was gorgeously moist - as if poached - yet the fabulous texture was let down by curiously bland $T$ - a spice rub might have overwhelmed , however herb mix or other sauce would have done much to enhance .","Barbecued codfish was gorgeously moist - as if poached - yet the fabulous texture was let down by curiously bland seasoning - a spice rub might have overwhelmed , however herb mix or other sauce would have done much to enhance .",seasoning,-1,negative
"Barbecued codfish was gorgeously moist - as if poached - yet the fabulous texture was let down by curiously bland seasoning - a $T$ might have overwhelmed , however herb mix or other sauce would have done much to enhance .","Barbecued codfish was gorgeously moist - as if poached - yet the fabulous texture was let down by curiously bland seasoning - a spice rub might have overwhelmed , however herb mix or other sauce would have done much to enhance .",spice rub,-1,negative
"Barbecued codfish was gorgeously moist - as if poached - yet the fabulous texture was let down by curiously bland seasoning - a spice rub might have overwhelmed , however $T$ or other sauce would have done much to enhance .","Barbecued codfish was gorgeously moist - as if poached - yet the fabulous texture was let down by curiously bland seasoning - a spice rub might have overwhelmed , however herb mix or other sauce would have done much to enhance .",herb mix,-1,negative
"Barbecued codfish was gorgeously moist - as if poached - yet the fabulous texture was let down by curiously bland seasoning - a spice rub might have overwhelmed , however herb mix or other $T$ would have done much to enhance .","Barbecued codfish was gorgeously moist - as if poached - yet the fabulous texture was let down by curiously bland seasoning - a spice rub might have overwhelmed , however herb mix or other sauce would have done much to enhance .",sauce,-1,negative
"After dinner , take your date to the HUGE $T$ , probably one of the biggest you 'll see in NY .","After dinner , take your date to the HUGE dance floor , probably one of the biggest you 'll see in NY .",dance floor,1,positive
"After $T$ , take your date to the HUGE dance floor , probably one of the biggest you 'll see in NY .","After dinner , take your date to the HUGE dance floor , probably one of the biggest you 'll see in NY .",dinner,0,neutral
Taj Mahal offeres gret $T$ and great food .,Taj Mahal offeres gret value and great food .,value,1,positive
Taj Mahal offeres gret value and great $T$ .,Taj Mahal offeres gret value and great food .,food,1,positive
Has the $T$ and owner changed ???,Has the chef and owner changed ???,chef,0,neutral
Has the chef and $T$ changed ???,Has the chef and owner changed ???,owner,0,neutral
My boyfriend and I recently had an early $T$ at Artisanal and was satisfied with our experience .,My boyfriend and I recently had an early dinner at Artisanal and was satisfied with our experience .,dinner,1,positive
"But do n't ever order $T$ late at nite -LRB- either platter or in sandwiches , for that matter do n't from any take out place -RRB- as it is from the morning frying turns out hard almost like bacos , hurt my molars .","But do n't ever order bacon late at nite -LRB- either platter or in sandwiches , for that matter do n't from any take out place -RRB- as it is from the morning frying turns out hard almost like bacos , hurt my molars .",bacon,-1,negative
"But do n't ever order bacon late at nite -LRB- either $T$ or in sandwiches , for that matter do n't from any take out place -RRB- as it is from the morning frying turns out hard almost like bacos , hurt my molars .","But do n't ever order bacon late at nite -LRB- either platter or in sandwiches , for that matter do n't from any take out place -RRB- as it is from the morning frying turns out hard almost like bacos , hurt my molars .",platter,-1,negative
"But do n't ever order bacon late at nite -LRB- either platter or $T$ , for that matter do n't from any take out place -RRB- as it is from the morning frying turns out hard almost like bacos , hurt my molars .","But do n't ever order bacon late at nite -LRB- either platter or in sandwiches , for that matter do n't from any take out place -RRB- as it is from the morning frying turns out hard almost like bacos , hurt my molars .",in sandwiches,-1,negative
"But do n't ever order bacon late at nite -LRB- either platter or in sandwiches , for that matter do n't from any take out place -RRB- as it is from the morning $T$ turns out hard almost like bacos , hurt my molars .","But do n't ever order bacon late at nite -LRB- either platter or in sandwiches , for that matter do n't from any take out place -RRB- as it is from the morning frying turns out hard almost like bacos , hurt my molars .",frying,-1,negative
"But do n't ever order bacon late at nite -LRB- either platter or in sandwiches , for that matter do n't from any take out place -RRB- as it is from the morning frying turns out hard almost like $T$ , hurt my molars .","But do n't ever order bacon late at nite -LRB- either platter or in sandwiches , for that matter do n't from any take out place -RRB- as it is from the morning frying turns out hard almost like bacos , hurt my molars .",bacos,-1,negative
"Outstanding $T$ , but you get what you pay for .","Outstanding Bagels , but you get what you pay for .",Bagels,1,positive
"$T$ - the only pizza in NYC that should not have additional toppings - the crust tastes like the best , freshly baked bread !","Pizza - the only pizza in NYC that should not have additional toppings - the crust tastes like the best , freshly baked bread !",Pizza,1,positive
"Pizza - the only pizza in NYC that should not have additional toppings - the $T$ tastes like the best , freshly baked bread !","Pizza - the only pizza in NYC that should not have additional toppings - the crust tastes like the best , freshly baked bread !",crust,1,positive
"Pizza - the only $T$ in NYC that should not have additional toppings - the crust tastes like the best , freshly baked bread !","Pizza - the only pizza in NYC that should not have additional toppings - the crust tastes like the best , freshly baked bread !",pizza,1,positive
"Pizza - the only pizza in NYC that should not have additional $T$ - the crust tastes like the best , freshly baked bread !","Pizza - the only pizza in NYC that should not have additional toppings - the crust tastes like the best , freshly baked bread !",toppings,0,neutral
"Pizza - the only pizza in NYC that should not have additional toppings - the crust tastes like the best , freshly baked $T$ !","Pizza - the only pizza in NYC that should not have additional toppings - the crust tastes like the best , freshly baked bread !",bread,1,positive
"I found it on a cold night , the perfect $T$ to warm up .","I found it on a cold night , the perfect spot to warm up .",spot,1,positive
They even have a section in the $T$ called American Chinese food !,They even have a section in the menu called American Chinese food !,menu,-1,negative
They even have a section in the menu called $T$ !,They even have a section in the menu called American Chinese food !,American Chinese food,-1,negative
"$T$ was warm and attentive , beef carpaachio was exellent -LRB- huge portion -RRB- and pasta was fresh and well-prepared .","Service was warm and attentive , beef carpaachio was exellent -LRB- huge portion -RRB- and pasta was fresh and well-prepared .",Service,1,positive
"Service was warm and attentive , $T$ was exellent -LRB- huge portion -RRB- and pasta was fresh and well-prepared .","Service was warm and attentive , beef carpaachio was exellent -LRB- huge portion -RRB- and pasta was fresh and well-prepared .",beef carpaachio,1,positive
"Service was warm and attentive , beef carpaachio was exellent -LRB- huge portion -RRB- and $T$ was fresh and well-prepared .","Service was warm and attentive , beef carpaachio was exellent -LRB- huge portion -RRB- and pasta was fresh and well-prepared .",pasta,1,positive
"Service was warm and attentive , beef carpaachio was exellent -LRB- huge $T$ -RRB- and pasta was fresh and well-prepared .","Service was warm and attentive , beef carpaachio was exellent -LRB- huge portion -RRB- and pasta was fresh and well-prepared .",portion,1,positive
$T$ and nebbiolo do work together .,kalbi and nebbiolo do work together .,kalbi,0,neutral
kalbi and $T$ do work together .,kalbi and nebbiolo do work together .,nebbiolo,0,neutral
"Best $T$ I ever had -LRB- and being Italian , that means alot -RRB- .","Best Italian food I ever had -LRB- and being Italian , that means alot -RRB- .",Italian food,1,positive
I will recommend Scopa to all of my friends for a place to go for wonderful $T$ .,I will recommend Scopa to all of my friends for a place to go for wonderful Italian food .,Italian food,1,positive
$T$ at the end of a magnificent block .,Located at the end of a magnificent block .,Located,1,positive
"Looking around , I saw a room full of New Yorkers enjoying a real $T$ in a real restaurant , not a clubhouse of the fabulous trying to be seen .","Looking around , I saw a room full of New Yorkers enjoying a real meal in a real restaurant , not a clubhouse of the fabulous trying to be seen .",meal,1,positive
"Looking around , I saw a $T$ full of New Yorkers enjoying a real meal in a real restaurant , not a clubhouse of the fabulous trying to be seen .","Looking around , I saw a room full of New Yorkers enjoying a real meal in a real restaurant , not a clubhouse of the fabulous trying to be seen .",room,0,neutral
"Looking around , I saw a room full of New Yorkers enjoying a real meal in a real restaurant , not a $T$ of the fabulous trying to be seen .","Looking around , I saw a room full of New Yorkers enjoying a real meal in a real restaurant , not a clubhouse of the fabulous trying to be seen .",clubhouse,-1,negative
They do n't walk around with the $T$ .,They do n't walk around with the trays of Dim Sum .,trays of Dim Sum,0,neutral
"Great $T$ , most gorgeous bartenders you 've ever seen -LRB- specifically the blond lady -RRB- .","Great bar , most gorgeous bartenders you 've ever seen -LRB- specifically the blond lady -RRB- .",bar,1,positive
"Great bar , most gorgeous $T$ you 've ever seen -LRB- specifically the blond lady -RRB- .","Great bar , most gorgeous bartenders you 've ever seen -LRB- specifically the blond lady -RRB- .",bartenders,1,positive
We were planning to get $T$ but the waitress basically through the bill at us before we had a chance to order .,We were planning to get dessert but the waitress basically through the bill at us before we had a chance to order .,dessert,0,neutral
We were planning to get dessert but the $T$ basically through the bill at us before we had a chance to order .,We were planning to get dessert but the waitress basically through the bill at us before we had a chance to order .,waitress,-1,negative
We were planning to get dessert but the waitress basically through the $T$ at us before we had a chance to order .,We were planning to get dessert but the waitress basically through the bill at us before we had a chance to order .,bill,0,neutral
I really loved the different and inovated touch that 's the $T$ gives to the food .,I really loved the different and inovated touch that 's the cheff gives to the food .,cheff,1,positive
I really loved the different and inovated touch that 's the cheff gives to the $T$ .,I really loved the different and inovated touch that 's the cheff gives to the food .,food,1,positive
They came out over cooked and the $T$ was almost non existant .,They came out over cooked and the cheese was almost non existant .,cheese,-1,negative
"I had a terrific $T$ , and our server guided us toward a very nice wine in our price range , instead of allowing us to purchase a similarly priced wine that was n't as good .","I had a terrific meal , and our server guided us toward a very nice wine in our price range , instead of allowing us to purchase a similarly priced wine that was n't as good .",meal,1,positive
"I had a terrific meal , and our $T$ guided us toward a very nice wine in our price range , instead of allowing us to purchase a similarly priced wine that was n't as good .","I had a terrific meal , and our server guided us toward a very nice wine in our price range , instead of allowing us to purchase a similarly priced wine that was n't as good .",server,1,positive
"I had a terrific meal , and our server guided us toward a very nice $T$ in our price range , instead of allowing us to purchase a similarly priced wine that was n't as good .","I had a terrific meal , and our server guided us toward a very nice wine in our price range , instead of allowing us to purchase a similarly priced wine that was n't as good .",wine,1,positive
"I had a terrific meal , and our server guided us toward a very nice wine in our price range , instead of allowing us to purchase a similarly priced $T$ that was n't as good .","I had a terrific meal , and our server guided us toward a very nice wine in our price range , instead of allowing us to purchase a similarly priced wine that was n't as good .",wine,-1,negative
"I had a terrific meal , and our server guided us toward a very nice wine in our $T$ e , instead of allowing us to purchase a similarly priced wine that was n't as good .","I had a terrific meal , and our server guided us toward a very nice wine in our price rang e , instead of allowing us to purchase a similarly priced wine that was n't as good .",price rang,1,positive
"I had a terrific meal , and our server guided us toward a very nice wine in our price range , instead of allowing us to purchase a similarly $T$ wine that was n't as good .","I had a terrific meal , and our server guided us toward a very nice wine in our price range , instead of allowing us to purchase a similarly priced wine that was n't as good .",priced,0,neutral
"The $T$ can be a bit rude at times , esp if you have big group , but overall the restaurant is a must !","The svc can be a bit rude at times , esp if you have big group , but overall the restaurant is a must !",svc,-1,negative
"The $T$ is good , especially their more basic dishes , and the drinks are delicious .","The food is good , especially their more basic dishes , and the drinks are delicious .",food,1,positive
"The food is good , especially their more basic $T$ , and the drinks are delicious .","The food is good , especially their more basic dishes , and the drinks are delicious .",dishes,1,positive
"The food is good , especially their more basic dishes , and the $T$ are delicious .","The food is good , especially their more basic dishes , and the drinks are delicious .",drinks,1,positive
But the main hit was the $T$ .,But the main hit was the whole grilled fish .,whole grilled fish,1,positive
"I had the $T$ with sake , mushroom ravioli with pinot noir , and the chocolate sampler with a dessert wine for $ 49 .","I had the tuna tartare with sake , mushroom ravioli with pinot noir , and the chocolate sampler with a dessert wine for $ 49 .",tuna tartare,1,positive
"I had the tuna tartare with $T$ , mushroom ravioli with pinot noir , and the chocolate sampler with a dessert wine for $ 49 .","I had the tuna tartare with sake , mushroom ravioli with pinot noir , and the chocolate sampler with a dessert wine for $ 49 .",sake,1,positive
"I had the tuna tartare with sake , $T$ with pinot noir , and the chocolate sampler with a dessert wine for $ 49 .","I had the tuna tartare with sake , mushroom ravioli with pinot noir , and the chocolate sampler with a dessert wine for $ 49 .",mushroom ravioli,1,positive
"I had the tuna tartare with sake , mushroom ravioli with $T$ , and the chocolate sampler with a dessert wine for $ 49 .","I had the tuna tartare with sake , mushroom ravioli with pinot noir , and the chocolate sampler with a dessert wine for $ 49 .",pinot noir,1,positive
"I had the tuna tartare with sake , mushroom ravioli with pinot noir , and the $T$ with a dessert wine for $ 49 .","I had the tuna tartare with sake , mushroom ravioli with pinot noir , and the chocolate sampler with a dessert wine for $ 49 .",chocolate sampler,1,positive
"I had the tuna tartare with sake , mushroom ravioli with pinot noir , and the chocolate sampler with a $T$ for $ 49 .","I had the tuna tartare with sake , mushroom ravioli with pinot noir , and the chocolate sampler with a dessert wine for $ 49 .",dessert wine,1,positive
On a hot day it was fabulous to stop in and enjoy $T$ .,On a hot day it was fabulous to stop in and enjoy lunch .,lunch,1,positive
The $T$ is delicious and beautifully prepared along with the friendly and personable service .,The food is delicious and beautifully prepared along with the friendly and personable service .,food,1,positive
The food is delicious and beautifully prepared along with the friendly and personable $T$ .,The food is delicious and beautifully prepared along with the friendly and personable service .,service,1,positive
I usually go there later at night when I get off work so I do n't have to deal with crowds or $T$ .,I usually go there later at night when I get off work so I do n't have to deal with crowds or lines .,lines,-1,negative
I usually go there later at night when I get off work so I do n't have to deal with $T$ or lines .,I usually go there later at night when I get off work so I do n't have to deal with crowds or lines .,crowds,-1,negative
$T$ here is consistently good .,Pizza here is consistently good .,Pizza,1,positive
We had a great tiem watching the $T$ and characters and ar food was just what we were looking for .,We had a great tiem watching the shows and characters and ar food was just what we were looking for .,shows,1,positive
We had a great tiem watching the shows and characters and ar $T$ was just what we were looking for .,We had a great tiem watching the shows and characters and ar food was just what we were looking for .,food,1,positive
We had a great tiem watching the shows and $T$ and ar food was just what we were looking for .,We had a great tiem watching the shows and characters and ar food was just what we were looking for .,characters,1,positive
"After 2 tries by the $T$ to take it away -LRB- we had n't even looked at it yet , we had full beers yet to drink -RRB- , the manager approached and told us they needed the table for people with reservations .","After 2 tries by the waiter to take it away -LRB- we had n't even looked at it yet , we had full beers yet to drink -RRB- , the manager approached and told us they needed the table for people with reservations .",waiter,-1,negative
"After 2 tries by the waiter to take it away -LRB- we had n't even looked at it yet , we had full $T$ yet to drink -RRB- , the manager approached and told us they needed the table for people with reservations .","After 2 tries by the waiter to take it away -LRB- we had n't even looked at it yet , we had full beers yet to drink -RRB- , the manager approached and told us they needed the table for people with reservations .",beers,0,neutral
"After 2 tries by the waiter to take it away -LRB- we had n't even looked at it yet , we had full beers yet to drink -RRB- , the $T$ approached and told us they needed the table for people with reservations .","After 2 tries by the waiter to take it away -LRB- we had n't even looked at it yet , we had full beers yet to drink -RRB- , the manager approached and told us they needed the table for people with reservations .",manager,-1,negative
"After 2 tries by the waiter to take it away -LRB- we had n't even looked at it yet , we had full beers yet to drink -RRB- , the manager approached and told us they needed the table for people with $T$ .","After 2 tries by the waiter to take it away -LRB- we had n't even looked at it yet , we had full beers yet to drink -RRB- , the manager approached and told us they needed the table for people with reservations .",reservations,1,positive
Would n't recomend it for $T$ !,Would n't recomend it for dinner !,dinner,-1,negative
$T$ was watery and the food did n't have much flavor .,Sauce was watery and the food did n't have much flavor .,Sauce,-1,negative
Sauce was watery and the $T$ did n't have much flavor .,Sauce was watery and the food did n't have much flavor .,food,-1,negative
Sauce was watery and the food did n't have much $T$ .,Sauce was watery and the food did n't have much flavor .,flavor,-1,negative
My husband and I enjoy $T$ .,My husband and I enjoy Sangria .,Sangria,1,positive
"But after last night , Spice Grill is the only place I 'm eating $T$ .","But after last night , Spice Grill is the only place I 'm eating indian cuisine .",indian cuisine,1,positive
We both opted for a $T$ and they were served timely and fresh .,We both opted for a pasta dish and they were served timely and fresh .,pasta dish,1,positive
We both opted for a pasta dish and they were $T$ timely and fresh .,We both opted for a pasta dish and they were served timely and fresh .,served,1,positive
"First the wrong $T$ came out with the appetizer , then when i tried to order a second glass of wine for my main course ...","First the wrong bread came out with the appetizer , then when i tried to order a second glass of wine for my main course ...",bread,-1,negative
"First the wrong bread came out with the $T$ , then when i tried to order a second glass of wine for my main course ...","First the wrong bread came out with the appetizer , then when i tried to order a second glass of wine for my main course ...",appetizer,0,neutral
"First the wrong bread came out with the appetizer , then when i tried to order a second $T$ for my main course ...","First the wrong bread came out with the appetizer , then when i tried to order a second glass of wine for my main course ...",glass of wine,0,neutral
"First the wrong bread came out with the appetizer , then when i tried to order a second glass of wine for my $T$ ...","First the wrong bread came out with the appetizer , then when i tried to order a second glass of wine for my main course ...",main course,0,neutral
"Not sure where the previous reviewer , lonk , dined , but Saul is in a great $T$ and has great food !","Not sure where the previous reviewer , lonk , dined , but Saul is in a great neighborhood and has great food !",neighborhood,1,positive
"Not sure where the previous reviewer , lonk , dined , but Saul is in a great neighborhood and has great $T$ !","Not sure where the previous reviewer , lonk , dined , but Saul is in a great neighborhood and has great food !",food,1,positive
"In an area sadly lacking in decent $T$ , this is one of the best spots .","In an area sadly lacking in decent Thai food , this is one of the best spots .",Thai food,1,positive
Tell them Herky sent you and get a free confused look from the $T$ .,Tell them Herky sent you and get a free confused look from the waiter .,waiter,-1,negative
Make reservations but expect to be delayed 15-20 minutes as the $T$ was having difficulty seating guests who arrived with a reservation because they probably had a lot of walk ins being so close to Time Square .,Make reservations but expect to be delayed 15-20 minutes as the hosting staff was having difficulty seating guests who arrived with a reservation because they probably had a lot of walk ins being so close to Time Square .,hosting staff,-1,negative
Make $T$ but expect to be delayed 15-20 minutes as the hosting staff was having difficulty seating guests who arrived with a reservation because they probably had a lot of walk ins being so close to Time Square .,Make reservations but expect to be delayed 15-20 minutes as the hosting staff was having difficulty seating guests who arrived with a reservation because they probably had a lot of walk ins being so close to Time Square .,reservations,-1,negative
Make reservations but expect to be delayed 15-20 minutes as the hosting staff was having difficulty seating guests who arrived with a $T$ because they probably had a lot of walk ins being so close to Time Square .,Make reservations but expect to be delayed 15-20 minutes as the hosting staff was having difficulty seating guests who arrived with a reservation because they probably had a lot of walk ins being so close to Time Square .,reservation,0,neutral
Make reservations but expect to be delayed 15-20 minutes as the hosting staff was having difficulty $T$ guests who arrived with a reservation because they probably had a lot of walk ins being so close to Time Square .,Make reservations but expect to be delayed 15-20 minutes as the hosting staff was having difficulty seating guests who arrived with a reservation because they probably had a lot of walk ins being so close to Time Square .,seating,-1,negative
The $T$ was average or above including some surprising tasty dishes .,The food was average or above including some surprising tasty dishes .,food,1,positive
The food was average or above including some surprising tasty $T$ .,The food was average or above including some surprising tasty dishes .,dishes,1,positive
They do n't seem to place an emphasis on $T$ or fresh ingredients which to me is necessary for good thai .,They do n't seem to place an emphasis on specials or fresh ingredients which to me is necessary for good thai .,specials,-1,negative
They do n't seem to place an emphasis on specials or fresh $T$ which to me is necessary for good thai .,They do n't seem to place an emphasis on specials or fresh ingredients which to me is necessary for good thai .,ingredients,-1,negative
They do n't seem to place an emphasis on specials or fresh ingredients which to me is necessary for good $T$ .,They do n't seem to place an emphasis on specials or fresh ingredients which to me is necessary for good thai .,thai,0,neutral
Other $T$ and food,Other apetizers and food,apetizers,0,neutral
Other apetizers and $T$,Other apetizers and food,food,0,neutral
The $T$ taste great .,The noodle and rices dishes taste great .,noodle and rices dishes,1,positive
The $T$ 's as good as ever .,The food 's as good as ever .,food,1,positive
"The $T$ is thin , the ingredients are fresh and the staff is friendly .","The crust is thin , the ingredients are fresh and the staff is friendly .",crust,1,positive
"The crust is thin , the ingredients are fresh and the $T$ is friendly .","The crust is thin , the ingredients are fresh and the staff is friendly .",staff,1,positive
"The crust is thin , the $T$ are fresh and the staff is friendly .","The crust is thin , the ingredients are fresh and the staff is friendly .",ingredients,1,positive
Also a little more expensive than your average $T$ place .,Also a little more expensive than your average bagel place .,bagel,0,neutral
"the $T$ was undercooked-the sauce watery , and the vegetables raw .","the food was undercooked-the sauce watery , and the vegetables raw .",food,-1,negative
"the food was undercooked-the sauce watery , and the $T$ raw .","the food was undercooked-the sauce watery , and the vegetables raw .",vegetables,-1,negative
"the food was undercooked-the $T$ watery , and the vegetables raw .","the food was undercooked-the sauce watery , and the vegetables raw .",sauce,-1,negative
And the $T$ had just enough kick to them to make 'em worth eating .,And the fried clams had just enough kick to them to make 'em worth eating .,fried clams,1,positive
The $T$ used are also not that exciting .,The sauces used are also not that exciting .,sauces,-1,negative
The secret is the $T$ which offers a complimentary appetizer with every entree ordered .,The secret is the lunch menu which offers a complimentary appetizer with every entree ordered .,lunch menu,1,positive
The secret is the lunch menu which offers a complimentary $T$ with every entree ordered .,The secret is the lunch menu which offers a complimentary appetizer with every entree ordered .,appetizer,1,positive
The secret is the lunch menu which offers a complimentary appetizer with every $T$ ordered .,The secret is the lunch menu which offers a complimentary appetizer with every entree ordered .,entree,1,positive
The $T$ was poor quality and was cooked so badly it was hard .,The rice was poor quality and was cooked so badly it was hard .,rice,-1,negative
The rice was poor $T$ and was cooked so badly it was hard .,The rice was poor quality and was cooked so badly it was hard .,quality,-1,negative
The rice was poor quality and was $T$ so badly it was hard .,The rice was poor quality and was cooked so badly it was hard .,cooked,-1,negative
We had $T$ and caviar and felt like princesses !,We had champagne and caviar and felt like princesses !,champagne,1,positive
We had champagne and $T$ and felt like princesses !,We had champagne and caviar and felt like princesses !,caviar,1,positive
The $T$ was excellent and the antipasti were plentiful .,The shrimp scampi was excellent and the antipasti were plentiful .,shrimp scampi,1,positive
The shrimp scampi was excellent and the $T$ were plentiful .,The shrimp scampi was excellent and the antipasti were plentiful .,antipasti,1,positive
"When my $T$ came , there was a candle in it - not because anyone asked for one - but because the waiter must have seen me opening my birthday card and gift , and said he knew it was a special occassion of some sort .","When my dessert came , there was a candle in it - not because anyone asked for one - but because the waiter must have seen me opening my birthday card and gift , and said he knew it was a special occassion of some sort .",dessert,0,neutral
"When my dessert came , there was a candle in it - not because anyone asked for one - but because the $T$ must have seen me opening my birthday card and gift , and said he knew it was a special occassion of some sort .","When my dessert came , there was a candle in it - not because anyone asked for one - but because the waiter must have seen me opening my birthday card and gift , and said he knew it was a special occassion of some sort .",waiter,1,positive
"I got the $ 10 10-piece $T$ , every bite of which was great .","I got the $ 10 10-piece dim sum combo , every bite of which was great .",dim sum combo,1,positive
There is also very limited $T$ and there can be a substantial wait in getting food at peak times .,There is also very limited seating and there can be a substantial wait in getting food at peak times .,seating,-1,negative
There is also very limited seating and there can be a substantial wait in getting $T$ at peak times .,There is also very limited seating and there can be a substantial wait in getting food at peak times .,food,0,neutral
There is also very limited seating and there can be a substantial $T$ in getting food at peak times .,There is also very limited seating and there can be a substantial wait in getting food at peak times .,wait,-1,negative
"If it 's just a quick $T$ at the bar -LRB- which I recommend Jeffery 's -RRB- or a mind blowing Roast Chicken , go to Village !","If it 's just a quick martini at the bar -LRB- which I recommend Jeffery 's -RRB- or a mind blowing Roast Chicken , go to Village !",martini,0,neutral
"If it 's just a quick martini at the $T$ -LRB- which I recommend Jeffery 's -RRB- or a mind blowing Roast Chicken , go to Village !","If it 's just a quick martini at the bar -LRB- which I recommend Jeffery 's -RRB- or a mind blowing Roast Chicken , go to Village !",bar,0,neutral
"If it 's just a quick martini at the bar -LRB- which I recommend Jeffery 's -RRB- or a mind blowing $T$ , go to Village !","If it 's just a quick martini at the bar -LRB- which I recommend Jeffery 's -RRB- or a mind blowing Roast Chicken , go to Village !",Roast Chicken,1,positive
"There was a long wait for a $T$ outside , but it was a little too hot in the sun anyway so our insde table was very nice .","There was a long wait for a table outside , but it was a little too hot in the sun anyway so our insde table was very nice .",table,0,neutral
"There was a long wait for a table outside , but it was a little too hot in the sun anyway so our $T$ was very nice .","There was a long wait for a table outside , but it was a little too hot in the sun anyway so our insde table was very nice .",insde table,1,positive
"There was a long $T$ for a table outside , but it was a little too hot in the sun anyway so our insde table was very nice .","There was a long wait for a table outside , but it was a little too hot in the sun anyway so our insde table was very nice .",wait,-1,negative
The $T$ are wonderfully low .,The prices are wonderfully low .,prices,1,positive
If you like spicy food get the $T$ .,If you like spicy food get the chicken vindaloo .,chicken vindaloo,0,neutral
If you like $T$ get the chicken vindaloo .,If you like spicy food get the chicken vindaloo .,spicy food,0,neutral
I have never been disappointed but their true strength lays in their amazingly delicious and cheap $T$ .,I have never been disappointed but their true strength lays in their amazingly delicious and cheap lunch specials .,lunch specials,1,positive
"So much more than the usual $T$ , go there to enjoy the menu while sampling one of their hand-crafted beers .","So much more than the usual bar food , go there to enjoy the menu while sampling one of their hand-crafted beers .",bar food,1,positive
"So much more than the usual bar food , go there to enjoy the $T$ while sampling one of their hand-crafted beers .","So much more than the usual bar food , go there to enjoy the menu while sampling one of their hand-crafted beers .",menu,1,positive
"So much more than the usual bar food , go there to enjoy the menu while sampling one of their $T$ .","So much more than the usual bar food , go there to enjoy the menu while sampling one of their hand-crafted beers .",hand-crafted beers,1,positive
No free $T$ .,No free drink .,drink,0,neutral
This is my first time writing a review for a restaurant because the $T$ and service was excellent .,This is my first time writing a review for a restaurant because the food and service was excellent .,food,1,positive
This is my first time writing a review for a restaurant because the food and $T$ was excellent .,This is my first time writing a review for a restaurant because the food and service was excellent .,service,1,positive
"While they keep the $T$ to a minimum , they do put some cash into the bagels , because they among the best in the city .","While they keep the capex to a minimum , they do put some cash into the bagels , because they among the best in the city .",capex,1,positive
"While they keep the capex to a minimum , they do put some cash into the $T$ , because they among the best in the city .","While they keep the capex to a minimum , they do put some cash into the bagels , because they among the best in the city .",bagels,0,neutral
The two star $T$ left quite some time ago to open their own place .,The two star chefs left quite some time ago to open their own place .,chefs,0,neutral
Do n't waste money on $T$ .,Do n't waste money on decor .,decor,0,neutral
They also have a $T$ open in the summer - cute and French with outdoor seating - what more could you ask for ?,They also have a back garden open in the summer - cute and French with outdoor seating - what more could you ask for ?,back garden,1,positive
They also have a back garden open in the summer - cute and French with $T$ g - what more could you ask for ?,They also have a back garden open in the summer - cute and French with outdoor seatin g - what more could you ask for ?,outdoor seatin,1,positive
I have never before eaten 40 pieces of relatively good $T$ .,I have never before eaten 40 pieces of relatively good nigiri .,nigiri,0,neutral
"Given the incredible $T$ surrounding it , this place has no character .","Given the incredible architecture surrounding it , this place has no character .",architecture,1,positive
"Given the incredible architecture surrounding it , this $T$ has no character .","Given the incredible architecture surrounding it , this place has no character .",place,-1,negative
I 'd call it an ` italian $T$ ' .,I 'd call it an ` italian dinner ' .,dinner,0,neutral
"While the place is not a hotspot hangout , the $T$ are unique and pack a lot of bang for the buck .","While the place is not a hotspot hangout , the drinks are unique and pack a lot of bang for the buck .",drinks,1,positive
"While the $T$ is not a hotspot hangout , the drinks are unique and pack a lot of bang for the buck .","While the place is not a hotspot hangout , the drinks are unique and pack a lot of bang for the buck .",place,-1,negative
Have frequented ` ino for several years and the $T$ remains excellent .,Have frequented ` ino for several years and the food remains excellent .,food,1,positive
"Their $T$ is so delicate , sweet tender !","Their eggplant is so delicate , sweet tender !",eggplant,1,positive
"Each bite of $T$ at Kai was indeed delicious , fresh , and elegant .","Each bite of food at Kai was indeed delicious , fresh , and elegant .",food,1,positive
all the $T$ was excellent - considering the quality of food in most moderately priced restaurants is mediocre this was slightly more pricey and well worth it .,all the food was excellent - considering the quality of food in most moderately priced restaurants is mediocre this was slightly more pricey and well worth it .,food,1,positive
all the food was excellent - considering the $T$ in most moderately priced restaurants is mediocre this was slightly more pricey and well worth it .,all the food was excellent - considering the quality of food in most moderately priced restaurants is mediocre this was slightly more pricey and well worth it .,quality of food,1,positive
all the food was excellent - considering the quality of food in most moderately $T$ restaurants is mediocre this was slightly more pricey and well worth it .,all the food was excellent - considering the quality of food in most moderately priced restaurants is mediocre this was slightly more pricey and well worth it .,priced,0,neutral
My friend got the $T$ which tasted better .,My friend got the mushroom pizza which tasted better .,mushroom pizza,1,positive
"I had the $T$ -LRB- spicy and very filling , I 'm a big eater and could only eat half -RRB- while my boyfriend had the classic fish and chips -LRB- again , a big serving - at least 5 pieces of fish and a basketful of fries -RRB- .","I had the cod with paella -LRB- spicy and very filling , I 'm a big eater and could only eat half -RRB- while my boyfriend had the classic fish and chips -LRB- again , a big serving - at least 5 pieces of fish and a basketful of fries -RRB- .",cod with paella,-1,negative
"I had the cod with paella -LRB- spicy and very filling , I 'm a big eater and could only eat half -RRB- while my boyfriend had the classic $T$ -LRB- again , a big serving - at least 5 pieces of fish and a basketful of fries -RRB- .","I had the cod with paella -LRB- spicy and very filling , I 'm a big eater and could only eat half -RRB- while my boyfriend had the classic fish and chips -LRB- again , a big serving - at least 5 pieces of fish and a basketful of fries -RRB- .",fish and chips,-1,negative
"I had the cod with paella -LRB- spicy and very filling , I 'm a big eater and could only eat half -RRB- while my boyfriend had the classic fish and chips -LRB- again , a big $T$ - at least 5 pieces of fish and a basketful of fries -RRB- .","I had the cod with paella -LRB- spicy and very filling , I 'm a big eater and could only eat half -RRB- while my boyfriend had the classic fish and chips -LRB- again , a big serving - at least 5 pieces of fish and a basketful of fries -RRB- .",serving,-1,negative
"I had the cod with paella -LRB- spicy and very filling , I 'm a big eater and could only eat half -RRB- while my boyfriend had the classic fish and chips -LRB- again , a big serving - at least 5 pieces of $T$ and a basketful of fries -RRB- .","I had the cod with paella -LRB- spicy and very filling , I 'm a big eater and could only eat half -RRB- while my boyfriend had the classic fish and chips -LRB- again , a big serving - at least 5 pieces of fish and a basketful of fries -RRB- .",fish,0,neutral
"I had the cod with paella -LRB- spicy and very filling , I 'm a big eater and could only eat half -RRB- while my boyfriend had the classic fish and chips -LRB- again , a big serving - at least 5 pieces of fish and a basketful of $T$ -RRB- .","I had the cod with paella -LRB- spicy and very filling , I 'm a big eater and could only eat half -RRB- while my boyfriend had the classic fish and chips -LRB- again , a big serving - at least 5 pieces of fish and a basketful of fries -RRB- .",fries,0,neutral
"It 's a shame that a nice , convenient $T$ like the Pink Pony can be so ruined by lousy service .","It 's a shame that a nice , convenient place like the Pink Pony can be so ruined by lousy service .",place,1,positive
"It 's a shame that a nice , convenient place like the Pink Pony can be so ruined by lousy $T$ .","It 's a shame that a nice , convenient place like the Pink Pony can be so ruined by lousy service .",service,-1,negative
You should pass on the $T$ .,You should pass on the calamari .,calamari,-1,negative
"The $T$ was tasteless , so was the seafood tagliatelle .","The porcini mushroom pasta special was tasteless , so was the seafood tagliatelle .",porcini mushroom pasta special,-1,negative
"The porcini mushroom pasta special was tasteless , so was the $T$ .","The porcini mushroom pasta special was tasteless , so was the seafood tagliatelle .",seafood tagliatelle,-1,negative
Try the $T$ and the salt pepper shrimps .,Try the spicy wontons and the salt pepper shrimps .,spicy wontons,1,positive
Try the spicy wontons and the $T$ .,Try the spicy wontons and the salt pepper shrimps .,salt pepper shrimps,1,positive
THE $T$ ARE REALLY LARGE .,THE FOOD PORTIONS ARE REALLY LARGE .,FOOD PORTIONS,1,positive
The $T$ are yummy .,The fries are yummy .,fries,1,positive
"Friendly and informative $T$ , very attentive and prompt raw bar service .","Friendly and informative staff , very attentive and prompt raw bar service .",staff,1,positive
"Friendly and informative staff , very attentive and prompt raw $T$ .","Friendly and informative staff , very attentive and prompt raw bar service .",bar service,1,positive
Best $T$ in NY !,Best Taiwanese food in NY !,Taiwanese food,1,positive
This place is a great stop for great $T$ .,This place is a great stop for great food .,food,1,positive
All the $T$ are fantastic and the homemade lasagna is some of the best that I have had in the City .,All the pastas are fantastic and the homemade lasagna is some of the best that I have had in the City .,pastas,1,positive
All the pastas are fantastic and the $T$ is some of the best that I have had in the City .,All the pastas are fantastic and the homemade lasagna is some of the best that I have had in the City .,homemade lasagna,1,positive
"We laughed when he finally offered us a $T$ and we left a 10 percent tip , which was generous , I feel .","We laughed when he finally offered us a dessert menu and we left a 10 percent tip , which was generous , I feel .",dessert menu,0,neutral
"We laughed when he finally offered us a dessert menu and we left a 10 percent $T$ , which was generous , I feel .","We laughed when he finally offered us a dessert menu and we left a 10 percent tip , which was generous , I feel .",tip,1,positive
And the $T$ were way to high for what you get .,And the prices were way to high for what you get .,prices,-1,negative
The $T$ ignored my friends and I the entire time we were there .,The staff ignored my friends and I the entire time we were there .,staff,-1,negative
"Yet paired with such rude $T$ , would never recommend for anyone interested in carrying any kind of conversation while there .","Yet paired with such rude service , would never recommend for anyone interested in carrying any kind of conversation while there .",service,-1,negative
"The in-house lady DJ on Saturday nights has outrageously good taste in $T$ , and moreover , takes requests .","The in-house lady DJ on Saturday nights has outrageously good taste in music , and moreover , takes requests .",music,1,positive
"The $T$ on Saturday nights has outrageously good taste in music , and moreover , takes requests .","The in-house lady DJ on Saturday nights has outrageously good taste in music , and moreover , takes requests .",in-house lady DJ,1,positive
"I need at least three $T$ to be full , and that 's at least $ 14.00 !","I need at least three rolls to be full , and that 's at least $ 14.00 !",rolls,0,neutral
"Great $T$ , reasonably priced . -- Sara","Great wine list , reasonably priced . -- Sara",wine list,1,positive
"Great wine list , reasonably $T$ . -- Sara","Great wine list , reasonably priced . -- Sara",priced,1,positive
The $T$ were cold in the middle and the buns were stale .,The hot dogs were cold in the middle and the buns were stale .,hot dogs,-1,negative
The hot dogs were cold in the middle and the $T$ were stale .,The hot dogs were cold in the middle and the buns were stale .,buns,-1,negative
"While the $T$ was excellent , it was n't cheap -LRB- though not extremely expensive either -RRB- .","While the food was excellent , it was n't cheap -LRB- though not extremely expensive either -RRB- .",food,1,positive
$T$ is good as well .,Beef noodle soup is good as well .,Beef noodle soup,1,positive
$T$ is great too .,Delivery service is great too .,Delivery service,1,positive
"The $T$ 's dazzling flavors overwhelm the palate , truly embracing the beauty of authentic Thai cuisine .","The food 's dazzling flavors overwhelm the palate , truly embracing the beauty of authentic Thai cuisine .",food,1,positive
"The food 's dazzling flavors overwhelm the palate , truly embracing the beauty of authentic $T$ .","The food 's dazzling flavors overwhelm the palate , truly embracing the beauty of authentic Thai cuisine .",Thai cuisine,1,positive
"The food 's dazzling $T$ overwhelm the palate , truly embracing the beauty of authentic Thai cuisine .","The food 's dazzling flavors overwhelm the palate , truly embracing the beauty of authentic Thai cuisine .",flavors,1,positive
I recieved prompt $T$ with a smile .,I recieved prompt service with a smile .,service,1,positive
They pray to their Food Gods to make them into a good $T$ like VT 's .,They pray to their Food Gods to make them into a good pizza like VT 's .,pizza,-1,negative
The $T$ was quiet and delightful .,The place was quiet and delightful .,place,1,positive
The $T$ is a diamond in rough -- the food is delicious and homemade with the perfect balance of herbs and tomatoes .,The food is a diamond in rough -- the food is delicious and homemade with the perfect balance of herbs and tomatoes .,food,1,positive
The food is a diamond in rough -- the $T$ is delicious and homemade with the perfect balance of herbs and tomatoes .,The food is a diamond in rough -- the food is delicious and homemade with the perfect balance of herbs and tomatoes .,food,1,positive
The food is a diamond in rough -- the food is delicious and homemade with the perfect balance of $T$ and tomatoes .,The food is a diamond in rough -- the food is delicious and homemade with the perfect balance of herbs and tomatoes .,herbs,1,positive
The food is a diamond in rough -- the food is delicious and homemade with the perfect balance of herbs and $T$ .,The food is a diamond in rough -- the food is delicious and homemade with the perfect balance of herbs and tomatoes .,tomatoes,1,positive
"As much as I like the $T$ there , I ca n't bring myself to go back .","As much as I like the food there , I ca n't bring myself to go back .",food,1,positive
It looked like $T$ partly done - still in strips .,It looked like shredded cheese partly done - still in strips .,shredded cheese,-1,negative
The $T$ and ambience are especially great considering it 's in the West Village .,The prices and ambience are especially great considering it 's in the West Village .,prices,1,positive
The prices and $T$ are especially great considering it 's in the West Village .,The prices and ambience are especially great considering it 's in the West Village .,ambience,1,positive
The $T$ is pretty good too .,The soup is pretty good too .,soup,1,positive
It is so easy to get a $T$ at a top place in NYC with a week 's notice .,It is so easy to get a reservation at a top place in NYC with a week 's notice .,reservation,1,positive
I have never better enjoyed humble $T$ or a mushroom consomme - and this chef accomplishes without fats .,I have never better enjoyed humble root vegetables or a mushroom consomme - and this chef accomplishes without fats .,root vegetables,1,positive
I have never better enjoyed humble root vegetables or a $T$ - and this chef accomplishes without fats .,I have never better enjoyed humble root vegetables or a mushroom consomme - and this chef accomplishes without fats .,mushroom consomme,1,positive
I have never better enjoyed humble root vegetables or a mushroom consomme - and this $T$ accomplishes without fats .,I have never better enjoyed humble root vegetables or a mushroom consomme - and this chef accomplishes without fats .,chef,1,positive
"If you go to Roth 's try to be $T$ by Mike , he is GREAT !!","If you go to Roth 's try to be served by Mike , he is GREAT !!",served,1,positive
"not the $T$ , not the ambiance , not the service , I agree with the previous reviews you wait and wait , the wait staff are very rude and when you get in they are looking to get you right out .","not the food , not the ambiance , not the service , I agree with the previous reviews you wait and wait , the wait staff are very rude and when you get in they are looking to get you right out .",food,0,neutral
"not the food , not the $T$ , not the service , I agree with the previous reviews you wait and wait , the wait staff are very rude and when you get in they are looking to get you right out .","not the food , not the ambiance , not the service , I agree with the previous reviews you wait and wait , the wait staff are very rude and when you get in they are looking to get you right out .",ambiance,0,neutral
"not the food , not the ambiance , not the $T$ , I agree with the previous reviews you wait and wait , the wait staff are very rude and when you get in they are looking to get you right out .","not the food , not the ambiance , not the service , I agree with the previous reviews you wait and wait , the wait staff are very rude and when you get in they are looking to get you right out .",service,0,neutral
"not the food , not the ambiance , not the service , I agree with the previous reviews you wait and wait , the $T$ are very rude and when you get in they are looking to get you right out .","not the food , not the ambiance , not the service , I agree with the previous reviews you wait and wait , the wait staff are very rude and when you get in they are looking to get you right out .",wait staff,-1,negative
I always get the $T$ and the beef is always fresh .,I always get the Shabu-Shabu dinner and the beef is always fresh .,Shabu-Shabu dinner,0,neutral
I always get the Shabu-Shabu dinner and the $T$ is always fresh .,I always get the Shabu-Shabu dinner and the beef is always fresh .,beef,1,positive
The $T$ was delivered cold and the cheese was n't even fully melted !,The pizza was delivered cold and the cheese was n't even fully melted !,pizza,-1,negative
The pizza was delivered cold and the $T$ was n't even fully melted !,The pizza was delivered cold and the cheese was n't even fully melted !,cheese,-1,negative
We were very surprised by how good the $T$ was on our first visit here on a Sunday night .,We were very surprised by how good the food was on our first visit here on a Sunday night .,food,1,positive
"Nha Trang , while being notorious for utter lack of $T$ and decor , horribly slow wait staff and horribly quick meals , is one of the best vietnamese restaurants i 've ever been to . the pho is delicious and comes with very fresh vegtables .","Nha Trang , while being notorious for utter lack of comfort and decor , horribly slow wait staff and horribly quick meals , is one of the best vietnamese restaurants i 've ever been to . the pho is delicious and comes with very fresh vegtables .",comfort,-1,negative
"Nha Trang , while being notorious for utter lack of comfort and $T$ , horribly slow wait staff and horribly quick meals , is one of the best vietnamese restaurants i 've ever been to . the pho is delicious and comes with very fresh vegtables .","Nha Trang , while being notorious for utter lack of comfort and decor , horribly slow wait staff and horribly quick meals , is one of the best vietnamese restaurants i 've ever been to . the pho is delicious and comes with very fresh vegtables .",decor,-1,negative
"Nha Trang , while being notorious for utter lack of comfort and decor , horribly slow $T$ and horribly quick meals , is one of the best vietnamese restaurants i 've ever been to . the pho is delicious and comes with very fresh vegtables .","Nha Trang , while being notorious for utter lack of comfort and decor , horribly slow wait staff and horribly quick meals , is one of the best vietnamese restaurants i 've ever been to . the pho is delicious and comes with very fresh vegtables .",wait staff,-1,negative
"Nha Trang , while being notorious for utter lack of comfort and decor , horribly slow wait staff and horribly quick $T$ , is one of the best vietnamese restaurants i 've ever been to . the pho is delicious and comes with very fresh vegtables .","Nha Trang , while being notorious for utter lack of comfort and decor , horribly slow wait staff and horribly quick meals , is one of the best vietnamese restaurants i 've ever been to . the pho is delicious and comes with very fresh vegtables .",meals,-1,negative
"Nha Trang , while being notorious for utter lack of comfort and decor , horribly slow wait staff and horribly quick meals , is one of the best vietnamese restaurants i 've ever been to . the $T$ is delicious and comes with very fresh vegtables .","Nha Trang , while being notorious for utter lack of comfort and decor , horribly slow wait staff and horribly quick meals , is one of the best vietnamese restaurants i 've ever been to . the pho is delicious and comes with very fresh vegtables .",pho,1,positive
"Nha Trang , while being notorious for utter lack of comfort and decor , horribly slow wait staff and horribly quick meals , is one of the best vietnamese restaurants i 've ever been to . the pho is delicious and comes with very fresh $T$ .","Nha Trang , while being notorious for utter lack of comfort and decor , horribly slow wait staff and horribly quick meals , is one of the best vietnamese restaurants i 've ever been to . the pho is delicious and comes with very fresh vegtables .",vegtables,1,positive
"On the other hand , if you are not fooled easily , you will find hundreds of restaurants that will give you $T$ and ambiance that is on par with Alain Ducasse , and food that will outshine in presentaion , taste , choice , quality and quantity .","On the other hand , if you are not fooled easily , you will find hundreds of restaurants that will give you service and ambiance that is on par with Alain Ducasse , and food that will outshine in presentaion , taste , choice , quality and quantity .",service,0,neutral
"On the other hand , if you are not fooled easily , you will find hundreds of restaurants that will give you service and $T$ that is on par with Alain Ducasse , and food that will outshine in presentaion , taste , choice , quality and quantity .","On the other hand , if you are not fooled easily , you will find hundreds of restaurants that will give you service and ambiance that is on par with Alain Ducasse , and food that will outshine in presentaion , taste , choice , quality and quantity .",ambiance,0,neutral
"On the other hand , if you are not fooled easily , you will find hundreds of restaurants that will give you service and ambiance that is on par with Alain Ducasse , and $T$ that will outshine in presentaion , taste , choice , quality and quantity .","On the other hand , if you are not fooled easily , you will find hundreds of restaurants that will give you service and ambiance that is on par with Alain Ducasse , and food that will outshine in presentaion , taste , choice , quality and quantity .",food,-1,negative
"On the other hand , if you are not fooled easily , you will find hundreds of restaurants that will give you service and ambiance that is on par with Alain Ducasse , and food that will outshine in $T$ , taste , choice , quality and quantity .","On the other hand , if you are not fooled easily , you will find hundreds of restaurants that will give you service and ambiance that is on par with Alain Ducasse , and food that will outshine in presentaion , taste , choice , quality and quantity .",presentaion,-1,negative
"On the other hand , if you are not fooled easily , you will find hundreds of restaurants that will give you service and ambiance that is on par with Alain Ducasse , and food that will outshine in presentaion , $T$ , choice , quality and quantity .","On the other hand , if you are not fooled easily , you will find hundreds of restaurants that will give you service and ambiance that is on par with Alain Ducasse , and food that will outshine in presentaion , taste , choice , quality and quantity .",taste,-1,negative
"On the other hand , if you are not fooled easily , you will find hundreds of restaurants that will give you service and ambiance that is on par with Alain Ducasse , and food that will outshine in presentaion , taste , $T$ , quality and quantity .","On the other hand , if you are not fooled easily , you will find hundreds of restaurants that will give you service and ambiance that is on par with Alain Ducasse , and food that will outshine in presentaion , taste , choice , quality and quantity .",choice,-1,negative
"On the other hand , if you are not fooled easily , you will find hundreds of restaurants that will give you service and ambiance that is on par with Alain Ducasse , and food that will outshine in presentaion , taste , choice , $T$ and quantity .","On the other hand , if you are not fooled easily , you will find hundreds of restaurants that will give you service and ambiance that is on par with Alain Ducasse , and food that will outshine in presentaion , taste , choice , quality and quantity .",quality,-1,negative
"On the other hand , if you are not fooled easily , you will find hundreds of restaurants that will give you service and ambiance that is on par with Alain Ducasse , and food that will outshine in presentaion , taste , choice , quality and $T$ .","On the other hand , if you are not fooled easily , you will find hundreds of restaurants that will give you service and ambiance that is on par with Alain Ducasse , and food that will outshine in presentaion , taste , choice , quality and quantity .",quantity,-1,negative
I live in the neighborhood and my friends meet me down here not only for the $T$ but also the promise of The Pizza Place at 3am .,I live in the neighborhood and my friends meet me down here not only for the bar scene but also the promise of The Pizza Place at 3am .,bar scene,1,positive
"If I could rate the $T$ this place would be off the charts - unfortunately - the pizza , sorry - not the best in NYC .","If I could rate the people this place would be off the charts - unfortunately - the pizza , sorry - not the best in NYC .",people,1,positive
"If I could rate the people this place would be off the charts - unfortunately - the $T$ , sorry - not the best in NYC .","If I could rate the people this place would be off the charts - unfortunately - the pizza , sorry - not the best in NYC .",pizza,-1,negative
The $T$ is amazing !!!!,The food is amazing !!!!,food,1,positive
"Having not been home in the last 2 years may skew this reviewer a bit , but the $T$ was tasty and spicy sans the oil that comes floating along at similar venues .","Having not been home in the last 2 years may skew this reviewer a bit , but the food was tasty and spicy sans the oil that comes floating along at similar venues .",food,1,positive
"Having not been home in the last 2 years may skew this reviewer a bit , but the food was tasty and spicy sans the $T$ that comes floating along at similar venues .","Having not been home in the last 2 years may skew this reviewer a bit , but the food was tasty and spicy sans the oil that comes floating along at similar venues .",oil,0,neutral
"The $T$ are now very small , the sauces are overly-ambitious usually inedible while the service is still good , the restaurant , due to its popularity , seems frantic .","The portions are now very small , the sauces are overly-ambitious usually inedible while the service is still good , the restaurant , due to its popularity , seems frantic .",portions,-1,negative
"The portions are now very small , the $T$ are overly-ambitious usually inedible while the service is still good , the restaurant , due to its popularity , seems frantic .","The portions are now very small , the sauces are overly-ambitious usually inedible while the service is still good , the restaurant , due to its popularity , seems frantic .",sauces,-1,negative
"The portions are now very small , the sauces are overly-ambitious usually inedible while the $T$ is still good , the restaurant , due to its popularity , seems frantic .","The portions are now very small , the sauces are overly-ambitious usually inedible while the service is still good , the restaurant , due to its popularity , seems frantic .",service,1,positive
"For the $T$ , you can not eat this well in Manhattan .","For the price , you can not eat this well in Manhattan .",price,1,positive
"The $T$ is very friendly and a great guy , go try his pizza , you 'll like it !","The owner is very friendly and a great guy , go try his pizza , you 'll like it !",owner,1,positive
"The owner is very friendly and a great guy , go try his $T$ , you 'll like it !","The owner is very friendly and a great guy , go try his pizza , you 'll like it !",pizza,1,positive
The $T$ is great !!!,The atmosphere is great !!!,atmosphere,1,positive
"With so many good restaurants on the UWS , I do n't need overpriced $T$ , absurdly arrogant wait-staff who do n't recognize they work at a glorified diner , clumsy service , and management that does n't care .","With so many good restaurants on the UWS , I do n't need overpriced food , absurdly arrogant wait-staff who do n't recognize they work at a glorified diner , clumsy service , and management that does n't care .",food,-1,negative
"With so many good restaurants on the UWS , I do n't need overpriced food , absurdly arrogant $T$ who do n't recognize they work at a glorified diner , clumsy service , and management that does n't care .","With so many good restaurants on the UWS , I do n't need overpriced food , absurdly arrogant wait-staff who do n't recognize they work at a glorified diner , clumsy service , and management that does n't care .",wait-staff,-1,negative
"With so many good restaurants on the UWS , I do n't need overpriced food , absurdly arrogant wait-staff who do n't recognize they work at a glorified diner , clumsy $T$ , and management that does n't care .","With so many good restaurants on the UWS , I do n't need overpriced food , absurdly arrogant wait-staff who do n't recognize they work at a glorified diner , clumsy service , and management that does n't care .",service,-1,negative
"With so many good restaurants on the UWS , I do n't need overpriced food , absurdly arrogant wait-staff who do n't recognize they work at a glorified diner , clumsy service , and $T$ that does n't care .","With so many good restaurants on the UWS , I do n't need overpriced food , absurdly arrogant wait-staff who do n't recognize they work at a glorified diner , clumsy service , and management that does n't care .",management,-1,negative
"With so many good restaurants on the UWS , I do n't need overpriced food , absurdly arrogant wait-staff who do n't recognize they work at a glorified $T$ , clumsy service , and management that does n't care .","With so many good restaurants on the UWS , I do n't need overpriced food , absurdly arrogant wait-staff who do n't recognize they work at a glorified diner , clumsy service , and management that does n't care .",diner,-1,negative
"I tend to judge a sushi restaurant by its $T$ , which was heavenly at sushi rose .","I tend to judge a sushi restaurant by its sea urchin , which was heavenly at sushi rose .",sea urchin,1,positive
The $T$ is a little scatty at times but all is forgiven when the food arrives .,The service is a little scatty at times but all is forgiven when the food arrives .,service,-1,negative
The service is a little scatty at times but all is forgiven when the $T$ arrives .,The service is a little scatty at times but all is forgiven when the food arrives .,food,1,positive
"The $T$ is a bit soggy , but the salads were fresh , included a nice mix of greens -LRB- not iceberg -RRB- all dishes are served piping hot from the kitchen .","The bruscetta is a bit soggy , but the salads were fresh , included a nice mix of greens -LRB- not iceberg -RRB- all dishes are served piping hot from the kitchen .",bruscetta,-1,negative
"The bruscetta is a bit soggy , but the $T$ were fresh , included a nice mix of greens -LRB- not iceberg -RRB- all dishes are served piping hot from the kitchen .","The bruscetta is a bit soggy , but the salads were fresh , included a nice mix of greens -LRB- not iceberg -RRB- all dishes are served piping hot from the kitchen .",salads,1,positive
"The bruscetta is a bit soggy , but the salads were fresh , included a nice mix of greens -LRB- not iceberg -RRB- all $T$ are served piping hot from the kitchen .","The bruscetta is a bit soggy , but the salads were fresh , included a nice mix of greens -LRB- not iceberg -RRB- all dishes are served piping hot from the kitchen .",dishes,1,positive
"The bruscetta is a bit soggy , but the salads were fresh , included a nice $T$ -LRB- not iceberg -RRB- all dishes are served piping hot from the kitchen .","The bruscetta is a bit soggy , but the salads were fresh , included a nice mix of greens -LRB- not iceberg -RRB- all dishes are served piping hot from the kitchen .",mix of greens,1,positive
"The bruscetta is a bit soggy , but the salads were fresh , included a nice mix of greens -LRB- not $T$ -RRB- all dishes are served piping hot from the kitchen .","The bruscetta is a bit soggy , but the salads were fresh , included a nice mix of greens -LRB- not iceberg -RRB- all dishes are served piping hot from the kitchen .",iceberg,0,neutral
"The bruscetta is a bit soggy , but the salads were fresh , included a nice mix of greens -LRB- not iceberg -RRB- all dishes are $T$ piping hot from the kitchen .","The bruscetta is a bit soggy , but the salads were fresh , included a nice mix of greens -LRB- not iceberg -RRB- all dishes are served piping hot from the kitchen .",served,1,positive
"The $T$ is n't the greatest , but I suppose that 's how they keep the prices down .","The atmosphere is n't the greatest , but I suppose that 's how they keep the prices down .",atmosphere,0,neutral
"The atmosphere is n't the greatest , but I suppose that 's how they keep the $T$ down .","The atmosphere is n't the greatest , but I suppose that 's how they keep the prices down .",prices,1,positive
The $T$ were great addition .,The pickles were great addition .,pickles,1,positive
"If your favorite Chinese food is $T$ , then this is NOT your place .","If your favorite Chinese food is General Tao chicken , then this is NOT your place .",General Tao chicken,-1,negative
"If your favorite $T$ is General Tao chicken , then this is NOT your place .","If your favorite Chinese food is General Tao chicken , then this is NOT your place .",Chinese food,0,neutral
You must try the $T$ .,You must try the shrimp appetizers .,shrimp appetizers,1,positive
"Not only is the $T$ the best around , the service has always been attentive and charming .","Not only is the cuisine the best around , the service has always been attentive and charming .",cuisine,1,positive
"Not only is the cuisine the best around , the $T$ has always been attentive and charming .","Not only is the cuisine the best around , the service has always been attentive and charming .",service,1,positive
"The production is a symphony , alot of fun to experience.The $T$ sublime for the most part .","The production is a symphony , alot of fun to experience.The food sublime for the most part .",food,1,positive
"$T$ tend to forget drinks completely , food portions are so tiny , two people have trouble sharing one entree .","Waiters tend to forget drinks completely , food portions are so tiny , two people have trouble sharing one entree .",Waiters,-1,negative
"Waiters tend to forget drinks completely , $T$ are so tiny , two people have trouble sharing one entree .","Waiters tend to forget drinks completely , food portions are so tiny , two people have trouble sharing one entree .",food portions,-1,negative
"Waiters tend to forget $T$ completely , food portions are so tiny , two people have trouble sharing one entree .","Waiters tend to forget drinks completely , food portions are so tiny , two people have trouble sharing one entree .",drinks,0,neutral
"Waiters tend to forget drinks completely , food portions are so tiny , two people have trouble sharing one $T$ .","Waiters tend to forget drinks completely , food portions are so tiny , two people have trouble sharing one entree .",entree,-1,negative
The $T$ taste like the way I remember them to taste when I was growing up in Taiwan .,The cold appetizer dishes taste like the way I remember them to taste when I was growing up in Taiwan .,cold appetizer dishes,1,positive
"The restaurant was packed at first , so we waited at the $T$ for about 20 minutes before we were seated .","The restaurant was packed at first , so we waited at the bar for about 20 minutes before we were seated .",bar,0,neutral
"Interesting selection , good $T$ , service fine , fun decor .","Interesting selection , good wines , service fine , fun decor .",wines,1,positive
"Interesting selection , good wines , $T$ fine , fun decor .","Interesting selection , good wines , service fine , fun decor .",service,1,positive
"Interesting selection , good wines , service fine , fun $T$ .","Interesting selection , good wines , service fine , fun decor .",decor,1,positive
Any if you have a $T$ you 'll wait for max 5 minutes - so have a drink at the bar .,Any if you have a reservation you 'll wait for max 5 minutes - so have a drink at the bar .,reservation,1,positive
Any if you have a reservation you 'll wait for max 5 minutes - so have a $T$ at the bar .,Any if you have a reservation you 'll wait for max 5 minutes - so have a drink at the bar .,drink,0,neutral
Any if you have a reservation you 'll wait for max 5 minutes - so have a drink at the $T$ .,Any if you have a reservation you 'll wait for max 5 minutes - so have a drink at the bar .,bar,0,neutral
"Whether it 's the $T$ or the lamb glazed with balsamic vinegar , you will surely be transported to Northern Italy with one bite .","Whether it 's the parmesean porcini souffle or the lamb glazed with balsamic vinegar , you will surely be transported to Northern Italy with one bite .",parmesean porcini souffle,1,positive
"Whether it 's the parmesean porcini souffle or the $T$ , you will surely be transported to Northern Italy with one bite .","Whether it 's the parmesean porcini souffle or the lamb glazed with balsamic vinegar , you will surely be transported to Northern Italy with one bite .",lamb glazed with balsamic vinegar,1,positive
The $T$ at this place is ` gourmet ' Indian cuisine .,The food at this place is ` gourmet ' Indian cuisine .,food,0,neutral
The food at this place is $T$ .,The food at this place is 'gourmet' Indian cuisine .,'gourmet' Indian cuisine,0,neutral
But the thing that my wife and I hated was it was so loud and it felt like ' $T$ ' or ` pub ' .,But the thing that my wife and I hated was it was so loud and it felt like ' bar ' or ` pub ' .,bar,-1,negative
But the thing that my wife and I hated was it was so loud and it felt like ` bar ' or ' $T$ ' .,But the thing that my wife and I hated was it was so loud and it felt like ` bar ' or ' pub ' .,pub,-1,negative
"While there are plenty of places to go for a good $T$ , Katz 's has a charm about it .","While there are plenty of places to go for a good corned beef sandwich , Katz 's has a charm about it .",corned beef sandwich,1,positive
"However , looking at the table next to ours , we both sort of wished we had ordered $T$ , which looked PERRRRRRRRRFECT .","However , looking at the table next to ours , we both sort of wished we had ordered pizza , which looked PERRRRRRRRRFECT .",pizza,1,positive
$T$ at upper intermediate range .,Priced at upper intermediate range .,Priced,-1,negative
"If you live in new york city , you 'll find better $T$ at small restaurants outside of time square and spend half the amount .","If you live in new york city , you 'll find better food at small restaurants outside of time square and spend half the amount .",food,-1,negative
"If you live in new york city , you 'll find better food at small restaurants outside of time square and spend half the $T$ .","If you live in new york city , you 'll find better food at small restaurants outside of time square and spend half the amount .",amount,-1,negative
Try the $T$ or the lox spread on a whole wheat everything bagel .,Try the olive cream cheese or the lox spread on a whole wheat everything bagel .,olive cream cheese,1,positive
Try the olive cream cheese or the $T$ on a whole wheat everything bagel .,Try the olive cream cheese or the lox spread on a whole wheat everything bagel .,lox spread,1,positive
Try the olive cream cheese or the lox spread on a whole wheat everything $T$ .,Try the olive cream cheese or the lox spread on a whole wheat everything bagel .,bagel,0,neutral
"they did n't disappoint , $T$ from the second i arrived at the door was extremely pleasant and attentive with almost one server per table .","they did n't disappoint , service from the second i arrived at the door was extremely pleasant and attentive with almost one server per table .",service,1,positive
"they did n't disappoint , service from the second i arrived at the door was extremely pleasant and attentive with almost one $T$ per table .","they did n't disappoint , service from the second i arrived at the door was extremely pleasant and attentive with almost one server per table .",server,1,positive
"they did n't disappoint , service from the second i arrived at the door was extremely pleasant and attentive with almost one server per $T$ .","they did n't disappoint , service from the second i arrived at the door was extremely pleasant and attentive with almost one server per table .",table,0,neutral
I do n't know who they think they are but they have no respect for the residents of the neighborhood ever since they opened their cabaret next door and blasts loud $T$ till three in the morning every weekend during the summer .,I do n't know who they think they are but they have no respect for the residents of the neighborhood ever since they opened their cabaret next door and blasts loud music till three in the morning every weekend during the summer .,music,-1,negative
The $T$ was also good -- they did n't try to overpack the rice .,The rice to fish ration was also good -- they did n't try to overpack the rice .,rice to fish ration,1,positive
The rice to fish ration was also good -- they did n't try to overpack the $T$ .,The rice to fish ration was also good -- they did n't try to overpack the rice .,rice,1,positive
They used $T$ on top !,They used shredded cheese on top !,shredded cheese,0,neutral
The $T$ is great and they have a good selecion of wines at reasonable prices .,The food is great and they have a good selecion of wines at reasonable prices .,food,1,positive
The food is great and they have a good $T$ at reasonable prices .,The food is great and they have a good selecion of wines at reasonable prices .,selecion of wines,1,positive
The food is great and they have a good selecion of wines at reasonable $T$ .,The food is great and they have a good selecion of wines at reasonable prices .,prices,1,positive
"The only positive was the $T$ , which was prompt , knowledgable , and likeable .","The only positive was the wait staff , which was prompt , knowledgable , and likeable .",wait staff,1,positive
I could n't reccommend their $T$ any higher .,I could n't reccommend their Godmother pizza any higher .,Godmother pizza,1,positive
"I am not a vegetarian but , almost all the $T$ were great .","I am not a vegetarian but , almost all the dishes were great .",dishes,1,positive
I was very impressed by this low-key upper eastsider and their authentically $T$ !!!,I was very impressed by this low-key upper eastsider and their authentically thai cuisine !!!,thai cuisine,1,positive
"For the location , the $T$ are very reasonable .","For the location , the prices are very reasonable .",prices,1,positive
"For the $T$ , the prices are very reasonable .","For the location , the prices are very reasonable .",location,0,neutral
The $T$ is okay and the prices here are mediocre .,The food is okay and the prices here are mediocre .,food,0,neutral
The food is okay and the $T$ here are mediocre .,The food is okay and the prices here are mediocre .,prices,0,neutral
My friend 's $T$ was also the complete opposite of what it 's supposed to taste like -LRB- aND look like -RRB- .,My friend 's food was also the complete opposite of what it 's supposed to taste like -LRB- aND look like -RRB- .,food,-1,negative
I ordered the $T$ and it was soaked in a lime juice concoction where all you could taste was the lime .,I ordered the crab cocktail and it was soaked in a lime juice concoction where all you could taste was the lime .,crab cocktail,-1,negative
I ordered the crab cocktail and it was soaked in a $T$ where all you could taste was the lime .,I ordered the crab cocktail and it was soaked in a lime juice concoction where all you could taste was the lime .,lime juice concoction,0,neutral
I ordered the crab cocktail and it was soaked in a lime juice concoction where all you could taste was the $T$ .,I ordered the crab cocktail and it was soaked in a lime juice concoction where all you could taste was the lime .,lime,0,neutral
I would like to return and try some of the other $T$ when I do n't have to rush off to a show .,I would like to return and try some of the other menu items when I do n't have to rush off to a show .,menu items,1,positive
"We have been to this place many times , and always have great $T$ , wine , and service .","We have been to this place many times , and always have great food , wine , and service .",food,1,positive
"We have been to this place many times , and always have great food , $T$ , and service .","We have been to this place many times , and always have great food , wine , and service .",wine,1,positive
"We have been to this place many times , and always have great food , wine , and $T$ .","We have been to this place many times , and always have great food , wine , and service .",service,1,positive
"Hopefully next time , I will save room for $T$ .","Hopefully next time , I will save room for dessert .",dessert,0,neutral
"Not a typical pizza joint , but good for a low key and fairly cheap nice sit down $T$ .","Not a typical pizza joint , but good for a low key and fairly cheap nice sit down dinner .",dinner,1,positive
The $T$ was tender and melted in my mouth .,The corned beef was tender and melted in my mouth .,corned beef,1,positive
"The best $T$ , I 've ever had .","The best Chicken pad tai , I 've ever had .",Chicken pad tai,1,positive
$ 20 for all you can eat $T$ can not be beaten .,$ 20 for all you can eat sushi can not be beaten .,sushi,0,neutral
"Haru serves very fresh $T$ , has a trendy , modern ambiance , prime location on Park Avenue South and friendly service .","Haru serves very fresh fish , has a trendy , modern ambiance , prime location on Park Avenue South and friendly service .",fish,1,positive
"Haru serves very fresh fish , has a trendy , modern ambiance , prime location on Park Avenue South and friendly $T$ .","Haru serves very fresh fish , has a trendy , modern ambiance , prime location on Park Avenue South and friendly service .",service,1,positive
"Haru serves very fresh fish , has a trendy , modern $T$ , prime location on Park Avenue South and friendly service .","Haru serves very fresh fish , has a trendy , modern ambiance , prime location on Park Avenue South and friendly service .",ambiance,1,positive
"Haru serves very fresh fish , has a trendy , modern ambiance , prime $T$ on Park Avenue South and friendly service .","Haru serves very fresh fish , has a trendy , modern ambiance , prime location on Park Avenue South and friendly service .",location,1,positive
Warm and friendly in the winter and terrific $T$ in the warmer months .,Warm and friendly in the winter and terrific outdoor seating in the warmer months .,outdoor seating,1,positive
"Very romantic fires - I 've literally spent hours at Lanterna , drinking $T$ from their extensive wine and enjoying the ambience .","Very romantic fires - I 've literally spent hours at Lanterna , drinking wine from their extensive wine and enjoying the ambience .",wine,1,positive
"Very romantic fires - I 've literally spent hours at Lanterna , drinking wine from their extensive wine and enjoying the $T$ .","Very romantic fires - I 've literally spent hours at Lanterna , drinking wine from their extensive wine and enjoying the ambience .",ambience,1,positive
"Very romantic fires - I 've literally spent hours at Lanterna , drinking wine from their extensive $T$ and enjoying the ambience .","Very romantic fires - I 've literally spent hours at Lanterna , drinking wine from their extensive wine and enjoying the ambience .",wine,1,positive
We got a little tipsy from the $T$ but is n't that what Saturday nights with the girlfriends are all about ?,We got a little tipsy from the sake but is n't that what Saturday nights with the girlfriends are all about ?,sake,0,neutral
"I almost wanted to write a bad review , so no one would ever go here and I could have all the $T$ to myself !","I almost wanted to write a bad review , so no one would ever go here and I could have all the dumplings to myself !",dumplings,1,positive
"Always a nice $T$ , but never loud .","Always a nice crowd , but never loud .",crowd,1,positive
"My $T$ was not cooked at all , my friends salmon was completely raw .","My turkey burger was not cooked at all , my friends salmon was completely raw .",turkey burger,-1,negative
"My turkey burger was not cooked at all , my friends $T$ was completely raw .","My turkey burger was not cooked at all , my friends salmon was completely raw .",salmon,-1,negative
$T$ is minimalist and clean - nothing to distract or commend .,Decor is minimalist and clean - nothing to distract or commend .,Decor,0,neutral
"His $T$ are very inventive , delicious and classy .","His drinks are very inventive , delicious and classy .",drinks,1,positive
"Great $T$ , great prices , great service .","Great food , great prices , great service .",food,1,positive
"Great food , great $T$ , great service .","Great food , great prices , great service .",prices,1,positive
"Great food , great prices , great $T$ .","Great food , great prices , great service .",service,1,positive
This is n't your corner $T$ takeout .,This is n't your corner Chinese food takeout .,Chinese food,0,neutral
Awsome $T$ especially the Margheritta slice .,Awsome Pizza especially the Margheritta slice .,Pizza,1,positive
Awsome Pizza especially the $T$ slice .,Awsome Pizza especially the Margheritta slice .,Margheritta,1,positive
"This $T$ , however , has a lot less pretension than Joya and the Thai food is still above-average .","This place , however , has a lot less pretension than Joya and the Thai food is still above-average .",place,1,positive
"This place , however , has a lot less pretension than Joya and the $T$ is still above-average .","This place , however , has a lot less pretension than Joya and the Thai food is still above-average .",Thai food,1,positive
"Try ordering from the regular $T$ , then you would not regret !","Try ordering from the regular menu , then you would not regret !",menu,1,positive
"Told us to sit anywhere , and when we sat he said the $T$ was reserved .","Told us to sit anywhere , and when we sat he said the table was reserved .",table,-1,negative
"uni from maine vs california , sea vs freshwater $T$ -RRB- to get a good taste comparison .","uni from maine vs california , sea vs freshwater eel -RRB- to get a good taste comparison .",eel,0,neutral
"We started with $T$ and mussels -LRB- the best ive ever had , ever -RRB- and had the cod and trout for dinner .","We started with lox and mussels -LRB- the best ive ever had , ever -RRB- and had the cod and trout for dinner .",lox,1,positive
"We started with lox and $T$ -LRB- the best ive ever had , ever -RRB- and had the cod and trout for dinner .","We started with lox and mussels -LRB- the best ive ever had , ever -RRB- and had the cod and trout for dinner .",mussels,1,positive
"We started with lox and mussels -LRB- the best ive ever had , ever -RRB- and had the $T$ and trout for dinner .","We started with lox and mussels -LRB- the best ive ever had , ever -RRB- and had the cod and trout for dinner .",cod,0,neutral
"We started with lox and mussels -LRB- the best ive ever had , ever -RRB- and had the cod and $T$ for dinner .","We started with lox and mussels -LRB- the best ive ever had , ever -RRB- and had the cod and trout for dinner .",trout,0,neutral
"We started with lox and mussels -LRB- the best ive ever had , ever -RRB- and had the cod and trout for $T$ .","We started with lox and mussels -LRB- the best ive ever had , ever -RRB- and had the cod and trout for dinner .",dinner,0,neutral
"The $T$ was n't for us , though .","The crispy chicken was n't for us , though .",crispy chicken,-1,negative
$T$ is great .,Food is great .,Food,1,positive
I recommend the $T$ and caprese salad and the beans on toast were a wonderful start to the meal !,I recommend the meatballs and caprese salad and the beans on toast were a wonderful start to the meal !,meatballs,1,positive
I recommend the meatballs and $T$ and the beans on toast were a wonderful start to the meal !,I recommend the meatballs and caprese salad and the beans on toast were a wonderful start to the meal !,caprese salad,1,positive
I recommend the meatballs and caprese salad and the $T$ were a wonderful start to the meal !,I recommend the meatballs and caprese salad and the beans on toast were a wonderful start to the meal !,beans on toast,1,positive
I recommend the meatballs and caprese salad and the beans on toast were a wonderful start to the $T$ !,I recommend the meatballs and caprese salad and the beans on toast were a wonderful start to the meal !,meal,0,neutral
This $T$ is incredibly tiny .,This place is incredibly tiny .,place,-1,negative
"I did n't complain , I liked the $T$ so much .","I did n't complain , I liked the atmosphere so much .",atmosphere,1,positive
In reality -LRB- to maximize potential $T$ -RRB- they were still taking phone reservations and reallocating tables of those waiting in the lobby .,In reality -LRB- to maximize potential diners -RRB- they were still taking phone reservations and reallocating tables of those waiting in the lobby .,diners,0,neutral
In reality -LRB- to maximize potential diners -RRB- they were still taking phone $T$ and reallocating tables of those waiting in the lobby .,In reality -LRB- to maximize potential diners -RRB- they were still taking phone reservations and reallocating tables of those waiting in the lobby .,reservations,-1,negative
In reality -LRB- to maximize potential diners -RRB- they were still taking phone reservations and reallocating $T$ of those waiting in the lobby .,In reality -LRB- to maximize potential diners -RRB- they were still taking phone reservations and reallocating tables of those waiting in the lobby .,tables,-1,negative
In reality -LRB- to maximize potential diners -RRB- they were still taking phone reservations and reallocating tables of those waiting in the $T$ .,In reality -LRB- to maximize potential diners -RRB- they were still taking phone reservations and reallocating tables of those waiting in the lobby .,lobby,0,neutral
In reality -LRB- to maximize potential diners -RRB- they were still taking phone reservations and reallocating tables of those $T$ in the lobby .,In reality -LRB- to maximize potential diners -RRB- they were still taking phone reservations and reallocating tables of those waiting in the lobby .,waiting,-1,negative
"The $T$ is always good , the tapas are always yummy , especially with the warm pita bread .","The wine is always good , the tapas are always yummy , especially with the warm pita bread .",wine,1,positive
"The wine is always good , the $T$ are always yummy , especially with the warm pita bread .","The wine is always good , the tapas are always yummy , especially with the warm pita bread .",tapas,1,positive
"The wine is always good , the tapas are always yummy , especially with the warm $T$ .","The wine is always good , the tapas are always yummy , especially with the warm pita bread .",pita bread,1,positive
"But when you are seated the $T$ are great , they explain everything on the menu , and the price of the food is really cheap for the service you get .","But when you are seated the waitresses are great , they explain everything on the menu , and the price of the food is really cheap for the service you get .",waitresses,1,positive
"But when you are seated the waitresses are great , they explain everything on the menu , and the $T$ of the food is really cheap for the service you get .","But when you are seated the waitresses are great , they explain everything on the menu , and the price of the food is really cheap for the service you get .",price,1,positive
"But when you are seated the waitresses are great , they explain everything on the menu , and the price of the food is really cheap for the $T$ you get .","But when you are seated the waitresses are great , they explain everything on the menu , and the price of the food is really cheap for the service you get .",service,1,positive
"But when you are seated the waitresses are great , they explain everything on the $T$ , and the price of the food is really cheap for the service you get .","But when you are seated the waitresses are great , they explain everything on the menu , and the price of the food is really cheap for the service you get .",menu,0,neutral
"But when you are seated the waitresses are great , they explain everything on the menu , and the price of the $T$ is really cheap for the service you get .","But when you are seated the waitresses are great , they explain everything on the menu , and the price of the food is really cheap for the service you get .",food,0,neutral
I 've been to several places for $T$ and this has got to be the WORST .,I 've been to several places for Dim Sum and this has got to be the WORST .,Dim Sum,-1,negative
"The freshest , best $T$ , and the fastest delivery .","The freshest , best variety , and the fastest delivery .",variety,1,positive
"The freshest , best variety , and the fastest $T$ .","The freshest , best variety , and the fastest delivery .",delivery,1,positive
Go to Volare for 1st class $T$ and terrific food .,Go to Volare for 1st class service and terrific food .,service,1,positive
Go to Volare for 1st class service and terrific $T$ .,Go to Volare for 1st class service and terrific food .,food,1,positive
"It 's super-trendy and there 's always someone to take that empty seat , so it seems that customer $T$ has been deemed not of the essence .","It 's super-trendy and there 's always someone to take that empty seat , so it seems that customer service has been deemed not of the essence .",service,1,positive
"It 's super-trendy and there 's always someone to take that empty $T$ , so it seems that customer service has been deemed not of the essence .","It 's super-trendy and there 's always someone to take that empty seat , so it seems that customer service has been deemed not of the essence .",seat,0,neutral
$T$ took almost 4 hours without any lag time .,Dinner took almost 4 hours without any lag time .,Dinner,-1,negative
The $T$ in the restaurant were pretty obnoxious and loud .,The people in the restaurant were pretty obnoxious and loud .,people,-1,negative
"The $T$ are dry , tasteless and way overpriced .","The sandwiches are dry , tasteless and way overpriced .",sandwiches,-1,negative
$T$ no more than a Jersey deli but way better .,Price no more than a Jersey deli but way better .,Price,1,positive
The $T$ is really good too .,The fried rice is really good too .,fried rice,1,positive
We were well attended to by the enthusiastic $T$ especially the manager Tony Gaskin who made excellent suggestions for our menu selections .,We were well attended to by the enthusiastic staff especially the manager Tony Gaskin who made excellent suggestions for our menu selections .,staff,1,positive
We were well attended to by the enthusiastic staff especially the $T$ Tony Gaskin who made excellent suggestions for our menu selections .,We were well attended to by the enthusiastic staff especially the manager Tony Gaskin who made excellent suggestions for our menu selections .,manager,1,positive
We were well attended to by the enthusiastic staff especially the manager Tony Gaskin who made excellent suggestions for our $T$ .,We were well attended to by the enthusiastic staff especially the manager Tony Gaskin who made excellent suggestions for our menu selections .,menu selections,1,positive
Made my $T$ uncomfortable .,Made my dining experience uncomfortable .,dining experience,-1,negative
"still stay away , the table next to us walked out after my table and aanother were $T$ eventhough they were there much longer ...","still stay away , the table next to us walked out after my table and aanother were serves eventhough they were there much longer ...",serves,-1,negative
I was with a party of 7 -LRB- close but not next the the $T$ -RRB- and we were eating with our coats on .,I was with a party of 7 -LRB- close but not next the the front doors -RRB- and we were eating with our coats on .,front doors,0,neutral
"A very inviting restaurant , with friendly $T$ .","A very inviting restaurant , with friendly service .",service,1,positive
"THe $T$ is very pleasant , where you can see their personal herb garden .","THe back garden sitting area is very pleasant , where you can see their personal herb garden .",back garden sitting area,1,positive
"THe back garden sitting area is very pleasant , where you can see their $T$ .","THe back garden sitting area is very pleasant , where you can see their personal herb garden .",personal herb garden,1,positive
"Good French restaurant in an area devoid of decent restaurants unless you 're into eating 4 pound $T$ at Katz ' Deli , or Mexican food which is supplied by capable restaurants .","Good French restaurant in an area devoid of decent restaurants unless you 're into eating 4 pound pastrami sandwiches at Katz ' Deli , or Mexican food which is supplied by capable restaurants .",pastrami sandwiches,0,neutral
"Good French restaurant in an area devoid of decent restaurants unless you 're into eating 4 pound pastrami sandwiches at Katz ' Deli , or $T$ which is supplied by capable restaurants .","Good French restaurant in an area devoid of decent restaurants unless you 're into eating 4 pound pastrami sandwiches at Katz ' Deli , or Mexican food which is supplied by capable restaurants .",Mexican food,0,neutral
The $T$ are always welll made and wine selection is fairly priced .,The drinks are always welll made and wine selection is fairly priced .,drinks,1,positive
The drinks are always welll made and $T$ is fairly priced .,The drinks are always welll made and wine selection is fairly priced .,wine selection,0,neutral
The drinks are always welll made and wine selection is fairly $T$ .,The drinks are always welll made and wine selection is fairly priced .,priced,1,positive
We also had shared a $T$ that was fresh .,We also had shared a house salad that was fresh .,house salad,1,positive
The $T$ is amazing !,The ceiling is amazing !,ceiling,1,positive
And at the conclusion of this culinary nightmare the $T$ was given to our table by knocking over a glass of water .,And at the conclusion of this culinary nightmare the check was given to our table by knocking over a glass of water .,check,0,neutral
And at the conclusion of this culinary nightmare the check was given to our $T$ by knocking over a glass of water .,And at the conclusion of this culinary nightmare the check was given to our table by knocking over a glass of water .,table,0,neutral
And at the conclusion of this culinary nightmare the check was given to our table by knocking over a $T$ .,And at the conclusion of this culinary nightmare the check was given to our table by knocking over a glass of water .,glass of water,0,neutral
Not a small feat for good $T$ in the area .,Not a small feat for good french food in the area .,french food,1,positive
"The space is a bit too small for $T$ , so on jazz nights , it can be loud and cramped .","The space is a bit too small for live music , so on jazz nights , it can be loud and cramped .",live music,0,neutral
"The $T$ is a bit too small for live music , so on jazz nights , it can be loud and cramped .","The space is a bit too small for live music , so on jazz nights , it can be loud and cramped .",space,-1,negative
"The space is a bit too small for live music , so on $T$ , it can be loud and cramped .","The space is a bit too small for live music , so on jazz nights , it can be loud and cramped .",jazz nights,0,neutral
$T$ was average but tasty .,Food was average but tasty .,Food,1,positive
Big Wong gets big Ups for a fine $T$ .,Big Wong gets big Ups for a fine establishment .,establishment,1,positive
"The $T$ was bland and small , dessert was not inspired .","The entree was bland and small , dessert was not inspired .",entree,-1,negative
"The entree was bland and small , $T$ was not inspired .","The entree was bland and small , dessert was not inspired .",dessert,-1,negative
The $T$ was the friendliest that have seen in New York .,The staff was the friendliest that have seen in New York .,staff,1,positive
"With the exception of our lemon salad that had so much pepper on it that our eyes started watering , the $T$ here was decent , not great .","With the exception of our lemon salad that had so much pepper on it that our eyes started watering , the food here was decent , not great .",food,0,neutral
"With the exception of our $T$ that had so much pepper on it that our eyes started watering , the food here was decent , not great .","With the exception of our lemon salad that had so much pepper on it that our eyes started watering , the food here was decent , not great .",lemon salad,-1,negative
"With the exception of our lemon salad that had so much $T$ on it that our eyes started watering , the food here was decent , not great .","With the exception of our lemon salad that had so much pepper on it that our eyes started watering , the food here was decent , not great .",pepper,-1,negative
"The Pad thai , lad nar and various other dishes all look good on paper but , I 've had better thai food in less asthetically pleasing $T$ .","The Pad thai , lad nar and various other dishes all look good on paper but , I 've had better thai food in less asthetically pleasing places .",places,-1,negative
"The Pad thai , lad nar and various other dishes all look good on paper but , I 've had better $T$ in less asthetically pleasing places .","The Pad thai , lad nar and various other dishes all look good on paper but , I 've had better thai food in less asthetically pleasing places .",thai food,0,neutral
Delicious $T$ at a great price but do not go here on a cold day and sit by the front door .,Delicious food at a great price but do not go here on a cold day and sit by the front door .,food,1,positive
Delicious food at a great $T$ but do not go here on a cold day and sit by the front door .,Delicious food at a great price but do not go here on a cold day and sit by the front door .,price,1,positive
Delicious food at a great price but do not go here on a cold day and sit by the $T$ .,Delicious food at a great price but do not go here on a cold day and sit by the front door .,front door,0,neutral
"my picks : $T$ , fish with hot bean source , fish fillet in spicy source -LRB- special menu -RRB- .","my picks : Guizhou chicken , fish with hot bean source , fish fillet in spicy source -LRB- special menu -RRB- .",Guizhou chicken,1,positive
"my picks : Guizhou chicken , $T$ , fish fillet in spicy source -LRB- special menu -RRB- .","my picks : Guizhou chicken , fish with hot bean source , fish fillet in spicy source -LRB- special menu -RRB- .",fish with hot bean source,1,positive
"my picks : Guizhou chicken , fish with hot bean source , $T$ -LRB- special menu -RRB- .","my picks : Guizhou chicken , fish with hot bean source , fish fillet in spicy source -LRB- special menu -RRB- .",fish fillet in spicy source,1,positive
"my picks : Guizhou chicken , fish with hot bean source , fish fillet in spicy source -LRB- $T$ -RRB- .","my picks : Guizhou chicken , fish with hot bean source , fish fillet in spicy source -LRB- special menu -RRB- .",special menu,1,positive
"Overall , I 'm still impressed that the place even exists and the $T$ are quite decent but then again , its Chinatown .","Overall , I 'm still impressed that the place even exists and the prices are quite decent but then again , its Chinatown .",prices,1,positive
"Admittedly some nights inside the restaurant were rather warm , but the $T$ is part of the charm .","Admittedly some nights inside the restaurant were rather warm , but the open kitchen is part of the charm .",open kitchen,1,positive
$T$ was a little soggy .,Pizza was a little soggy .,Pizza,-1,negative
"The $T$ inludes famous scrumptious bombay style chaat such as bhelpuri , sevpuri and samosa chaats , as well as other great indian appetizers .","The food inludes famous scrumptious bombay style chaat such as bhelpuri , sevpuri and samosa chaats , as well as other great indian appetizers .",food,1,positive
"The food inludes famous scrumptious bombay style chaat such as $T$ , sevpuri and samosa chaats , as well as other great indian appetizers .","The food inludes famous scrumptious bombay style chaat such as bhelpuri , sevpuri and samosa chaats , as well as other great indian appetizers .",bhelpuri,1,positive
"The food inludes famous scrumptious bombay style chaat such as bhelpuri , $T$ and samosa chaats , as well as other great indian appetizers .","The food inludes famous scrumptious bombay style chaat such as bhelpuri , sevpuri and samosa chaats , as well as other great indian appetizers .",sevpuri,1,positive
"The food inludes famous scrumptious bombay style chaat such as bhelpuri , sevpuri and $T$ , as well as other great indian appetizers .","The food inludes famous scrumptious bombay style chaat such as bhelpuri , sevpuri and samosa chaats , as well as other great indian appetizers .",samosa chaats,1,positive
"The food inludes famous scrumptious bombay style chaat such as bhelpuri , sevpuri and samosa chaats , as well as other great $T$ .","The food inludes famous scrumptious bombay style chaat such as bhelpuri , sevpuri and samosa chaats , as well as other great indian appetizers .",indian appetizers,1,positive
"The food inludes famous scrumptious $T$ such as bhelpuri , sevpuri and samosa chaats , as well as other great indian appetizers .","The food inludes famous scrumptious bombay style chaat such as bhelpuri , sevpuri and samosa chaats , as well as other great indian appetizers .",bombay style chaat,1,positive
The $T$ had NO curry flavor whatsoever .,The Singapore Mai Fun had NO curry flavor whatsoever .,Singapore Mai Fun,-1,negative
The Singapore Mai Fun had NO $T$ whatsoever .,The Singapore Mai Fun had NO curry flavor whatsoever .,curry flavor,-1,negative
The only problem is that the $T$ is a complete incompetent .,The only problem is that the manager is a complete incompetent .,manager,-1,negative
The $T$ is interesting and has many good values .,The wine list is interesting and has many good values .,wine list,1,positive
I 'm still mad that i had to pay for lousy $T$ .,I 'm still mad that i had to pay for lousy food .,food,-1,negative
This restaurant used to be our regular Thursday night $T$ .,This restaurant used to be our regular Thursday night dinner location .,dinner location,0,neutral
Definite go if you 're used to good $T$ from abroad .,Definite go if you 're used to good Indian restaurant food from abroad .,Indian restaurant food,1,positive
"THR $T$ IS COMPACT , MODERN , YET COZY .","THR AT MOSHPHERE IS COMPACT , MODERN , YET COZY .",AT MOSHPHERE,1,positive
"By far , the best $T$ in Manhattan .","By far , the best pizza in Manhattan .",pizza,1,positive
"Decent $T$ in cute - though a bit dank - little Nolita hangout , BUT service terrible .","Decent Thai food in cute - though a bit dank - little Nolita hangout , BUT service terrible .",Thai food,1,positive
"Decent Thai food in cute - though a bit dank - little Nolita hangout , BUT $T$ terrible .","Decent Thai food in cute - though a bit dank - little Nolita hangout , BUT service terrible .",service,-1,negative
The $T$ actually poured water on my hand and walked away .,The waiter actually poured water on my hand and walked away .,waiter,-1,negative
The waiter actually poured $T$ on my hand and walked away .,The waiter actually poured water on my hand and walked away .,water,0,neutral
"The $T$ is mostly made from scratch , fresh and well prepared .","The food is mostly made from scratch , fresh and well prepared .",food,1,positive
"Worse of all , $ 60 was erroneously added to our $ 80 $T$ .","Worse of all , $ 60 was erroneously added to our $ 80 bill .",bill,-1,negative
"NO more $T$ , expensive tips and annoying stuff .","NO more reservations , expensive tips and annoying stuff .",reservations,1,positive
"NO more reservations , expensive $T$ and annoying stuff .","NO more reservations , expensive tips and annoying stuff .",tips,1,positive
"NO more reservations , expensive tips and annoying $T$ .","NO more reservations , expensive tips and annoying stuff .",stuff,1,positive
Try the $T$ .,Try the sea bass .,sea bass,1,positive
$ 20 gets you unlimited $T$ of a very high quality - I even took a friend here from Japan who said it was one of the best sushi places in the US that he has been to .,$ 20 gets you unlimited sushi of a very high quality - I even took a friend here from Japan who said it was one of the best sushi places in the US that he has been to .,sushi,1,positive
$ 20 gets you unlimited sushi of a very high quality - I even took a friend here from Japan who said it was one of the best $T$ in the US that he has been to .,$ 20 gets you unlimited sushi of a very high quality - I even took a friend here from Japan who said it was one of the best sushi places in the US that he has been to .,sushi places,1,positive
$ 20 gets you unlimited sushi of a very high $T$ - I even took a friend here from Japan who said it was one of the best sushi places in the US that he has been to .,$ 20 gets you unlimited sushi of a very high quality - I even took a friend here from Japan who said it was one of the best sushi places in the US that he has been to .,quality,1,positive
$T$ was n't anything spectacular for the price .,Sushi was n't anything spectacular for the price .,Sushi,0,neutral
Sushi was n't anything spectacular for the $T$ .,Sushi was n't anything spectacular for the price .,price,-1,negative
"During our meal , the $T$ came over and checked on us and even bought us a round of drinks .","During our meal , the management came over and checked on us and even bought us a round of drinks .",management,1,positive
"During our $T$ , the management came over and checked on us and even bought us a round of drinks .","During our meal , the management came over and checked on us and even bought us a round of drinks .",meal,0,neutral
"During our meal , the management came over and checked on us and even bought us a $T$ .","During our meal , the management came over and checked on us and even bought us a round of drinks .",round of drinks,0,neutral
"But they do n't have a $T$ , which is strange .","But they do n't have a toaster , which is strange .",toaster,-1,negative
"So , for good $T$ i 'd recommend it , but not for a fun night out .","So , for good food i 'd recommend it , but not for a fun night out .",food,1,positive
The menu choices are similar but the $T$ lacked more flavor than it looked .,The menu choices are similar but the taste lacked more flavor than it looked .,taste,-1,negative
The $T$ are similar but the taste lacked more flavor than it looked .,The menu choices are similar but the taste lacked more flavor than it looked .,menu choices,0,neutral
The menu choices are similar but the taste lacked more $T$ than it looked .,The menu choices are similar but the taste lacked more flavor than it looked .,flavor,-1,negative
A must for all the $T$ lovers .,A must for all the Dosa lovers .,Dosa,1,positive
"The $T$ are HUGE , so it might be good to order three things to split -LRB- rather than one appetizer and entree per person -RRB- for two people .","The portions are HUGE , so it might be good to order three things to split -LRB- rather than one appetizer and entree per person -RRB- for two people .",portions,1,positive
"The portions are HUGE , so it might be good to order three things to split -LRB- rather than one $T$ and entree per person -RRB- for two people .","The portions are HUGE , so it might be good to order three things to split -LRB- rather than one appetizer and entree per person -RRB- for two people .",appetizer,0,neutral
"The portions are HUGE , so it might be good to order three things to split -LRB- rather than one appetizer and $T$ per person -RRB- for two people .","The portions are HUGE , so it might be good to order three things to split -LRB- rather than one appetizer and entree per person -RRB- for two people .",entree,0,neutral
The $T$ are just OK and the main courses were decidedly subpar .,The appetizers are just OK and the main courses were decidedly subpar .,appetizers,0,neutral
The appetizers are just OK and the $T$ were decidedly subpar .,The appetizers are just OK and the main courses were decidedly subpar .,main courses,-1,negative
Someone else recommended the $T$ - we also left that .,Someone else recommended the dessert - we also left that .,dessert,-1,negative
The $T$ is beautifully presented and is a delight in delicious combinations .,The exotic food is beautifully presented and is a delight in delicious combinations .,exotic food,1,positive
The $T$ is very attentive and we can almost always get a table .,The staff is very attentive and we can almost always get a table .,staff,1,positive
The staff is very attentive and we can almost always get a $T$ .,The staff is very attentive and we can almost always get a table .,table,1,positive
"Try the $T$ , it is a true experience for your taste buds !!","Try the mediterranean salad , it is a true experience for your taste buds !!",mediterranean salad,1,positive
$T$ are always friendly .,People are always friendly .,People,1,positive
The $T$ are out of this world and I love that coffee !!,The cream cheeses are out of this world and I love that coffee !!,cream cheeses,1,positive
The cream cheeses are out of this world and I love that $T$ !!,The cream cheeses are out of this world and I love that coffee !!,coffee,1,positive
"From the $T$ to the sides to the drinks , everything was creatively prepared yet still simple .","From the entrees to the sides to the drinks , everything was creatively prepared yet still simple .",entrees,1,positive
"From the entrees to the $T$ to the drinks , everything was creatively prepared yet still simple .","From the entrees to the sides to the drinks , everything was creatively prepared yet still simple .",sides,1,positive
"From the entrees to the sides to the $T$ , everything was creatively prepared yet still simple .","From the entrees to the sides to the drinks , everything was creatively prepared yet still simple .",drinks,1,positive
$T$ was prompt and courteous .,Service was prompt and courteous .,Service,1,positive
It was not above ordinary and the $T$ had cheap -LRB- undercooked -RRB- beef .,It was not above ordinary and the beef version had cheap -LRB- undercooked -RRB- beef .,beef version,-1,negative
It was not above ordinary and the beef version had cheap -LRB- undercooked -RRB- $T$ .,It was not above ordinary and the beef version had cheap -LRB- undercooked -RRB- beef .,beef,-1,negative
"Chance is a small cozy restaurant , with a romantic feel to it , the $T$ is great .","Chance is a small cozy restaurant , with a romantic feel to it , the decor is great .",decor,1,positive
"It was nice and fresh , but I ca n't give it high scores on being authentic $T$ .","It was nice and fresh , but I ca n't give it high scores on being authentic thai .",thai,-1,negative
Got $T$ .,"Got club soda, filled with ice, no lime .","club soda, filled with ice, no lime",0,neutral
"Only $T$ and beer are served , but the house varities are actually quite good .","Only wine and beer are served , but the house varities are actually quite good .",wine,0,neutral
"Only wine and $T$ are served , but the house varities are actually quite good .","Only wine and beer are served , but the house varities are actually quite good .",beer,0,neutral
"Only wine and beer are served , but the $T$ are actually quite good .","Only wine and beer are served , but the house varities are actually quite good .",house varities,1,positive
"Only wine and beer are $T$ , but the house varities are actually quite good .","Only wine and beer are served , but the house varities are actually quite good .",served,-1,negative
This place must have cost the $T$ afortune to build .,This place must have cost the owners afortune to build .,owners,0,neutral
This place must have $T$ the owners afortune to build .,This place must have cost the owners afortune to build .,cost,-1,negative
"Oh , and the complimentary $T$ was just enough - yummy !","Oh , and the complimentary pudding dessert was just enough - yummy !",pudding dessert,1,positive
we split a tasty $T$ and the malai tikka wrap .,we split a tasty vegetable samosa and the malai tikka wrap .,vegetable samosa,1,positive
we split a tasty vegetable samosa and the $T$ .,we split a tasty vegetable samosa and the malai tikka wrap .,malai tikka wrap,1,positive
Knowledge of the $T$ and the waitress are below average .,Knowledge of the chef and the waitress are below average .,chef,-1,negative
Knowledge of the chef and the $T$ are below average .,Knowledge of the chef and the waitress are below average .,waitress,-1,negative
We were walking around the village and went into this place just for some $T$ .,We were walking around the village and went into this place just for some drinks .,drinks,0,neutral
Decent $T$ too .,Decent wine selection too .,wine selection,1,positive
"It saves walking in and waiting for a table in the often noisy , crowded $T$ at dinnertime .","It saves walking in and waiting for a table in the often noisy , crowded bar at dinnertime .",bar,-1,negative
"It saves walking in and $T$ for a table in the often noisy , crowded bar at dinnertime .","It saves walking in and waiting for a table in the often noisy , crowded bar at dinnertime .",waiting,-1,negative
"It saves walking in and waiting for a $T$ in the often noisy , crowded bar at dinnertime .","It saves walking in and waiting for a table in the often noisy , crowded bar at dinnertime .",table,-1,negative
I have to say I have never had a disapointing $T$ here .,I have to say I have never had a disapointing meal here .,meal,1,positive
Mine was a little burnt but still delicious with $T$ and panchetta -LRB- raddichio was kind of bitter though -RRB- .,Mine was a little burnt but still delicious with goat cheese and panchetta -LRB- raddichio was kind of bitter though -RRB- .,goat cheese,1,positive
Mine was a little burnt but still delicious with goat cheese and $T$ -LRB- raddichio was kind of bitter though -RRB- .,Mine was a little burnt but still delicious with goat cheese and panchetta -LRB- raddichio was kind of bitter though -RRB- .,panchetta,1,positive
Mine was a little burnt but still delicious with goat cheese and panchetta -LRB- $T$ was kind of bitter though -RRB- .,Mine was a little burnt but still delicious with goat cheese and panchetta -LRB- raddichio was kind of bitter though -RRB- .,raddichio,-1,negative
"Disappointing $T$ , lousy service .","Disappointing food , lousy service .",food,-1,negative
"Disappointing food , lousy $T$ .","Disappointing food , lousy service .",service,-1,negative
"If you want a casual neighborhood bistro that has great $T$ and excellent service , this is the place .","If you want a casual neighborhood bistro that has great food and excellent service , this is the place .",food,1,positive
"If you want a casual neighborhood bistro that has great food and excellent $T$ , this is the place .","If you want a casual neighborhood bistro that has great food and excellent service , this is the place .",service,1,positive
great place to go for a drink too because they have 100 $T$ .,great place to go for a drink too because they have 100 kinds of beer .,kinds of beer,1,positive
great place to go for a $T$ too because they have 100 kinds of beer .,great place to go for a drink too because they have 100 kinds of beer .,drink,0,neutral
"Over $T$ , and small portions .","Over price , and small portions .",price,-1,negative
"Over price , and small $T$ .","Over price , and small portions .",portions,-1,negative
"Meanwhile , the $T$ continued to pour champagne from his reserve after we had finished our bottle and we enjoyed an amuse of turnip soup with pureed basil , gratis .","Meanwhile , the bartender continued to pour champagne from his reserve after we had finished our bottle and we enjoyed an amuse of turnip soup with pureed basil , gratis .",bartender,1,positive
"Meanwhile , the bartender continued to pour $T$ from his reserve after we had finished our bottle and we enjoyed an amuse of turnip soup with pureed basil , gratis .","Meanwhile , the bartender continued to pour champagne from his reserve after we had finished our bottle and we enjoyed an amuse of turnip soup with pureed basil , gratis .",champagne,0,neutral
"Meanwhile , the bartender continued to pour champagne from his reserve after we had finished our bottle and we enjoyed an amuse of $T$ , gratis .","Meanwhile , the bartender continued to pour champagne from his reserve after we had finished our bottle and we enjoyed an amuse of turnip soup with pureed basil , gratis .",turnip soup with pureed basil,1,positive
The $T$ was well prepared and the service impecable .,The food was well prepared and the service impecable .,food,1,positive
The food was well prepared and the $T$ impecable .,The food was well prepared and the service impecable .,service,1,positive
"BUt their best $T$ is thh Thai spiced curry noodles with shrimp - a dish that would cost $ 23.95 is most places , but it is $ 16 here .","BUt their best dish is thh Thai spiced curry noodles with shrimp - a dish that would cost $ 23.95 is most places , but it is $ 16 here .",dish,1,positive
"BUt their best dish is thh $T$ - a dish that would cost $ 23.95 is most places , but it is $ 16 here .","BUt their best dish is thh Thai spiced curry noodles with shrimp - a dish that would cost $ 23.95 is most places , but it is $ 16 here .",Thai spiced curry noodles with shrimp,1,positive
"BUt their best dish is thh Thai spiced curry noodles with shrimp - a $T$ that would cost $ 23.95 is most places , but it is $ 16 here .","BUt their best dish is thh Thai spiced curry noodles with shrimp - a dish that would cost $ 23.95 is most places , but it is $ 16 here .",dish,1,positive
"BUt their best dish is thh Thai spiced curry noodles with shrimp - a dish that would $T$ $ 23.95 is most places , but it is $ 16 here .","BUt their best dish is thh Thai spiced curry noodles with shrimp - a dish that would cost $ 23.95 is most places , but it is $ 16 here .",cost,1,positive
"Good , dark $T$ and the music is a nice touch .","Good , dark atmosphere and the music is a nice touch .",atmosphere,1,positive
"Good , dark atmosphere and the $T$ is a nice touch .","Good , dark atmosphere and the music is a nice touch .",music,1,positive
"My husband said the $T$ were very small , but if my main course was good to eat the portion would 've been fine for me .","My husband said the portions were very small , but if my main course was good to eat the portion would 've been fine for me .",portions,-1,negative
"My husband said the portions were very small , but if my main course was good to eat the $T$ would 've been fine for me .","My husband said the portions were very small , but if my main course was good to eat the portion would 've been fine for me .",portion,1,positive
"My husband said the portions were very small , but if my $T$ e was good to eat the portion would 've been fine for me .","My husband said the portions were very small , but if my main cours e was good to eat the portion would 've been fine for me .",main cours,-1,negative
But the $T$ is definitely not great -- bland and indistinguished .,But the thai is definitely not great -- bland and indistinguished .,thai,-1,negative
"Great for groups , great for a date , great for early $T$ or a nightcap .","Great for groups , great for a date , great for early brunch or a nightcap .",brunch,1,positive
"Great for groups , great for a date , great for early brunch or a $T$ .","Great for groups , great for a date , great for early brunch or a nightcap .",nightcap,1,positive
Our friendly server made great $T$ and also sent both the sommelier and the fromager to the table to help suggest different pairings for wine and cheese .,Our friendly server made great food suggestions and also sent both the sommelier and the fromager to the table to help suggest different pairings for wine and cheese .,food suggestions,1,positive
Our friendly $T$ made great food suggestions and also sent both the sommelier and the fromager to the table to help suggest different pairings for wine and cheese .,Our friendly server made great food suggestions and also sent both the sommelier and the fromager to the table to help suggest different pairings for wine and cheese .,server,1,positive
Our friendly server made great food suggestions and also sent both the $T$ and the fromager to the table to help suggest different pairings for wine and cheese .,Our friendly server made great food suggestions and also sent both the sommelier and the fromager to the table to help suggest different pairings for wine and cheese .,sommelier,1,positive
Our friendly server made great food suggestions and also sent both the sommelier and the $T$ to the table to help suggest different pairings for wine and cheese .,Our friendly server made great food suggestions and also sent both the sommelier and the fromager to the table to help suggest different pairings for wine and cheese .,fromager,1,positive
Our friendly server made great food suggestions and also sent both the sommelier and the fromager to the table to help suggest different pairings for $T$ and cheese .,Our friendly server made great food suggestions and also sent both the sommelier and the fromager to the table to help suggest different pairings for wine and cheese .,wine,0,neutral
Our friendly server made great food suggestions and also sent both the sommelier and the fromager to the table to help suggest different pairings for wine and $T$ .,Our friendly server made great food suggestions and also sent both the sommelier and the fromager to the table to help suggest different pairings for wine and cheese .,cheese,0,neutral
"Because we did n't have a reservation , we could only sit in the $T$ , but it was great , secluded and perfect in nice weather .","Because we did n't have a reservation , we could only sit in the back garden , but it was great , secluded and perfect in nice weather .",back garden,1,positive
"Because we did n't have a $T$ , we could only sit in the back garden , but it was great , secluded and perfect in nice weather .","Because we did n't have a reservation , we could only sit in the back garden , but it was great , secluded and perfect in nice weather .",reservation,-1,negative
Stuffing yourself with $T$ is a rare thing .,Stuffing yourself with Japanese food is a rare thing .,Japanese food,0,neutral
While the $T$ was good -LRB- certainly no Il Mulino -RRB- the service was horrendous .,While the food was good -LRB- certainly no Il Mulino -RRB- the service was horrendous .,food,1,positive
While the food was good -LRB- certainly no Il Mulino -RRB- the $T$ was horrendous .,While the food was good -LRB- certainly no Il Mulino -RRB- the service was horrendous .,service,-1,negative
$T$ is not what one would expect from a joint in this price category .,Service is not what one would expect from a joint in this price category .,Service,-1,negative
Service is not what one would expect from a joint in this $T$ .,Service is not what one would expect from a joint in this price category .,price category,-1,negative
Our family never expected such incredible $T$ in a restaurant .,Our family never expected such incredible entertainment in a restaurant .,entertainment,1,positive
i would recommend $T$ on weekends though .,i would recommend reservations on weekends though .,reservations,0,neutral
Great $T$ for lunch place .,Great pizza for lunch place .,pizza,1,positive
The food was very expensive -LRB- we spent $ 160 for $T$ for two -RRB- but extremely tasty .,The food was very expensive -LRB- we spent $ 160 for lunch for two -RRB- but extremely tasty .,lunch,-1,negative
We were a group of 8 and well $T$ .,We were a group of 8 and well seved .,seved,1,positive
"The $T$ , the specials menus , food , and even all the waitstaff are ALL TOTALLY Japanese .","The signs , the specials menus , food , and even all the waitstaff are ALL TOTALLY Japanese .",signs,1,positive
"The signs , the $T$ , food , and even all the waitstaff are ALL TOTALLY Japanese .","The signs , the specials menus , food , and even all the waitstaff are ALL TOTALLY Japanese .",specials menus,1,positive
"The signs , the specials menus , $T$ , and even all the waitstaff are ALL TOTALLY Japanese .","The signs , the specials menus , food , and even all the waitstaff are ALL TOTALLY Japanese .",food,1,positive
"The signs , the specials menus , food , and even all the $T$ are ALL TOTALLY Japanese .","The signs , the specials menus , food , and even all the waitstaff are ALL TOTALLY Japanese .",waitstaff,1,positive
"I LOVE their spicy $T$ , and my boyfriend consistently gets the sesame chicken .","I LOVE their spicy scallop roll , and my boyfriend consistently gets the sesame chicken .",scallop roll,1,positive
"I LOVE their spicy scallop roll , and my boyfriend consistently gets the $T$ .","I LOVE their spicy scallop roll , and my boyfriend consistently gets the sesame chicken .",sesame chicken,1,positive
"I 'm no $T$ critic , but I 'd like to think I have a tiny bit of experience under my belt having lived in NY for the last 11 years .","I 'm no food critic , but I 'd like to think I have a tiny bit of experience under my belt having lived in NY for the last 11 years .",food,0,neutral
I noted it was crossed off on the $T$ .,I noted it was crossed off on the bill .,bill,0,neutral
Best dish is $T$ .,Best dish is nori-wrapped tuna .,nori-wrapped tuna,1,positive
Best $T$ is nori-wrapped tuna .,Best dish is nori-wrapped tuna .,dish,1,positive
The $T$ was absolutely amazing !!,The food was absolutely amazing !!,food,1,positive
Some $T$ make you feel like they are doing you a favor to bring you the food .,Some servers make you feel like they are doing you a favor to bring you the food .,servers,-1,negative
Some servers make you feel like they are doing you a favor to bring you the $T$ .,Some servers make you feel like they are doing you a favor to bring you the food .,food,0,neutral
"An excellent alternative to $T$ joints and ordering in but , the food was slightly disappointing .","An excellent alternative to fast food joints and ordering in but , the food was slightly disappointing .",fast food,-1,negative
"An excellent alternative to fast food joints and ordering in but , the $T$ was slightly disappointing .","An excellent alternative to fast food joints and ordering in but , the food was slightly disappointing .",food,-1,negative
Mermaid Inn is an overall good restaurant with really good $T$ .,Mermaid Inn is an overall good restaurant with really good seafood .,seafood,1,positive
The $T$ is also attentive and friendly .,The staff is also attentive and friendly .,staff,1,positive
The $T$ is truly amazing here .,The all you can eat deal is truly amazing here .,all you can eat deal,1,positive
"That is a problem since we paid about 20 bucks a $T$ , and had to order 5 dishes to get a decent taste .","That is a problem since we paid about 20 bucks a dish , and had to order 5 dishes to get a decent taste .",dish,-1,negative
"That is a problem since we paid about 20 bucks a dish , and had to order 5 dishes to get a decent $T$ .","That is a problem since we paid about 20 bucks a dish , and had to order 5 dishes to get a decent taste .",taste,0,neutral
"That is a problem since we paid about 20 bucks a dish , and had to order 5 $T$ to get a decent taste .","That is a problem since we paid about 20 bucks a dish , and had to order 5 dishes to get a decent taste .",dishes,-1,negative
They were such a rip-off -LRB- $ 8.95 for four small $T$ -RRB- and not worth trying .,They were such a rip-off -LRB- $ 8.95 for four small meat patties in steamed buns -RRB- and not worth trying .,meat patties in steamed buns,-1,negative
All of the $T$ are terrific and the price is even better !,All of the pizzas are terrific and the price is even better !,pizzas,1,positive
All of the pizzas are terrific and the $T$ is even better !,All of the pizzas are terrific and the price is even better !,price,1,positive
"It is about $T$ and Ambiance , and imagine how dreadful it will be it we only had to listen to an idle engine .","It is about FOOD and Ambiance , and imagine how dreadful it will be it we only had to listen to an idle engine .",FOOD,-1,negative
"It is about FOOD and $T$ , and imagine how dreadful it will be it we only had to listen to an idle engine .","It is about FOOD and Ambiance , and imagine how dreadful it will be it we only had to listen to an idle engine .",Ambiance,-1,negative
The $T$ was good too .,The food was good too .,food,1,positive
"Immediately after we paid , the $T$ took the money and said , okay , you guys are outta here .","Immediately after we paid , the waiter took the money and said , okay , you guys are outta here .",waiter,-1,negative
The $T$ is quietly elegant with no music to shout over -- how refreshing !,The dining room is quietly elegant with no music to shout over -- how refreshing !,dining room,1,positive
The dining room is quietly elegant with no $T$ to shout over -- how refreshing !,The dining room is quietly elegant with no music to shout over -- how refreshing !,music,1,positive
"Admittedly , this is not the place for gigantic pieces of fish overflowing the plate -LRB- and thank goodness , in my opinion -RRB- but for simple , elegant $T$ there is no better place in New York or anywhere in the US .","Admittedly , this is not the place for gigantic pieces of fish overflowing the plate -LRB- and thank goodness , in my opinion -RRB- but for simple , elegant sushi there is no better place in New York or anywhere in the US .",sushi,1,positive
"Admittedly , this is not the place for gigantic pieces of $T$ overflowing the plate -LRB- and thank goodness , in my opinion -RRB- but for simple , elegant sushi there is no better place in New York or anywhere in the US .","Admittedly , this is not the place for gigantic pieces of fish overflowing the plate -LRB- and thank goodness , in my opinion -RRB- but for simple , elegant sushi there is no better place in New York or anywhere in the US .",fish,0,neutral
The $T$ seemed to have a wide variety of dishes for seafood lovers and interesting ways of preparing them .,The menu seemed to have a wide variety of dishes for seafood lovers and interesting ways of preparing them .,menu,1,positive
The menu seemed to have a wide $T$ for seafood lovers and interesting ways of preparing them .,The menu seemed to have a wide variety of dishes for seafood lovers and interesting ways of preparing them .,variety of dishes,1,positive
The menu seemed to have a wide variety of dishes for $T$ lovers and interesting ways of preparing them .,The menu seemed to have a wide variety of dishes for seafood lovers and interesting ways of preparing them .,seafood,1,positive
The $T$ to start was incredible and the pasta was phenomenal .,The white bean brushetta to start was incredible and the pasta was phenomenal .,white bean brushetta,1,positive
The white bean brushetta to start was incredible and the $T$ was phenomenal .,The white bean brushetta to start was incredible and the pasta was phenomenal .,pasta,1,positive
The rest of the menu is limited by everything is good $T$ .,The rest of the menu is limited by everything is good eats .,eats,1,positive
The $T$ is nothing like the one on the website .,The menu is nothing like the one on the website .,menu,-1,negative
"Great $T$ , great lay out and awesome service .","Great food , great lay out and awesome service .",food,1,positive
"Great food , great $T$ and awesome service .","Great food , great lay out and awesome service .",lay out,1,positive
"Great food , great lay out and awesome $T$ .","Great food , great lay out and awesome service .",service,1,positive
Ive asked a $T$ for a lotus leaf wrapped rice and she replied back rice and just walked away .,Ive asked a cart attendant for a lotus leaf wrapped rice and she replied back rice and just walked away .,cart attendant,-1,negative
Ive asked a cart attendant for a $T$ and she replied back rice and just walked away .,Ive asked a cart attendant for a lotus leaf wrapped rice and she replied back rice and just walked away .,lotus leaf wrapped rice,0,neutral
Ive asked a cart attendant for a lotus leaf wrapped rice and she replied back $T$ and just walked away .,Ive asked a cart attendant for a lotus leaf wrapped rice and she replied back rice and just walked away .,rice,0,neutral
We walked in on a Wednesday night and were $T$ promptly .,We walked in on a Wednesday night and were seated promptly .,seated,1,positive
"The $T$ is very freindly , they make it feel like you 're eating in a freindly little european town .","The wait staff is very freindly , they make it feel like you 're eating in a freindly little european town .",wait staff,1,positive
"The $T$ are all very busy , it 's not outstanding service , but I 've never been dealt with rudely .","The waitstaff are all very busy , it 's not outstanding service , but I 've never been dealt with rudely .",waitstaff,-1,negative
I have lived in Japan for 7 years and the taste of the $T$ and the feel of the restaurant is like being back in Japan .,I have lived in Japan for 7 years and the taste of the food and the feel of the restaurant is like being back in Japan .,food,1,positive
I have lived in Japan for 7 years and the taste of the food and the $T$ of the restaurant is like being back in Japan .,I have lived in Japan for 7 years and the taste of the food and the feel of the restaurant is like being back in Japan .,feel,1,positive
I have lived in Japan for 7 years and the $T$ of the food and the feel of the restaurant is like being back in Japan .,I have lived in Japan for 7 years and the taste of the food and the feel of the restaurant is like being back in Japan .,taste,1,positive
"They have it all -- great $T$ , food , and service .","They have it all -- great price , food , and service .",price,1,positive
"They have it all -- great price , $T$ , and service .","They have it all -- great price , food , and service .",food,1,positive
"They have it all -- great price , food , and $T$ .","They have it all -- great price , food , and service .",service,1,positive
"The $T$ are great , and the menu is extensive .","The flavors are great , and the menu is extensive .",flavors,1,positive
"The flavors are great , and the $T$ is extensive .","The flavors are great , and the menu is extensive .",menu,1,positive
"The $T$ was amazing , the service was so attentive and personable , and how about that ambience !","The food was amazing , the service was so attentive and personable , and how about that ambience !",food,1,positive
"The food was amazing , the $T$ was so attentive and personable , and how about that ambience !","The food was amazing , the service was so attentive and personable , and how about that ambience !",service,1,positive
"The food was amazing , the service was so attentive and personable , and how about that $T$ !","The food was amazing , the service was so attentive and personable , and how about that ambience !",ambience,1,positive
"This place has the best $T$ I have seen anywhere in the northside of W'burg , and will impress whoever you bring there .","This place has the best interior I have seen anywhere in the northside of W'burg , and will impress whoever you bring there .",interior,1,positive
"This $T$ has the best interior I have seen anywhere in the northside of W'burg , and will impress whoever you bring there .","This place has the best interior I have seen anywhere in the northside of W'burg , and will impress whoever you bring there .",place,1,positive
The $T$ has been consistant for years and it never lets you down .,The food has been consistant for years and it never lets you down .,food,1,positive
I found the variety of the $T$ to be satisfying - fresh and yummy .,I found the variety of the sashimi plate to be satisfying - fresh and yummy .,sashimi plate,1,positive
"And forget what you read under me , the $T$ is n't that bad either .","And forget what you read under me , the atmosphere is n't that bad either .",atmosphere,0,neutral
"We could n't carry our conversation as we were routinely interrupted by $T$ and servants asking us to order and hinting that we 're taking too much time -- amazing , we just sat down .","We could n't carry our conversation as we were routinely interrupted by waitress and servants asking us to order and hinting that we 're taking too much time -- amazing , we just sat down .",waitress,-1,negative
"We could n't carry our conversation as we were routinely interrupted by waitress and $T$ asking us to order and hinting that we 're taking too much time -- amazing , we just sat down .","We could n't carry our conversation as we were routinely interrupted by waitress and servants asking us to order and hinting that we 're taking too much time -- amazing , we just sat down .",servants,-1,negative
sometimes i get good $T$ and ok service .,sometimes i get good food and ok service .,food,1,positive
sometimes i get good food and ok $T$ .,sometimes i get good food and ok service .,service,0,neutral
"It 's a place for people who pay a lot for mediocre $T$ , noise and a chance to be with their fellow bridge and tunnel folks .","It 's a place for people who pay a lot for mediocre food , noise and a chance to be with their fellow bridge and tunnel folks .",food,0,neutral
"It 's a place for people who pay a lot for mediocre food , $T$ and a chance to be with their fellow bridge and tunnel folks .","It 's a place for people who pay a lot for mediocre food , noise and a chance to be with their fellow bridge and tunnel folks .",noise,-1,negative
"After complaining about the $T$ , the manager came over to tell us that , no one had ever complained before , and that we just did n't know what the dish was supposed to taste like .","After complaining about the chicken dish , the manager came over to tell us that , no one had ever complained before , and that we just did n't know what the dish was supposed to taste like .",chicken dish,-1,negative
"After complaining about the chicken dish , the $T$ came over to tell us that , no one had ever complained before , and that we just did n't know what the dish was supposed to taste like .","After complaining about the chicken dish , the manager came over to tell us that , no one had ever complained before , and that we just did n't know what the dish was supposed to taste like .",manager,-1,negative
"After complaining about the chicken dish , the manager came over to tell us that , no one had ever complained before , and that we just did n't know what the $T$ was supposed to taste like .","After complaining about the chicken dish , the manager came over to tell us that , no one had ever complained before , and that we just did n't know what the dish was supposed to taste like .",dish,0,neutral
The $T$ was spicy and delicious .,The food was spicy and delicious .,food,1,positive
Went for a late weekday $T$ .,Went for a late weekday lunch .,lunch,0,neutral
$T$ was unable to tear himself away from friends at bar .,Bartender was unable to tear himself away from friends at bar .,Bartender,-1,negative
Bartender was unable to tear himself away from friends at $T$ .,Bartender was unable to tear himself away from friends at bar .,bar,0,neutral
"Anyways , if you 're in the neighborhood to eat good $T$ , I would n't waste my time trying to find something , rather go across the street to Tamari .","Anyways , if you 're in the neighborhood to eat good food , I would n't waste my time trying to find something , rather go across the street to Tamari .",food,1,positive
Dahkin also offers $T$ and buffet .,Dahkin also offers prix fixe lunch and buffet .,prix fixe lunch,1,positive
Dahkin also offers prix fixe lunch and $T$ .,Dahkin also offers prix fixe lunch and buffet .,buffet,1,positive
This was my frist time at Cafe St. Bart 's and I must say how delicous the $T$ and the service was .,This was my frist time at Cafe St. Bart 's and I must say how delicous the food and the service was .,food,1,positive
This was my frist time at Cafe St. Bart 's and I must say how delicous the food and the $T$ was .,This was my frist time at Cafe St. Bart 's and I must say how delicous the food and the service was .,service,1,positive
Went on a double date with friend and his girlfriend for a few $T$ and appetizers .,Went on a double date with friend and his girlfriend for a few drinks and appetizers .,drinks,0,neutral
Went on a double date with friend and his girlfriend for a few drinks and $T$ .,Went on a double date with friend and his girlfriend for a few drinks and appetizers .,appetizers,0,neutral
Great place to grab a $T$ on the way to work .,Great place to grab a hot bagel on the way to work .,hot bagel,1,positive
"It 's like they took leftover $T$ , poured oil and sprinkled pepper powder over it -LRB- the sauce was translucent and red -RRB- .","It 's like they took leftover chicken , poured oil and sprinkled pepper powder over it -LRB- the sauce was translucent and red -RRB- .",chicken,-1,negative
"It 's like they took leftover chicken , poured $T$ and sprinkled pepper powder over it -LRB- the sauce was translucent and red -RRB- .","It 's like they took leftover chicken , poured oil and sprinkled pepper powder over it -LRB- the sauce was translucent and red -RRB- .",oil,0,neutral
"It 's like they took leftover chicken , poured oil and sprinkled $T$ over it -LRB- the sauce was translucent and red -RRB- .","It 's like they took leftover chicken , poured oil and sprinkled pepper powder over it -LRB- the sauce was translucent and red -RRB- .",pepper powder,0,neutral
"It 's like they took leftover chicken , poured oil and sprinkled pepper powder over it -LRB- the $T$ was translucent and red -RRB- .","It 's like they took leftover chicken , poured oil and sprinkled pepper powder over it -LRB- the sauce was translucent and red -RRB- .",sauce,-1,negative
"One would think we 'd get an apology or complimentary drinks - instead , we got a snobby $T$ would n't even take our order for 15 minutes and gave us lip when we asked him to do so .","One would think we 'd get an apology or complimentary drinks - instead , we got a snobby waiter would n't even take our order for 15 minutes and gave us lip when we asked him to do so .",waiter,-1,negative
"One would think we 'd get an apology or complimentary $T$ - instead , we got a snobby waiter would n't even take our order for 15 minutes and gave us lip when we asked him to do so .","One would think we 'd get an apology or complimentary drinks - instead , we got a snobby waiter would n't even take our order for 15 minutes and gave us lip when we asked him to do so .",drinks,0,neutral
"We actually gave 10 % tip -LRB- which we have never done despite mediocre $T$ and service -RRB- , because we felt totally ripped off .","We actually gave 10 % tip -LRB- which we have never done despite mediocre food and service -RRB- , because we felt totally ripped off .",food,0,neutral
"We actually gave 10 % tip -LRB- which we have never done despite mediocre food and $T$ -RRB- , because we felt totally ripped off .","We actually gave 10 % tip -LRB- which we have never done despite mediocre food and service -RRB- , because we felt totally ripped off .",service,0,neutral
"We actually gave 10 % $T$ -LRB- which we have never done despite mediocre food and service -RRB- , because we felt totally ripped off .","We actually gave 10 % tip -LRB- which we have never done despite mediocre food and service -RRB- , because we felt totally ripped off .",tip,-1,negative
We were looking forward to nice $T$ when we arrived .,We were looking forward to nice glass of Sangria when we arrived .,glass of Sangria,1,positive
I would highly recommand requesting a $T$ .,I would highly recommand requesting a table by the window .,table by the window,1,positive
"While we enjoyed the $T$ , we were highly disappointed by the poor service -LRB- waiter was not quite competent and SLOW service -RRB- and lack of remorse .","While we enjoyed the food , we were highly disappointed by the poor service -LRB- waiter was not quite competent and SLOW service -RRB- and lack of remorse .",food,1,positive
"While we enjoyed the food , we were highly disappointed by the poor $T$ -LRB- waiter was not quite competent and SLOW service -RRB- and lack of remorse .","While we enjoyed the food , we were highly disappointed by the poor service -LRB- waiter was not quite competent and SLOW service -RRB- and lack of remorse .",service,-1,negative
"While we enjoyed the food , we were highly disappointed by the poor service -LRB- $T$ was not quite competent and SLOW service -RRB- and lack of remorse .","While we enjoyed the food , we were highly disappointed by the poor service -LRB- waiter was not quite competent and SLOW service -RRB- and lack of remorse .",waiter,-1,negative
"While we enjoyed the food , we were highly disappointed by the poor service -LRB- waiter was not quite competent and SLOW $T$ -RRB- and lack of remorse .","While we enjoyed the food , we were highly disappointed by the poor service -LRB- waiter was not quite competent and SLOW service -RRB- and lack of remorse .",service,-1,negative
"The $T$ , however , was a bright flower in a garden .","The service , however , was a bright flower in a garden .",service,1,positive
We 've been to Grocery three times and not once has an item on the $T$ disappointed .,We 've been to Grocery three times and not once has an item on the menu disappointed .,menu,1,positive
"The $T$ is very good too but for the most part , it 's just regular food , nothing special .","The food is very good too but for the most part , it 's just regular food , nothing special .",food,1,positive
"The food is very good too but for the most part , it 's just regular $T$ , nothing special .","The food is very good too but for the most part , it 's just regular food , nothing special .",food,0,neutral
A touch more $T$ heat for contrast and it would have been very good indeed .,A touch more jalapeno heat for contrast and it would have been very good indeed .,jalapeno,1,positive
Tried the $T$ on the recommendation of the last reviewer since it 's one of my favorite dishes .,Tried the pad see ew on the recommendation of the last reviewer since it 's one of my favorite dishes .,pad see ew,0,neutral
Tried the pad see ew on the recommendation of the last reviewer since it 's one of my favorite $T$ .,Tried the pad see ew on the recommendation of the last reviewer since it 's one of my favorite dishes .,dishes,1,positive
"We ate out in the $T$ , which is worth it as it 's cool and the music is hear well there .","We ate out in the back patio , which is worth it as it 's cool and the music is hear well there .",back patio,1,positive
"We ate out in the back patio , which is worth it as it 's cool and the $T$ is hear well there .","We ate out in the back patio , which is worth it as it 's cool and the music is hear well there .",music,1,positive
The $T$ is perfect .,The location is perfect .,location,1,positive
"$T$ was really great , we both had the filet , very good , did n't much like the frites that came with , but the filet was so good , neither of us cared .","Guacamole+shrimp appetizer was really great , we both had the filet , very good , did n't much like the frites that came with , but the filet was so good , neither of us cared .",Guacamole+shrimp appetizer,1,positive
"Guacamole + shrimp appetizer was really great , we both had the $T$ , very good , did n't much like the frites that came with , but the filet was so good , neither of us cared .","Guacamole + shrimp appetizer was really great , we both had the filet , very good , did n't much like the frites that came with , but the filet was so good , neither of us cared .",filet,1,positive
"Guacamole + shrimp appetizer was really great , we both had the filet , very good , did n't much like the $T$ that came with , but the filet was so good , neither of us cared .","Guacamole + shrimp appetizer was really great , we both had the filet , very good , did n't much like the frites that came with , but the filet was so good , neither of us cared .",frites,-1,negative
"Guacamole + shrimp appetizer was really great , we both had the filet , very good , did n't much like the frites that came with , but the $T$ was so good , neither of us cared .","Guacamole + shrimp appetizer was really great , we both had the filet , very good , did n't much like the frites that came with , but the filet was so good , neither of us cared .",filet,1,positive
The $T$ is an asbolute steal .,The lunch special is an asbolute steal .,lunch special,1,positive
This $T$ is asian-air fusion .,This food is asian-air fusion .,food,0,neutral
Nothing fancy but really good $T$ with pretty reasonable price .,Nothing fancy but really good food with pretty reasonable price .,food,1,positive
Nothing fancy but really good food with pretty reasonable $T$ .,Nothing fancy but really good food with pretty reasonable price .,price,1,positive
"$T$ is excpetiona , the cheeseburger huge and delictable , and the service professional wan warm .","The chicken pot pie is excpetiona , the cheeseburger huge and delictable , and the service professional wan warm .",The chicken pot pie,1,positive
"The chicken pot pie is excpetiona , the $T$ huge and delictable , and the service professional wan warm .","The chicken pot pie is excpetiona , the cheeseburger huge and delictable , and the service professional wan warm .",cheeseburger,1,positive
"The chicken pot pie is excpetiona , the cheeseburger huge and delictable , and the $T$ professional wan warm .","The chicken pot pie is excpetiona , the cheeseburger huge and delictable , and the service professional wan warm .",service,1,positive
"While I quite liked the $T$ and the ambience , I 'm not quite sure if it they really deserve it the Michelin rating they have displayed so prooudly in the window .","While I quite liked the food and the ambience , I 'm not quite sure if it they really deserve it the Michelin rating they have displayed so prooudly in the window .",food,1,positive
"While I quite liked the food and the $T$ , I 'm not quite sure if it they really deserve it the Michelin rating they have displayed so prooudly in the window .","While I quite liked the food and the ambience , I 'm not quite sure if it they really deserve it the Michelin rating they have displayed so prooudly in the window .",ambience,1,positive
Once for $T$ and once for brunch .,Once for dinner and once for brunch .,dinner,0,neutral
Once for dinner and once for $T$ .,Once for dinner and once for brunch .,brunch,0,neutral
Not worth the $T$ .,Not worth the prices .,prices,-1,negative
From the moment you enter till the moment you walk out the friendly and helpful $T$ was was just Fantastic .,From the moment you enter till the moment you walk out the friendly and helpful staff was was just Fantastic .,staff,1,positive
$T$ was good and food is wonderful .,Service was good and food is wonderful .,Service,1,positive
Service was good and $T$ is wonderful .,Service was good and food is wonderful .,food,1,positive
She gets 10 for her excellent $T$ and advice .,She gets 10 for her excellent service and advice .,service,1,positive
The restaurant is a bit noisy but that is something that can be overlooked once you sit down and enjoy a great $T$,The restaurant is a bit noisy but that is something that can be overlooked once you sit down and enjoy a great meal,meal,1,positive
"being a fan of $T$ , indian included , i made friends with this place long ago .","being a fan of spicy ethnic foods , indian included , i made friends with this place long ago .",spicy ethnic foods,1,positive
And I say snacking because it really is not set up to be a proper $T$ .,And I say snacking because it really is not set up to be a proper dinner .,dinner,-1,negative
And I say $T$ because it really is not set up to be a proper dinner .,And I say snacking because it really is not set up to be a proper dinner .,snacking,0,neutral
The $T$ at this restaurant accompanied by fantastic live jazz makes this place a perfect 10 !,The quality of food at this restaurant accompanied by fantastic live jazz makes this place a perfect 10 !,quality of food,1,positive
The quality of food at this restaurant accompanied by fantastic $T$ makes this place a perfect 10 !,The quality of food at this restaurant accompanied by fantastic live jazz makes this place a perfect 10 !,live jazz,1,positive
"I have eaten at Saul , many times , the $T$ is always consistently , outrageously good .","I have eaten at Saul , many times , the food is always consistently , outrageously good .",food,1,positive
-LRB- Always ask the bartender for the $T$ !!!,-LRB- Always ask the bartender for the SEASONAL beer !!!,SEASONAL beer,1,positive
-LRB- Always ask the $T$ for the SEASONAL beer !!!,-LRB- Always ask the bartender for the SEASONAL beer !!!,bartender,0,neutral
"If your visiting , you 'll enjoy the $T$ and the fact that it 's in Time Sq. . .","If your visiting , you 'll enjoy the ambiance and the fact that it 's in Time Sq. . .",ambiance,1,positive
"We were on our way back to NJ , and since I am in NY , we figured why not grab some $T$ ?","We were on our way back to NJ , and since I am in NY , we figured why not grab some food ?",food,0,neutral
$T$ and food is what any one would expect when spending that type of money .,Service and food is what any one would expect when spending that type of money .,Service,0,neutral
Service and $T$ is what any one would expect when spending that type of money .,Service and food is what any one would expect when spending that type of money .,food,0,neutral
LOVE the $T$ - felt like I was in Paris .,LOVE the atmosphere - felt like I was in Paris .,atmosphere,1,positive
Every $T$ was better than the next .,Every course was better than the next .,course,1,positive
The $T$ is incredibly helpful and attentive .,The staff is incredibly helpful and attentive .,staff,1,positive
"If presentation and $T$ is your thing , then this magic show works .","If presentation and service is your thing , then this magic show works .",service,1,positive
"Apparently , the good $T$ works then .","Apparently , the good cook works then .",cook,1,positive
The $T$ was particularly good as well .,The Yellowtail was particularly good as well .,Yellowtail,1,positive
I ate $T$ and spectacular salad with perfectly marinated cucumbers and tomatoes with lots of shrimp and basil .,I ate clams oreganta and spectacular salad with perfectly marinated cucumbers and tomatoes with lots of shrimp and basil .,clams oreganta,1,positive
I ate clams oreganta and spectacular $T$ .,I ate clams oreganta and spectacular salad with perfectly marinated cucumbers and tomatoes with lots of shrimp and basil .,salad with perfectly marinated cucumbers and tomatoes with lots of shrimp and basil,1,positive
"The $T$ changed , portions were even smaller than before , a lentil dish was salty beyond edibility , a basmati rice dish lacked flavor .","The menu changed , portions were even smaller than before , a lentil dish was salty beyond edibility , a basmati rice dish lacked flavor .",menu,-1,negative
"The menu changed , $T$ were even smaller than before , a lentil dish was salty beyond edibility , a basmati rice dish lacked flavor .","The menu changed , portions were even smaller than before , a lentil dish was salty beyond edibility , a basmati rice dish lacked flavor .",portions,-1,negative
"The menu changed , portions were even smaller than before , a $T$ was salty beyond edibility , a basmati rice dish lacked flavor .","The menu changed , portions were even smaller than before , a lentil dish was salty beyond edibility , a basmati rice dish lacked flavor .",lentil dish,-1,negative
"The menu changed , portions were even smaller than before , a lentil dish was salty beyond edibility , a $T$ lacked flavor .","The menu changed , portions were even smaller than before , a lentil dish was salty beyond edibility , a basmati rice dish lacked flavor .",basmati rice dish,-1,negative
"The menu changed , portions were even smaller than before , a lentil dish was salty beyond edibility , a basmati rice dish lacked $T$ .","The menu changed , portions were even smaller than before , a lentil dish was salty beyond edibility , a basmati rice dish lacked flavor .",flavor,-1,negative
"Spice is sleek , modern and cool with a $T$ that will not hurt your wallet .","Spice is sleek , modern and cool with a menu that will not hurt your wallet .",menu,1,positive
Patroon features a nice $T$ and has great staff .,Patroon features a nice cigar bar and has great staff .,cigar bar,1,positive
Patroon features a nice cigar bar and has great $T$ .,Patroon features a nice cigar bar and has great staff .,staff,1,positive
Very affordable and excellent $T$ !,Very affordable and excellent ambient !,ambient,1,positive
"More important , the $T$ rivals the best in Tokyo .","More important , the sushi rivals the best in Tokyo .",sushi,1,positive
I have never had $T$ like this .,I have never had cheescake like this .,cheescake,1,positive
"My co-workers had to wait almost an hour for $T$ , only to discover that what they got was not what they ordered .","My co-workers had to wait almost an hour for delivery , only to discover that what they got was not what they ordered .",delivery,-1,negative
Its a go-to for dates as well as $T$ out of town guests .,Its a go-to for dates as well as entertaining out of town guests .,entertaining,1,positive
Why do people rave about the $T$ .,Why do people rave about the ambience .,ambience,-1,negative
Were meeting up with some friends for a $T$ at Lafayette 161 and happened to walk by Thai Angel famished .,Were meeting up with some friends for a drink at Lafayette 161 and happened to walk by Thai Angel famished .,drink,0,neutral
"$T$ drizzled with jalapeno-lime olive oil , the fruit of the oil nicely highlighting the fish 's sweetness .","Fluke sashimi drizzled with jalapeno-lime olive oil , the fruit of the oil nicely highlighting the fish 's sweetness .",Fluke sashimi,1,positive
"Fluke sashimi drizzled with $T$ , the fruit of the oil nicely highlighting the fish 's sweetness .","Fluke sashimi drizzled with jalapeno-lime olive oil , the fruit of the oil nicely highlighting the fish 's sweetness .",jalapeno-lime olive oil,1,positive
"Fluke sashimi drizzled with jalapeno-lime olive oil , the $T$ nicely highlighting the fish 's sweetness .","Fluke sashimi drizzled with jalapeno-lime olive oil , the fruit of the oil nicely highlighting the fish 's sweetness .",fruit of the oil,1,positive
"Fluke sashimi drizzled with jalapeno-lime olive oil , the fruit of the oil nicely highlighting the $T$ 's sweetness .","Fluke sashimi drizzled with jalapeno-lime olive oil , the fruit of the oil nicely highlighting the fish 's sweetness .",fish,1,positive
Great $T$ experience .,Great sushi experience .,sushi,1,positive
"If you 're looking for a great $T$ at a decent price , go to Del Frisco 's !","If you 're looking for a great meal at a decent price , go to Del Frisco 's !",meal,1,positive
"If you 're looking for a great meal at a decent $T$ , go to Del Frisco 's !","If you 're looking for a great meal at a decent price , go to Del Frisco 's !",price,1,positive
They charge $ 6.00 for $T$ .,They charge $ 6.00 for rice .,rice,-1,negative
My $T$ was one of the worst I 've had .,My steak au poivre was one of the worst I 've had .,steak au poivre,-1,negative
The owner and $T$ are all Japanese as well and that adds to the entire ambiance .,The owner and staff are all Japanese as well and that adds to the entire ambiance .,staff,1,positive
The owner and staff are all Japanese as well and that adds to the entire $T$ .,The owner and staff are all Japanese as well and that adds to the entire ambiance .,ambiance,1,positive
The $T$ and staff are all Japanese as well and that adds to the entire ambiance .,The owner and staff are all Japanese as well and that adds to the entire ambiance .,owner,1,positive
"Try the $T$ and the donut like deep fried dough they call Ow Ley Soh , a delicious and sweet tasting bread .","Try the congee and the donut like deep fried dough they call Ow Ley Soh , a delicious and sweet tasting bread .",congee,1,positive
"Try the congee and the donut like deep fried dough they call Ow Ley Soh , a delicious and sweet tasting $T$ .","Try the congee and the donut like deep fried dough they call Ow Ley Soh , a delicious and sweet tasting bread .",bread,1,positive
"Try the congee and the $T$ , a delicious and sweet tasting bread .","Try the congee and the donut like deep fried dough they call Ow Ley Soh , a delicious and sweet tasting bread .",donut like deep fried dough they call Ow Ley Soh,1,positive
"Although the tables may be closely situated , the $T$ , food-quality and service overcompensate .","Although the tables may be closely situated , the candle-light , food-quality and service overcompensate .",candle-light,1,positive
"Although the tables may be closely situated , the candle-light , $T$ and service overcompensate .","Although the tables may be closely situated , the candle-light , food-quality and service overcompensate .",food-quality,1,positive
"Although the tables may be closely situated , the candle-light , food-quality and $T$ overcompensate .","Although the tables may be closely situated , the candle-light , food-quality and service overcompensate .",service,1,positive
"Although the $T$ may be closely situated , the candle-light , food-quality and service overcompensate .","Although the tables may be closely situated , the candle-light , food-quality and service overcompensate .",tables,-1,negative
The $T$ was delicious and the waiter was incredibly helpful and attentive -LRB- considering we were the only ones there for the first hour -RRB- .,The food was delicious and the waiter was incredibly helpful and attentive -LRB- considering we were the only ones there for the first hour -RRB- .,food,1,positive
The food was delicious and the $T$ was incredibly helpful and attentive -LRB- considering we were the only ones there for the first hour -RRB- .,The food was delicious and the waiter was incredibly helpful and attentive -LRB- considering we were the only ones there for the first hour -RRB- .,waiter,1,positive
"From the spectacular $T$ to the hospitable waitstaff , I felt like royalty and enjoyed every second of it .","From the spectacular caviar to the hospitable waitstaff , I felt like royalty and enjoyed every second of it .",caviar,1,positive
"From the spectacular caviar to the hospitable $T$ , I felt like royalty and enjoyed every second of it .","From the spectacular caviar to the hospitable waitstaff , I felt like royalty and enjoyed every second of it .",waitstaff,1,positive
"Perhaps this food is considered extreme to an Upper East Side resident , but for the rest of us who 've actually eaten $T$ , this is simply dull .","Perhaps this food is considered extreme to an Upper East Side resident , but for the rest of us who 've actually eaten ethnic food , this is simply dull .",ethnic food,-1,negative
The $T$ was real empty but that was because this was the first Sunday they ever opened .,The place was real empty but that was because this was the first Sunday they ever opened .,place,-1,negative
This little place definitely exceeded my expectations and you sure get a lot of $T$ for your money .,This little place definitely exceeded my expectations and you sure get a lot of food for your money .,food,1,positive
This little place definitely exceeded my expectations and you sure get a lot of food for your $T$ .,This little place definitely exceeded my expectations and you sure get a lot of food for your money .,money,1,positive
"$T$ is delightful , service impeccable .","Ambience is delightful , service impeccable .",Ambience,1,positive
"Ambience is delightful , $T$ impeccable .","Ambience is delightful , service impeccable .",service,1,positive
"$T$ was excellent , and the AC worked very well too -LRB- thank God , it was hot ! -RRB- .","Service was excellent , and the AC worked very well too -LRB- thank God , it was hot ! -RRB- .",Service,1,positive
"Service was excellent , and the $T$ worked very well too -LRB- thank God , it was hot ! -RRB- .","Service was excellent , and the AC worked very well too -LRB- thank God , it was hot ! -RRB- .",AC,1,positive
You get the sense that the $T$ there care about their restaurant and about your experience and that is very nice .,You get the sense that the people there care about their restaurant and about your experience and that is very nice .,people,1,positive
"Both are delicious , the $T$ are friendly and are willing to take a moment and speak to you and shake your hand .","Both are delicious , the cooks are friendly and are willing to take a moment and speak to you and shake your hand .",cooks,1,positive
My friend ordered some of their special $T$ which had excellent presentation and tasted great !,My friend ordered some of their special sushi rolls which had excellent presentation and tasted great !,sushi rolls,1,positive
Although be warned their dinner menu to sit and take out $T$ are different .,Although be warned their dinner menu to sit and take out prices are different .,prices,0,neutral
Although be warned their $T$ and take out prices are different .,Although be warned their dinner menu to sit and take out prices are different .,dinner menu to sit,0,neutral
Although be warned their dinner menu to sit and $T$ t prices are different .,Although be warned their dinner menu to sit and take ou t prices are different .,take ou,0,neutral
"The $T$ was accomodating , the food was absolutely delicious and the place is lovely .","The staff was accomodating , the food was absolutely delicious and the place is lovely .",staff,1,positive
"The staff was accomodating , the $T$ was absolutely delicious and the place is lovely .","The staff was accomodating , the food was absolutely delicious and the place is lovely .",food,1,positive
"The staff was accomodating , the food was absolutely delicious and the $T$ is lovely .","The staff was accomodating , the food was absolutely delicious and the place is lovely .",place,1,positive
"my picks are : - $T$ -LRB- fried with vegetable juice , very special and tasty -RRB- - Guizhou Chicken - Shredded Squid Family Style -LRB- one of my personal favorites -RRB- - Sichuan Spicy Soft Shell Crab - Shuizhu Fish -LRB- this one is for hardcore Sichuan food fans , I would n't recommend to my American friends as it 's very spicy .","my picks are : - Scallion Pancake -LRB- fried with vegetable juice , very special and tasty -RRB- - Guizhou Chicken - Shredded Squid Family Style -LRB- one of my personal favorites -RRB- - Sichuan Spicy Soft Shell Crab - Shuizhu Fish -LRB- this one is for hardcore Sichuan food fans , I would n't recommend to my American friends as it 's very spicy .",Scallion Pancake,1,positive
"my picks are : - Scallion Pancake -LRB- fried with $T$ , very special and tasty -RRB- - Guizhou Chicken - Shredded Squid Family Style -LRB- one of my personal favorites -RRB- - Sichuan Spicy Soft Shell Crab - Shuizhu Fish -LRB- this one is for hardcore Sichuan food fans , I would n't recommend to my American friends as it 's very spicy .","my picks are : - Scallion Pancake -LRB- fried with vegetable juice , very special and tasty -RRB- - Guizhou Chicken - Shredded Squid Family Style -LRB- one of my personal favorites -RRB- - Sichuan Spicy Soft Shell Crab - Shuizhu Fish -LRB- this one is for hardcore Sichuan food fans , I would n't recommend to my American friends as it 's very spicy .",vegetable juice,1,positive
"my picks are : - Scallion Pancake -LRB- fried with vegetable juice , very special and tasty -RRB- - $T$ - Shredded Squid Family Style -LRB- one of my personal favorites -RRB- - Sichuan Spicy Soft Shell Crab - Shuizhu Fish -LRB- this one is for hardcore Sichuan food fans , I would n't recommend to my American friends as it 's very spicy .","my picks are : - Scallion Pancake -LRB- fried with vegetable juice , very special and tasty -RRB- - Guizhou Chicken - Shredded Squid Family Style -LRB- one of my personal favorites -RRB- - Sichuan Spicy Soft Shell Crab - Shuizhu Fish -LRB- this one is for hardcore Sichuan food fans , I would n't recommend to my American friends as it 's very spicy .",Guizhou Chicken,1,positive
"my picks are : - Scallion Pancake -LRB- fried with vegetable juice , very special and tasty -RRB- - Guizhou Chicken - $T$ -LRB- one of my personal favorites -RRB- - Sichuan Spicy Soft Shell Crab - Shuizhu Fish -LRB- this one is for hardcore Sichuan food fans , I would n't recommend to my American friends as it 's very spicy .","my picks are : - Scallion Pancake -LRB- fried with vegetable juice , very special and tasty -RRB- - Guizhou Chicken - Shredded Squid Family Style -LRB- one of my personal favorites -RRB- - Sichuan Spicy Soft Shell Crab - Shuizhu Fish -LRB- this one is for hardcore Sichuan food fans , I would n't recommend to my American friends as it 's very spicy .",Shredded Squid Family Style,1,positive
"my picks are : - Scallion Pancake -LRB- fried with vegetable juice , very special and tasty -RRB- - Guizhou Chicken - Shredded Squid Family Style -LRB- one of my personal favorites -RRB- - $T$ - Shuizhu Fish -LRB- this one is for hardcore Sichuan food fans , I would n't recommend to my American friends as it 's very spicy .","my picks are : - Scallion Pancake -LRB- fried with vegetable juice , very special and tasty -RRB- - Guizhou Chicken - Shredded Squid Family Style -LRB- one of my personal favorites -RRB- - Sichuan Spicy Soft Shell Crab - Shuizhu Fish -LRB- this one is for hardcore Sichuan food fans , I would n't recommend to my American friends as it 's very spicy .",Sichuan Spicy Soft Shell Crab,1,positive
"my picks are : - Scallion Pancake -LRB- fried with vegetable juice , very special and tasty -RRB- - Guizhou Chicken - Shredded Squid Family Style -LRB- one of my personal favorites -RRB- - Sichuan Spicy Soft Shell Crab - $T$ -LRB- this one is for hardcore Sichuan food fans , I would n't recommend to my American friends as it 's very spicy .","my picks are : - Scallion Pancake -LRB- fried with vegetable juice , very special and tasty -RRB- - Guizhou Chicken - Shredded Squid Family Style -LRB- one of my personal favorites -RRB- - Sichuan Spicy Soft Shell Crab - Shuizhu Fish -LRB- this one is for hardcore Sichuan food fans , I would n't recommend to my American friends as it 's very spicy .",Shuizhu Fish,1,positive
"my picks are : - Scallion Pancake -LRB- fried with vegetable juice , very special and tasty -RRB- - Guizhou Chicken - Shredded Squid Family Style -LRB- one of my personal favorites -RRB- - Sichuan Spicy Soft Shell Crab - Shuizhu Fish -LRB- this one is for hardcore $T$ fans , I would n't recommend to my American friends as it 's very spicy .","my picks are : - Scallion Pancake -LRB- fried with vegetable juice , very special and tasty -RRB- - Guizhou Chicken - Shredded Squid Family Style -LRB- one of my personal favorites -RRB- - Sichuan Spicy Soft Shell Crab - Shuizhu Fish -LRB- this one is for hardcore Sichuan food fans , I would n't recommend to my American friends as it 's very spicy .",Sichuan food,0,neutral
They smell like they stuff them with old canned vegetables like the $T$ .,They smell like they stuff them with old canned vegetables like the spinach mushroom calzone .,spinach mushroom calzone,-1,negative
They smell like they stuff them with old $T$ like the spinach mushroom calzone .,They smell like they stuff them with old canned vegetables like the spinach mushroom calzone .,canned vegetables,-1,negative
"To celebrate a birthday , three of us went to Mare anticipating great $T$ .","To celebrate a birthday , three of us went to Mare anticipating great food .",food,0,neutral
There was a great deal for 6 $T$ and a beer or glass of wine for $ 8 !,There was a great deal for 6 Blue Point oysters and a beer or glass of wine for $ 8 !,Blue Point oysters,0,neutral
There was a great deal for 6 Blue Point oysters and a $T$ or glass of wine for $ 8 !,There was a great deal for 6 Blue Point oysters and a beer or glass of wine for $ 8 !,beer,0,neutral
There was a great deal for 6 Blue Point oysters and a beer or $T$ for $ 8 !,There was a great deal for 6 Blue Point oysters and a beer or glass of wine for $ 8 !,glass of wine,0,neutral
I really liked the $T$ at Rice Avenue compared to their Green Curry dish .,I really liked the noodle dishes at Rice Avenue compared to their Green Curry dish .,noodle dishes,1,positive
I really liked the noodle dishes at Rice Avenue compared to their $T$ .,I really liked the noodle dishes at Rice Avenue compared to their Green Curry dish .,Green Curry dish,-1,negative
"But for whatever reason , $T$ are about twice as high .","But for whatever reason , prices are about twice as high .",prices,-1,negative
I am relatively new to the area and tried Pick a bgel on 2nd and was disappointed with the $T$ and I thought the food was overated and on the pricey side .,I am relatively new to the area and tried Pick a bgel on 2nd and was disappointed with the service and I thought the food was overated and on the pricey side .,service,-1,negative
I am relatively new to the area and tried Pick a bgel on 2nd and was disappointed with the service and I thought the $T$ was overated and on the pricey side .,I am relatively new to the area and tried Pick a bgel on 2nd and was disappointed with the service and I thought the food was overated and on the pricey side .,food,-1,negative
Great $T$ and worth every bit .,Great atmoshere and worth every bit .,atmoshere,1,positive
"The $T$ was unusually good and the rock shrimp tempura was awesome , great appetizer to share !","The spicy tuna roll was unusually good and the rock shrimp tempura was awesome , great appetizer to share !",spicy tuna roll,1,positive
"The spicy tuna roll was unusually good and the $T$ was awesome , great appetizer to share !","The spicy tuna roll was unusually good and the rock shrimp tempura was awesome , great appetizer to share !",rock shrimp tempura,1,positive
"The spicy tuna roll was unusually good and the rock shrimp tempura was awesome , great $T$ to share !","The spicy tuna roll was unusually good and the rock shrimp tempura was awesome , great appetizer to share !",appetizer,1,positive
The $T$ was knowledgeable and full of personality .,The staff was knowledgeable and full of personality .,staff,1,positive
Great $T$ .,Great staff .,staff,1,positive
"Only complaint would be that at an average $T$ of $ 12 - $ 15 per meal , I 'd like not to have to worry about finding a seat !","Only complaint would be that at an average cost of $ 12 - $ 15 per meal , I 'd like not to have to worry about finding a seat !",cost,-1,negative
"Only complaint would be that at an average cost of $ 12 - $ 15 per $T$ , I 'd like not to have to worry about finding a seat !","Only complaint would be that at an average cost of $ 12 - $ 15 per meal , I 'd like not to have to worry about finding a seat !",meal,0,neutral
"Only complaint would be that at an average cost of $ 12 - $ 15 per meal , I 'd like not to have to worry about finding a $T$ !","Only complaint would be that at an average cost of $ 12 - $ 15 per meal , I 'd like not to have to worry about finding a seat !",seat,-1,negative
"To finish off such a delightful dinner experience you must have $T$ , especially the White Chocolate Bread Pudding with Gelato and hot chocolate .","To finish off such a delightful dinner experience you must have dessert , especially the White Chocolate Bread Pudding with Gelato and hot chocolate .",dessert,1,positive
"To finish off such a delightful dinner experience you must have dessert , especially the $T$ .","To finish off such a delightful dinner experience you must have dessert , especially the White Chocolate Bread Pudding with Gelato and hot chocolate .",White Chocolate Bread Pudding with Gelato and hot chocolate,1,positive
"To finish off such a delightful $T$ experience you must have dessert , especially the White Chocolate Bread Pudding with Gelato and hot chocolate .","To finish off such a delightful dinner experience you must have dessert , especially the White Chocolate Bread Pudding with Gelato and hot chocolate .",dinner,1,positive
The $T$ is an amazing dessert as well .,The banana tower is an amazing dessert as well .,banana tower,1,positive
The banana tower is an amazing $T$ as well .,The banana tower is an amazing dessert as well .,dessert,1,positive
"Excellent $T$ , delicious dishes good and friendly service .","Excellent atmosphere , delicious dishes good and friendly service .",atmosphere,1,positive
"Excellent atmosphere , delicious $T$ good and friendly service .","Excellent atmosphere , delicious dishes good and friendly service .",dishes,1,positive
"Excellent atmosphere , delicious dishes good and friendly $T$ .","Excellent atmosphere , delicious dishes good and friendly service .",service,1,positive
A cool $T$ to hang with your friends for a couple of healthy drinks and desserts .,A cool place to hang with your friends for a couple of healthy drinks and desserts .,place,1,positive
A cool place to hang with your friends for a couple of healthy $T$ and desserts .,A cool place to hang with your friends for a couple of healthy drinks and desserts .,drinks,1,positive
A cool place to hang with your friends for a couple of healthy drinks and $T$ .,A cool place to hang with your friends for a couple of healthy drinks and desserts .,desserts,1,positive
"Great $T$ , lots of people .","Great vibe , lots of people .",vibe,1,positive
"I like Mamoun 's $T$ as well , but side by side , Kati Rolls just produce tastier food hands down .","I like Mamoun 's food as well , but side by side , Kati Rolls just produce tastier food hands down .",food,1,positive
"I like Mamoun 's food as well , but side by side , Kati Rolls just produce tastier $T$ hands down .","I like Mamoun 's food as well , but side by side , Kati Rolls just produce tastier food hands down .",food,1,positive
"The $T$ is a bit slow , but harkens back to my years growing up in Napoli , Italy where things are not rushed and when you sit down for dinner the table is yours all night .","The service is a bit slow , but harkens back to my years growing up in Napoli , Italy where things are not rushed and when you sit down for dinner the table is yours all night .",service,-1,negative
"The service is a bit slow , but harkens back to my years growing up in Napoli , Italy where things are not rushed and when you sit down for $T$ the table is yours all night .","The service is a bit slow , but harkens back to my years growing up in Napoli , Italy where things are not rushed and when you sit down for dinner the table is yours all night .",dinner,0,neutral
"The service is a bit slow , but harkens back to my years growing up in Napoli , Italy where things are not rushed and when you sit down for dinner the $T$ is yours all night .","The service is a bit slow , but harkens back to my years growing up in Napoli , Italy where things are not rushed and when you sit down for dinner the table is yours all night .",table,1,positive
But that was n't the $T$ : a tiramisu that resembled nothing I have ever had .,But that was n't the icing on the cake : a tiramisu that resembled nothing I have ever had .,icing on the cake,-1,negative
But that was n't the icing on the cake : a $T$ that resembled nothing I have ever had .,But that was n't the icing on the cake : a tiramisu that resembled nothing I have ever had .,tiramisu,-1,negative
Great $T$ and the prices are very reasonable .,Great food and the prices are very reasonable .,food,1,positive
Great food and the $T$ are very reasonable .,Great food and the prices are very reasonable .,prices,1,positive
"A cool $T$ with great food , and tons of excellent beer .","A cool bar with great food , and tons of excellent beer .",bar,1,positive
"A cool bar with great $T$ , and tons of excellent beer .","A cool bar with great food , and tons of excellent beer .",food,1,positive
"A cool bar with great food , and tons of excellent $T$ .","A cool bar with great food , and tons of excellent beer .",beer,1,positive
"Be sure to try the seasonal , and always delicious , $T$ .","Be sure to try the seasonal , and always delicious , specials .",specials,1,positive
The $T$ is authentic and relaxing and we have always received attentive and prompt service .,The ambience is authentic and relaxing and we have always received attentive and prompt service .,ambience,1,positive
The ambience is authentic and relaxing and we have always received attentive and prompt $T$ .,The ambience is authentic and relaxing and we have always received attentive and prompt service .,service,1,positive
"Fresh , authentic , $T$ in substantial portions .","Fresh , authentic , french cuisine in substantial portions .",french cuisine,1,positive
"Fresh , authentic , french cuisine in substantial $T$ .","Fresh , authentic , french cuisine in substantial portions .",portions,1,positive
"$T$ got screwed up , she acted put upon .","Drinks got screwed up , she acted put upon .",Drinks,-1,negative
The one $T$ -LRB- Abby 's treasure -RRB- was actually quite a surprise - it was delicious and had wintermelon covering an assortment of fresh mushrooms and vegetables .,The one vegetarian entree -LRB- Abby 's treasure -RRB- was actually quite a surprise - it was delicious and had wintermelon covering an assortment of fresh mushrooms and vegetables .,vegetarian entree,1,positive
The one vegetarian entree -LRB- $T$ -RRB- was actually quite a surprise - it was delicious and had wintermelon covering an assortment of fresh mushrooms and vegetables .,The one vegetarian entree -LRB- Abby's treasure -RRB- was actually quite a surprise - it was delicious and had wintermelon covering an assortment of fresh mushrooms and vegetables .,Abby's treasure,1,positive
The one vegetarian entree -LRB- Abby 's treasure -RRB- was actually quite a surprise - it was delicious and had $T$ covering an assortment of fresh mushrooms and vegetables .,The one vegetarian entree -LRB- Abby 's treasure -RRB- was actually quite a surprise - it was delicious and had wintermelon covering an assortment of fresh mushrooms and vegetables .,wintermelon,1,positive
The one vegetarian entree -LRB- Abby 's treasure -RRB- was actually quite a surprise - it was delicious and had wintermelon covering an $T$ .,The one vegetarian entree -LRB- Abby 's treasure -RRB- was actually quite a surprise - it was delicious and had wintermelon covering an assortment of fresh mushrooms and vegetables .,assortment of fresh mushrooms and vegetables,1,positive
"At 5 $T$ for $ 1 , you just can not go wrong .","At 5 dumplings for $ 1 , you just can not go wrong .",dumplings,1,positive
But the $T$ is way to expensive .,But the pizza is way to expensive .,pizza,-1,negative
"And the $T$ is also young , energeic and hot !!!!","And the staff is also young , energeic and hot !!!!",staff,1,positive
"Even better , they know how to cook French classics like $T$ and Onglet without burning it to death or overcooking it .","Even better , they know how to cook French classics like Steak au Poivre and Onglet without burning it to death or overcooking it .",Steak au Poivre,1,positive
"Even better , they know how to cook French classics like Steak au Poivre and $T$ without burning it to death or overcooking it .","Even better , they know how to cook French classics like Steak au Poivre and Onglet without burning it to death or overcooking it .",Onglet,1,positive
"Service was decent , but not as smooth as I would expect from a place with these $T$ and reputation .","Service was decent , but not as smooth as I would expect from a place with these prices and reputation .",prices,-1,negative
"Service was decent , but not as smooth as I would expect from a place with these prices and $T$ .","Service was decent , but not as smooth as I would expect from a place with these prices and reputation .",reputation,1,positive
We had a wonderful $T$ at Naples 45 a month ago on a visit to NYC .,We had a wonderful meal at Naples 45 a month ago on a visit to NYC .,meal,1,positive
Good $T$ .,Good drink .,drink,1,positive
"Great $T$ -LRB- spinach and corn dumplings and massamman curry -RRB- , very friendly and no nonsense service and a clean and funky bathroom .","Great food -LRB- spinach and corn dumplings and massamman curry -RRB- , very friendly and no nonsense service and a clean and funky bathroom .",food,1,positive
"Great food -LRB- $T$ and massamman curry -RRB- , very friendly and no nonsense service and a clean and funky bathroom .","Great food -LRB- spinach and corn dumplings and massamman curry -RRB- , very friendly and no nonsense service and a clean and funky bathroom .",spinach and corn dumplings,1,positive
"Great food -LRB- spinach and corn dumplings and massamman curry -RRB- , very friendly and no nonsense $T$ and a clean and funky bathroom .","Great food -LRB- spinach and corn dumplings and massamman curry -RRB- , very friendly and no nonsense service and a clean and funky bathroom .",service,1,positive
"Great food -LRB- spinach and corn dumplings and massamman curry -RRB- , very friendly and no nonsense service and a clean and funky $T$ .","Great food -LRB- spinach and corn dumplings and massamman curry -RRB- , very friendly and no nonsense service and a clean and funky bathroom .",bathroom,1,positive
"Great food -LRB- spinach and corn dumplings and $T$ -RRB- , very friendly and no nonsense service and a clean and funky bathroom .","Great food -LRB- spinach and corn dumplings and massamman curry -RRB- , very friendly and no nonsense service and a clean and funky bathroom .",massamman curry,1,positive
We had a girls ' night $T$ here for restaurant week .,We had a girls ' night dinner here for restaurant week .,dinner,0,neutral
"However , I was there for a work dinner not long ago when my colleague from London noticed a very large waterbug on the $T$ .","However , I was there for a work dinner not long ago when my colleague from London noticed a very large waterbug on the ceiling .",ceiling,-1,negative
"However , I was there for a work $T$ not long ago when my colleague from London noticed a very large waterbug on the ceiling .","However , I was there for a work dinner not long ago when my colleague from London noticed a very large waterbug on the ceiling .",dinner,0,neutral
My $T$ was really bland and oily .,My chow fun and chow see was really bland and oily .,chow fun and chow see,-1,negative
"Even though I made the reservation at 3pm for the same night through Dinnerbroker , we were seated at a $T$ with one of the best view !","Even though I made the reservation at 3pm for the same night through Dinnerbroker , we were seated at a table with one of the best view !",table,1,positive
"Even though I made the $T$ at 3pm for the same night through Dinnerbroker , we were seated at a table with one of the best view !","Even though I made the reservation at 3pm for the same night through Dinnerbroker , we were seated at a table with one of the best view !",reservation,1,positive
"Even though I made the reservation at 3pm for the same night through Dinnerbroker , we were $T$ at a table with one of the best view !","Even though I made the reservation at 3pm for the same night through Dinnerbroker , we were seated at a table with one of the best view !",seated,1,positive
"we did notice however , that some tables had what looked like $T$ instead of naan .","we did notice however , that some tables had what looked like pita instead of naan .",pita,-1,negative
"we did notice however , that some tables had what looked like pita instead of $T$ .","we did notice however , that some tables had what looked like pita instead of naan .",naan,-1,negative
"I did n't take a look at the rest $T$ , but the oysters were fantastic .","I did n't take a look at the rest menu , but the oysters were fantastic .",menu,0,neutral
"I did n't take a look at the rest menu , but the $T$ were fantastic .","I did n't take a look at the rest menu , but the oysters were fantastic .",oysters,1,positive
The $T$ at home afterwards was better . !!,The grilled cheese at home afterwards was better . !!,grilled cheese,1,positive
"Great $T$ , great food .","Great service , great food .",service,1,positive
"Great service , great $T$ .","Great service , great food .",food,1,positive
"sometimes i get bad $T$ and bad service , sometimes i get good good and bad service .","sometimes i get bad food and bad service , sometimes i get good good and bad service .",food,-1,negative
"sometimes i get bad food and bad $T$ , sometimes i get good good and bad service .","sometimes i get bad food and bad service , sometimes i get good good and bad service .",service,-1,negative
"sometimes i get bad food and bad service , sometimes i get good good and bad $T$ .","sometimes i get bad food and bad service , sometimes i get good good and bad service .",service,-1,negative
"sometimes i get bad food and bad service , sometimes i get good $T$ and bad service .","sometimes i get bad food and bad service , sometimes i get good good and bad service .",good,1,positive
When we were finally seated our $T$ came by twice-1 for our order and 2-for our check .,When we were finally seated our waitress came by twice-1 for our order and 2-for our check .,waitress,-1,negative
When we were finally seated our waitress came by twice-1 for our order and 2-for our $T$ .,When we were finally seated our waitress came by twice-1 for our order and 2-for our check .,check,0,neutral
In summer-eat outside on a $T$ -LRB- another great feature of Suan -RRB- !!!,In summer-eat outside on a terrace -LRB- another great feature of Suan -RRB- !!!,terrace,1,positive
"It 's the perfect restaurant for NY life style , it got cool $T$ , awsome drinks and food and lot 's of good looking people eating and hanging at the pink bar ...","It 's the perfect restaurant for NY life style , it got cool design , awsome drinks and food and lot 's of good looking people eating and hanging at the pink bar ...",design,1,positive
"It 's the perfect restaurant for NY life style , it got cool design , awsome $T$ and food and lot 's of good looking people eating and hanging at the pink bar ...","It 's the perfect restaurant for NY life style , it got cool design , awsome drinks and food and lot 's of good looking people eating and hanging at the pink bar ...",drinks,1,positive
"It 's the perfect restaurant for NY life style , it got cool design , awsome drinks and $T$ and lot 's of good looking people eating and hanging at the pink bar ...","It 's the perfect restaurant for NY life style , it got cool design , awsome drinks and food and lot 's of good looking people eating and hanging at the pink bar ...",food,1,positive
"It 's the perfect restaurant for NY life style , it got cool design , awsome drinks and food and lot 's of good looking people eating and hanging at the pink $T$ ...","It 's the perfect restaurant for NY life style , it got cool design , awsome drinks and food and lot 's of good looking people eating and hanging at the pink bar ...",bar,0,neutral
We did have to wait at the $T$ for approx .,We did have to wait at the bar for approx .,bar,0,neutral
"If you love $T$ , you would love this place !","If you love seafood , you would love this place !",seafood,1,positive
"If you love seafood , you would love this $T$ !","If you love seafood , you would love this place !",place,1,positive
"Good , fast $T$ .","Good , fast service .",service,1,positive
They charge different $T$ all the time .,They charge different prices all the time .,prices,-1,negative
"I was in love with Pongsri on 48th , but compared to Suan it is slow in $T$ and overpriced .","I was in love with Pongsri on 48th , but compared to Suan it is slow in service and overpriced .",service,-1,negative
"My friends and I experienced amazing $T$ and a delicious , new summer menu at Artisanal last night .","My friends and I experienced amazing cheese and a delicious , new summer menu at Artisanal last night .",cheese,1,positive
"My friends and I experienced amazing cheese and a delicious , new summer $T$ at Artisanal last night .","My friends and I experienced amazing cheese and a delicious , new summer menu at Artisanal last night .",menu,1,positive
"It 's charmingly small and that leads to an $T$ that is extremely cozy and romantic , even .","It 's charmingly small and that leads to an atmoshere that is extremely cozy and romantic , even .",atmoshere,1,positive
It is obvious that no one in the restaurant has any idea about or experience with $T$ e.,It is obvious that no one in the restaurant has any idea about or experience with Japanese cuisin e.,Japanese cuisin,-1,negative
"In terms of the $T$ itself -- nothing special , we limited ourselves to several appetizers .","In terms of the food itself -- nothing special , we limited ourselves to several appetizers .",food,0,neutral
"In terms of the food itself -- nothing special , we limited ourselves to several $T$ .","In terms of the food itself -- nothing special , we limited ourselves to several appetizers .",appetizers,0,neutral
Love the $T$ on Fri and Sat .,Love the Jazz bands on Fri and Sat .,Jazz bands,1,positive
"To begin , we were told there was a 30 minute wait and started to leave , when the $T$ offered to call us on our cell phone when the table was ready .","To begin , we were told there was a 30 minute wait and started to leave , when the hostess offered to call us on our cell phone when the table was ready .",hostess,1,positive
"To begin , we were told there was a 30 minute $T$ and started to leave , when the hostess offered to call us on our cell phone when the table was ready .","To begin , we were told there was a 30 minute wait and started to leave , when the hostess offered to call us on our cell phone when the table was ready .",wait,-1,negative
"To begin , we were told there was a 30 minute wait and started to leave , when the hostess offered to call us on our cell phone when the $T$ was ready .","To begin , we were told there was a 30 minute wait and started to leave , when the hostess offered to call us on our cell phone when the table was ready .",table,1,positive
The $T$ give you some sample slices of your order while you wait -LRB- shortly I might add -RRB- .,The servers give you some sample slices of your order while you wait -LRB- shortly I might add -RRB- .,servers,1,positive
The $T$ was ok .,The service was ok .,service,0,neutral
"When asked about how a certain $T$ was prepared in comparison to a similar at other thai restaurants , he replied this is not Mcdonald 's , every place makes things differently While it is understandable that every place is indeed different , there was not a need to be uncourteous to customers and downright rude .","When asked about how a certain dish was prepared in comparison to a similar at other thai restaurants , he replied this is not Mcdonald 's , every place makes things differently While it is understandable that every place is indeed different , there was not a need to be uncourteous to customers and downright rude .",dish,0,neutral
"Do n't expect to sit down inside though , there are only a few $T$ and they are always full .","Do n't expect to sit down inside though , there are only a few tables and they are always full .",tables,-1,negative
"The $T$ is accomodating , the ambiance is exciting and yet relaxed , and the food is out of this world !","The staff is accomodating , the ambiance is exciting and yet relaxed , and the food is out of this world !",staff,1,positive
"The staff is accomodating , the $T$ is exciting and yet relaxed , and the food is out of this world !","The staff is accomodating , the ambiance is exciting and yet relaxed , and the food is out of this world !",ambiance,1,positive
"The staff is accomodating , the ambiance is exciting and yet relaxed , and the $T$ is out of this world !","The staff is accomodating , the ambiance is exciting and yet relaxed , and the food is out of this world !",food,1,positive
"The $T$ was delicious -LRB- I had a halibut special , my husband had steak -RRB- , and the service was top-notch .","The food was delicious -LRB- I had a halibut special , my husband had steak -RRB- , and the service was top-notch .",food,1,positive
"The food was delicious -LRB- I had a $T$ , my husband had steak -RRB- , and the service was top-notch .","The food was delicious -LRB- I had a halibut special , my husband had steak -RRB- , and the service was top-notch .",halibut special,1,positive
"The food was delicious -LRB- I had a halibut special , my husband had $T$ -RRB- , and the service was top-notch .","The food was delicious -LRB- I had a halibut special , my husband had steak -RRB- , and the service was top-notch .",steak,1,positive
"The food was delicious -LRB- I had a halibut special , my husband had steak -RRB- , and the $T$ was top-notch .","The food was delicious -LRB- I had a halibut special , my husband had steak -RRB- , and the service was top-notch .",service,1,positive
The $T$ claimed that he could not compensate us for anything on the bill which just shows the lack of sophistication from the entire group .,The manager claimed that he could not compensate us for anything on the bill which just shows the lack of sophistication from the entire group .,manager,-1,negative
The manager claimed that he could not compensate us for anything on the $T$ which just shows the lack of sophistication from the entire group .,The manager claimed that he could not compensate us for anything on the bill which just shows the lack of sophistication from the entire group .,bill,0,neutral
it 's the only place you can get yummy authentic $T$ .,it 's the only place you can get yummy authentic japanese comfort food .,japanese comfort food,1,positive
We took advanatage of the $T$ on saturday so it was well worth it .,We took advanatage of the half price sushi deal on saturday so it was well worth it .,half price sushi deal,1,positive
we came here on a crowded saturday night and were seated right away despite being 15 minutes late for our $T$ .,we came here on a crowded saturday night and were seated right away despite being 15 minutes late for our reservation .,reservation,0,neutral
we came here on a crowded saturday night and were $T$ right away despite being 15 minutes late for our reservation .,we came here on a crowded saturday night and were seated right away despite being 15 minutes late for our reservation .,seated,1,positive
We were fast to order the $T$ since we were very hungry .,We were fast to order the appetizer platter since we were very hungry .,appetizer platter,0,neutral
"The $T$ are attentive , and have smiles on their faces .","The staff are attentive , and have smiles on their faces .",staff,1,positive
"No $T$ , no attitudes , plenty of comfort companionship , a great place to relax in an always busy Midtown .","No dress codes , no attitudes , plenty of comfort companionship , a great place to relax in an always busy Midtown .",dress codes,1,positive
"No dress codes , no $T$ , plenty of comfort companionship , a great place to relax in an always busy Midtown .","No dress codes , no attitudes , plenty of comfort companionship , a great place to relax in an always busy Midtown .",attitudes,1,positive
"No dress codes , no attitudes , plenty of comfort companionship , a great $T$ to relax in an always busy Midtown .","No dress codes , no attitudes , plenty of comfort companionship , a great place to relax in an always busy Midtown .",place,1,positive
"Largest and freshest $T$ , and delicious !","Largest and freshest pieces of sushi , and delicious !",pieces of sushi,1,positive
Even the $T$ is delicious here -LRB- a rarity in New York pizza restaurants -RRB- .,Even the pasta is delicious here -LRB- a rarity in New York pizza restaurants -RRB- .,pasta,1,positive
"but when we looked at the $T$ , there were n't a lot of choices , most of them were dumplings in the appetizer section .","but when we looked at the menu , there were n't a lot of choices , most of them were dumplings in the appetizer section .",menu,-1,negative
"but when we looked at the menu , there were n't a lot of choices , most of them were $T$ in the appetizer section .","but when we looked at the menu , there were n't a lot of choices , most of them were dumplings in the appetizer section .",dumplings,0,neutral
"but when we looked at the menu , there were n't a lot of choices , most of them were dumplings in the $T$ section .","but when we looked at the menu , there were n't a lot of choices , most of them were dumplings in the appetizer section .",appetizer,-1,negative
After my 3rd time the $T$ remembered me and treated me like an usual customer .,After my 3rd time the manager remembered me and treated me like an usual customer .,manager,1,positive
now if they could only get a $T$ .,now if they could only get a toaster .,toaster,-1,negative
"When he 's not making authentic $T$ in the open brick oven or lightly frying zucchini blossoms , he 's visiting the regulars -LRB- a growing legion -RRB- and checking on newcomers .","When he 's not making authentic Neapolitan pizza in the open brick oven or lightly frying zucchini blossoms , he 's visiting the regulars -LRB- a growing legion -RRB- and checking on newcomers .",Neapolitan pizza,1,positive
"When he 's not making authentic Neapolitan pizza in the open brick oven or lightly frying $T$ , he 's visiting the regulars -LRB- a growing legion -RRB- and checking on newcomers .","When he 's not making authentic Neapolitan pizza in the open brick oven or lightly frying zucchini blossoms , he 's visiting the regulars -LRB- a growing legion -RRB- and checking on newcomers .",zucchini blossoms,1,positive
$T$ is blantently unappreciative of your business but its the best pie on the UWS !,Wait staff is blantently unappreciative of your business but its the best pie on the UWS !,Wait staff,-1,negative
Wait staff is blantently unappreciative of your business but its the best $T$ on the UWS !,Wait staff is blantently unappreciative of your business but its the best pie on the UWS !,pie,1,positive
"The $T$ taste fresher , the crust is thinner and crispier , the slice is less oily , and it 's never burnt like it occasionally is at Joe 's .","The ingredients taste fresher , the crust is thinner and crispier , the slice is less oily , and it 's never burnt like it occasionally is at Joe 's .",ingredients,1,positive
"The ingredients taste fresher , the $T$ is thinner and crispier , the slice is less oily , and it 's never burnt like it occasionally is at Joe 's .","The ingredients taste fresher , the crust is thinner and crispier , the slice is less oily , and it 's never burnt like it occasionally is at Joe 's .",crust,1,positive
"The ingredients taste fresher , the crust is thinner and crispier , the $T$ is less oily , and it 's never burnt like it occasionally is at Joe 's .","The ingredients taste fresher , the crust is thinner and crispier , the slice is less oily , and it 's never burnt like it occasionally is at Joe 's .",slice,1,positive
$T$ is so very fresh .,Fish is so very fresh .,Fish,1,positive
The $T$ were CHEAP compared to the quality of service and food .,The prices were CHEAP compared to the quality of service and food .,prices,1,positive
The prices were CHEAP compared to the quality of $T$ and food .,The prices were CHEAP compared to the quality of service and food .,service,1,positive
The prices were CHEAP compared to the quality of service and $T$ .,The prices were CHEAP compared to the quality of service and food .,food,1,positive
"Top spot in town for $T$ , better than places that cost a lot more .","Top spot in town for Vietnamese classics , better than places that cost a lot more .",Vietnamese classics,1,positive
less $T$ for me !,less wait time for me !,wait time,1,positive
"The $T$ is really blah , and not at all hip or happening .","The decor is really blah , and not at all hip or happening .",decor,-1,negative
"Having discovered Ping 's on the internet , we entered with qualms but were instantly put to ease by the $T$ that greet you as u walk in .","Having discovered Ping 's on the internet , we entered with qualms but were instantly put to ease by the fish tanks that greet you as u walk in .",fish tanks,1,positive
It appears to be the $T$ 's first venture and it shows .,It appears to be the owner 's first venture and it shows .,owner,-1,negative
"I come from a family of pizzeria owners , and I 'm almost ashamed to say that the $T$ in Fornino 's blows my families receipies away .","I come from a family of pizzeria owners , and I 'm almost ashamed to say that the pizza in Fornino 's blows my families receipies away .",pizza,1,positive
We ordered some $T$ and noodle soup dishes from the Thai section of the menu but nothing we got was Thai .,We ordered some beef and noodle soup dishes from the Thai section of the menu but nothing we got was Thai .,beef,-1,negative
We ordered some beef and $T$ from the Thai section of the menu but nothing we got was Thai .,We ordered some beef and noodle soup dishes from the Thai section of the menu but nothing we got was Thai .,noodle soup dishes,-1,negative
We ordered some beef and noodle soup dishes from the Thai section of the $T$ but nothing we got was Thai .,We ordered some beef and noodle soup dishes from the Thai section of the menu but nothing we got was Thai .,menu,-1,negative
They have a huge selection of different $T$ and all of their salads are great .,They have a huge selection of different cream cheeses and all of their salads are great .,cream cheeses,1,positive
They have a huge selection of different cream cheeses and all of their $T$ are great .,They have a huge selection of different cream cheeses and all of their salads are great .,salads,1,positive
The $T$ is good and the spaghetti with Scallops and Shrimp is great .,The lobster sandwich is good and the spaghetti with Scallops and Shrimp is great .,lobster sandwich,1,positive
The lobster sandwich is good and the $T$ is great .,The lobster sandwich is good and the spaghetti with Scallops and Shrimp is great .,spaghetti with Scallops and Shrimp,1,positive
The $T$ was authentic .,The food was authentic .,food,1,positive
The $T$ is delectable while the prices are quite easy on the wallet .,The dim sum is delectable while the prices are quite easy on the wallet .,dim sum,1,positive
The dim sum is delectable while the $T$ are quite easy on the wallet .,The dim sum is delectable while the prices are quite easy on the wallet .,prices,1,positive
"I only tried a simple dish of $T$ , but it actually faired better than most NYC Italian joints I 've tried similar dishes at .","I only tried a simple dish of spinach ravioli in a light oil and garlic sauce , but it actually faired better than most NYC Italian joints I 've tried similar dishes at .",spinach ravioli in a light oil and garlic sauce,1,positive
"I only tried a simple $T$ of spinach ravioli in a light oil and garlic sauce , but it actually faired better than most NYC Italian joints I 've tried similar dishes at .","I only tried a simple dish of spinach ravioli in a light oil and garlic sauce , but it actually faired better than most NYC Italian joints I 've tried similar dishes at .",dish,1,positive
"I only tried a simple dish of spinach ravioli in a light oil and garlic sauce , but it actually faired better than most NYC Italian joints I 've tried similar $T$ at .","I only tried a simple dish of spinach ravioli in a light oil and garlic sauce , but it actually faired better than most NYC Italian joints I 've tried similar dishes at .",dishes,0,neutral
The worst excuse for $T$ I 've ever encountered .,The worst excuse for Japanese food I 've ever encountered .,Japanese food,-1,negative
I ordered a $T$ and found that the chicken was extremely dry .,I ordered a Chicken Teriyaki dish and found that the chicken was extremely dry .,Chicken Teriyaki dish,-1,negative
I ordered a Chicken Teriyaki dish and found that the $T$ was extremely dry .,I ordered a Chicken Teriyaki dish and found that the chicken was extremely dry .,chicken,-1,negative
"We had $T$ at 9pm , but was not seated until 10:15 pm .","We had reservations at 9pm , but was not seated until 10:15 pm .",reservations,-1,negative
We had $T$ and it was amazing .,We had Pam's special fried fish and it was amazing .,Pam's special fried fish,1,positive
There is no excuse for such lousy $T$ !,There is no excuse for such lousy service !,service,-1,negative
My boyfriend had the $T$ it was good but I think the award should go to the Lobster Bisque .,My boyfriend had the New England Chowder it was good but I think the award should go to the Lobster Bisque .,New England Chowder,1,positive
My boyfriend had the New England Chowder it was good but I think the award should go to the $T$ .,My boyfriend had the New England Chowder it was good but I think the award should go to the Lobster Bisque .,Lobster Bisque,1,positive
"So , a little inconsistency there but either way , both $T$ were really good .","So , a little inconsistency there but either way , both pizzas were really good .",pizzas,1,positive
"Overall the restaurant is more expensive than our other $T$ favorites , but everything was delicious .","Overall the restaurant is more expensive than our other sushi favorites , but everything was delicious .",sushi,0,neutral
Not enough $T$ either .,Not enough wines by the glass either .,wines by the glass,-1,negative
I had the $T$ on my last visit and it was incredible .,I had the duck breast special on my last visit and it was incredible .,duck breast special,1,positive
I must say it 's a little pricey for the $T$ because it was not as spectacular as the view .,I must say it 's a little pricey for the food because it was not as spectacular as the view .,food,-1,negative
These innovators of $T$ do a great job of making dishes as interesting as possible while still being accessible .,These innovators of french indian fusion do a great job of making dishes as interesting as possible while still being accessible .,french indian fusion,1,positive
These innovators of french indian fusion do a great job of making $T$ as interesting as possible while still being accessible .,These innovators of french indian fusion do a great job of making dishes as interesting as possible while still being accessible .,dishes,1,positive
"Just do n't take the $T$ between the bar and the back half of the restaurant , i saw a woman get nudged 40times sitting there .","Just do n't take the seat between the bar and the back half of the restaurant , i saw a woman get nudged 40times sitting there .",seat,-1,negative
"Just do n't take the seat between the $T$ and the back half of the restaurant , i saw a woman get nudged 40times sitting there .","Just do n't take the seat between the bar and the back half of the restaurant , i saw a woman get nudged 40times sitting there .",bar,0,neutral
No gimmicks here -- the $T$ speaks for itself in its freshness and preparation .,No gimmicks here -- the food speaks for itself in its freshness and preparation .,food,1,positive
"We were worried we would have trouble getting in , but somehow managed to have a short $T$ .","We were worried we would have trouble getting in , but somehow managed to have a short wait .",wait,1,positive
My wife had the $T$ which are huge and loved it .,My wife had the fried shrimp which are huge and loved it .,fried shrimp,1,positive
One should not go to Lucky Strike for the $T$ .,One should not go to Lucky Strike for the food .,food,-1,negative
The $T$ is awful -- the last time I was there -LRB- and I do mean the last time -RRB- we were told that they needed our table so we would have to leave .,The service is awful -- the last time I was there -LRB- and I do mean the last time -RRB- we were told that they needed our table so we would have to leave .,service,-1,negative
The service is awful -- the last time I was there -LRB- and I do mean the last time -RRB- we were told that they needed our $T$ so we would have to leave .,The service is awful -- the last time I was there -LRB- and I do mean the last time -RRB- we were told that they needed our table so we would have to leave .,table,-1,negative
We could only get through an $T$ and cheese fondue .,We could only get through an appetizer and cheese fondue .,appetizer,0,neutral
We could only get through an appetizer and $T$ .,We could only get through an appetizer and cheese fondue .,cheese fondue,0,neutral
Both times we waited well over a half hour for a $T$ -LRB- even though we had reservations -RRB- .,Both times we waited well over a half hour for a table -LRB- even though we had reservations -RRB- .,table,-1,negative
Both times we waited well over a half hour for a table -LRB- even though we had $T$ -RRB- .,Both times we waited well over a half hour for a table -LRB- even though we had reservations -RRB- .,reservations,-1,negative
"night without a reservation , we had to wait at the bar for a little while , but the $T$ was so nice and made our wait a great experience .","night without a reservation , we had to wait at the bar for a little while , but the manager was so nice and made our wait a great experience .",manager,1,positive
"night without a $T$ , we had to wait at the bar for a little while , but the manager was so nice and made our wait a great experience .","night without a reservation , we had to wait at the bar for a little while , but the manager was so nice and made our wait a great experience .",reservation,0,neutral
"night without a reservation , we had to wait at the $T$ for a little while , but the manager was so nice and made our wait a great experience .","night without a reservation , we had to wait at the bar for a little while , but the manager was so nice and made our wait a great experience .",bar,0,neutral
"night without a reservation , we had to wait at the bar for a little while , but the manager was so nice and made our $T$ a great experience .","night without a reservation , we had to wait at the bar for a little while , but the manager was so nice and made our wait a great experience .",wait,1,positive
Try the $T$ !!!,Try the green curry !!!,green curry,1,positive
We had the $T$ as an appetizer and they were delicious and the sauce was wonderful .,We had the scallops as an appetizer and they were delicious and the sauce was wonderful .,scallops,1,positive
We had the scallops as an $T$ and they were delicious and the sauce was wonderful .,We had the scallops as an appetizer and they were delicious and the sauce was wonderful .,appetizer,1,positive
We had the scallops as an appetizer and they were delicious and the $T$ was wonderful .,We had the scallops as an appetizer and they were delicious and the sauce was wonderful .,sauce,1,positive
We were also seated promptly at the time of our reservation and the $T$ was very quick and professional .,We were also seated promptly at the time of our reservation and the service was very quick and professional .,service,1,positive
We were also seated promptly at the time of our $T$ and the service was very quick and professional .,We were also seated promptly at the time of our reservation and the service was very quick and professional .,reservation,1,positive
"You rarely have to wait for a $T$ and the currys -LRB- masaman , green , red -RRB- are full of flavor and come super spicy if you ask for it .","You rarely have to wait for a seat and the currys -LRB- masaman , green , red -RRB- are full of flavor and come super spicy if you ask for it .",seat,1,positive
You rarely have to wait for a seat and the $T$ are full of flavor and come super spicy if you ask for it .,"You rarely have to wait for a seat and the currys (masaman, green, red) are full of flavor and come super spicy if you ask for it .","currys (masaman, green, red)",1,positive
"You rarely have to wait for a seat and the currys -LRB- masaman , green , red -RRB- are full of $T$ and come super spicy if you ask for it .","You rarely have to wait for a seat and the currys -LRB- masaman , green , red -RRB- are full of flavor and come super spicy if you ask for it .",flavor,1,positive
The $T$ there are sastifying .,The food there are sastifying .,food,1,positive
I highly recommend visiting this restaurant and having $T$ and drinks !,I highly recommend visiting this restaurant and having dinner and drinks !,dinner,1,positive
I highly recommend visiting this restaurant and having dinner and $T$ !,I highly recommend visiting this restaurant and having dinner and drinks !,drinks,1,positive
The $T$ is very well stocked with interesting beers and well priced wines .,The bar is very well stocked with interesting beers and well priced wines .,bar,1,positive
The bar is very well stocked with interesting $T$ and well priced wines .,The bar is very well stocked with interesting beers and well priced wines .,beers,1,positive
The bar is very well stocked with interesting beers and well priced $T$ .,The bar is very well stocked with interesting beers and well priced wines .,wines,1,positive
The bar is very well stocked with interesting beers and well $T$ wines .,The bar is very well stocked with interesting beers and well priced wines .,priced,1,positive
"Last memorial day , I tried to make $T$ but was told they were closed that weekend -LRB- interesting , but ... -RRB- .","Last memorial day , I tried to make reservations but was told they were closed that weekend -LRB- interesting , but ... -RRB- .",reservations,-1,negative
The $T$ was good .,The food was good .,food,1,positive
"Great $T$ , Gigondas is worth the price , and the house champagne is a great value .","Great wine selection , Gigondas is worth the price , and the house champagne is a great value .",wine selection,1,positive
"Great wine selection , $T$ is worth the price , and the house champagne is a great value .","Great wine selection , Gigondas is worth the price , and the house champagne is a great value .",Gigondas,1,positive
"Great wine selection , Gigondas is worth the price , and the $T$ is a great value .","Great wine selection , Gigondas is worth the price , and the house champagne is a great value .",house champagne,1,positive
"Great wine selection , Gigondas is worth the $T$ , and the house champagne is a great value .","Great wine selection , Gigondas is worth the price , and the house champagne is a great value .",price,0,neutral
"at night , but it 's hard to hear your own conversation with everyone else competing for that same luxury - the $T$ playing in the background is also voluminous .","at night , but it 's hard to hear your own conversation with everyone else competing for that same luxury - the music playing in the background is also voluminous .",music,-1,negative
I have enjoyed everything I have ever gotten and the $T$ is so fresh and always prepared in a great way .,I have enjoyed everything I have ever gotten and the fish is so fresh and always prepared in a great way .,fish,1,positive
I particularly love their $T$ and their mussel selection .,I particularly love their yellowfun tuna and their mussel selection .,yellowfun tuna,1,positive
I particularly love their yellowfun tuna and their $T$ .,I particularly love their yellowfun tuna and their mussel selection .,mussel selection,1,positive
I love to visit Murrays for my $T$ fix .,I love to visit Murrays for my bagel fix .,bagel,1,positive
"We made early dinner reservations and were thoroughly impressed , reminds me of my grandfather , its old school Italian $T$ with lots of fun stuff to admire .","We made early dinner reservations and were thoroughly impressed , reminds me of my grandfather , its old school Italian scenery with lots of fun stuff to admire .",scenery,1,positive
"We made early $T$ and were thoroughly impressed , reminds me of my grandfather , its old school Italian scenery with lots of fun stuff to admire .","We made early dinner reservations and were thoroughly impressed , reminds me of my grandfather , its old school Italian scenery with lots of fun stuff to admire .",dinner reservations,1,positive
The $T$ was nice and calm .,The place was nice and calm .,place,1,positive
$T$ is a varied delight and great bargain at $ 10 .,Cheese plate is a varied delight and great bargain at $ 10 .,Cheese plate,1,positive
I could have drank 4 $T$ and still been parched - so watch out .,I could have drank 4 glasses of water and still been parched - so watch out .,glasses of water,0,neutral
"When we sat , we got great and fast $T$ .","When we sat , we got great and fast service .",service,1,positive
"Most of the $T$ are very attentive , friendly and quite attractive .","Most of the servers are very attentive , friendly and quite attractive .",servers,1,positive
$T$ is average .,Service is average .,Service,0,neutral
But they 've done a really nice job of offering all the typical pizzeria faves plus some terrific specials like the $T$ .,But they 've done a really nice job of offering all the typical pizzeria faves plus some terrific specials like the Godmother pizza (a sort of traditional flat pizza with an olive oil-brushed crust and less tomato sauce than usual) .,Godmother pizza (a sort of traditional flat pizza with an olive oil-brushed crust and less tomato sauce than usual),1,positive
But they 've done a really nice job of offering all the typical pizzeria faves plus some terrific $T$ like the Godmother pizza -LRB- a sort of traditional flat pizza with an olive oil-brushed crust and less tomato sauce than usual -RRB- .,But they 've done a really nice job of offering all the typical pizzeria faves plus some terrific specials like the Godmother pizza -LRB- a sort of traditional flat pizza with an olive oil-brushed crust and less tomato sauce than usual -RRB- .,specials,1,positive
"They forgot a $T$ , did n't include plastic forks , and did n't include pita with the hummus platter .","They forgot a sandwich , did n't include plastic forks , and did n't include pita with the hummus platter .",sandwich,0,neutral
"They forgot a sandwich , did n't include $T$ , and did n't include pita with the hummus platter .","They forgot a sandwich , did n't include plastic forks , and did n't include pita with the hummus platter .",plastic forks,0,neutral
"They forgot a sandwich , did n't include plastic forks , and did n't include $T$ with the hummus platter .","They forgot a sandwich , did n't include plastic forks , and did n't include pita with the hummus platter .",pita,0,neutral
"They forgot a sandwich , did n't include plastic forks , and did n't include pita with the $T$ .","They forgot a sandwich , did n't include plastic forks , and did n't include pita with the hummus platter .",hummus platter,0,neutral
"The $T$ is good , the fish is good and the sushi was surprisingly great .","The steak is good , the fish is good and the sushi was surprisingly great .",steak,1,positive
"The steak is good , the $T$ is good and the sushi was surprisingly great .","The steak is good , the fish is good and the sushi was surprisingly great .",fish,1,positive
"The steak is good , the fish is good and the $T$ was surprisingly great .","The steak is good , the fish is good and the sushi was surprisingly great .",sushi,1,positive
I am reluctant to write because I would not want my jem of a $T$ place to become overcrowded .,I am reluctant to write because I would not want my jem of a pizza place to become overcrowded .,pizza,1,positive
"The $T$ was poor , restaurant poorly lit , staff not very attentive and I would have rather eaten at a Mcdonald 's than this joint .","The service was poor , restaurant poorly lit , staff not very attentive and I would have rather eaten at a Mcdonald 's than this joint .",service,-1,negative
"The service was poor , restaurant poorly lit , $T$ not very attentive and I would have rather eaten at a Mcdonald 's than this joint .","The service was poor , restaurant poorly lit , staff not very attentive and I would have rather eaten at a Mcdonald 's than this joint .",staff,-1,negative
"My GF and I still choose to eat there a lot because of diverse $T$ , the chill decor , and the decent sushi .","My GF and I still choose to eat there a lot because of diverse cocktails , the chill decor , and the decent sushi .",cocktails,1,positive
"My GF and I still choose to eat there a lot because of diverse cocktails , the chill $T$ , and the decent sushi .","My GF and I still choose to eat there a lot because of diverse cocktails , the chill decor , and the decent sushi .",decor,1,positive
"My GF and I still choose to eat there a lot because of diverse cocktails , the chill decor , and the decent $T$ .","My GF and I still choose to eat there a lot because of diverse cocktails , the chill decor , and the decent sushi .",sushi,1,positive
We ended the dinner with a surprisingly light and flaky $T$ .,We ended the dinner with a surprisingly light and flaky apple tarte tatin .,apple tarte tatin,1,positive
We ended the $T$ with a surprisingly light and flaky apple tarte tatin .,We ended the dinner with a surprisingly light and flaky apple tarte tatin .,dinner,0,neutral
The $T$ had a nice selection .,The buffet had a nice selection .,buffet,1,positive
The buffet had a nice $T$ .,The buffet had a nice selection .,selection,1,positive
$T$ are very friendly .,Waitstaff are very friendly .,Waitstaff,1,positive
$T$ was slow had to wait to order and get food although not crowded .,Service was slow had to wait to order and get food although not crowded .,Service,-1,negative
Service was slow had to wait to order and get $T$ although not crowded .,Service was slow had to wait to order and get food although not crowded .,food,0,neutral
Will have to return to try the $T$ !,Will have to return to try the chocolate !,chocolate,1,positive
"The $T$ was below average , the service was pathetic , there was no ambience at all .","The food was below average , the service was pathetic , there was no ambience at all .",food,-1,negative
"The food was below average , the $T$ was pathetic , there was no ambience at all .","The food was below average , the service was pathetic , there was no ambience at all .",service,-1,negative
"The food was below average , the service was pathetic , there was no $T$ at all .","The food was below average , the service was pathetic , there was no ambience at all .",ambience,-1,negative
I REALLY ENJOYED THE $T$ PUT ON BY THE ACTORS .,I REALLY ENJOYED THE SHOWS PUT ON BY THE ACTORS .,SHOWS,1,positive
I REALLY ENJOYED THE SHOWS PUT ON BY THE $T$ .,I REALLY ENJOYED THE SHOWS PUT ON BY THE ACTORS .,ACTORS,1,positive
Our first time in New York and we had to try a $T$ .,Our first time in New York and we had to try a New York Bagel .,New York Bagel,0,neutral
$T$ was efficient courteous .,service was efficient courteous .,service,1,positive
The $T$ lacked flavor and the fish was unfortunately not as well prepared as in the past .,The miso soup lacked flavor and the fish was unfortunately not as well prepared as in the past .,miso soup,-1,negative
The miso soup lacked flavor and the $T$ was unfortunately not as well prepared as in the past .,The miso soup lacked flavor and the fish was unfortunately not as well prepared as in the past .,fish,-1,negative
The miso soup lacked $T$ and the fish was unfortunately not as well prepared as in the past .,The miso soup lacked flavor and the fish was unfortunately not as well prepared as in the past .,flavor,-1,negative
They are the best $T$ I 've had .,They are the best bagels I 've had .,bagels,1,positive
I 've read some of the previews reviews - people are either not New Yorkers or have more appreciation for $T$ then food .,I 've read some of the previews reviews - people are either not New Yorkers or have more appreciation for ambience then food .,ambience,0,neutral
I 've read some of the previews reviews - people are either not New Yorkers or have more appreciation for ambience then $T$ .,I 've read some of the previews reviews - people are either not New Yorkers or have more appreciation for ambience then food .,food,0,neutral
"Toons has recently been redone , so it 's now a very attractive $T$ .","Toons has recently been redone , so it 's now a very attractive space .",space,1,positive
"$ 160 for 2 $T$ , 2 sides , an appetizer and drinks .","$ 160 for 2 filets , 2 sides , an appetizer and drinks .",filets,0,neutral
"$ 160 for 2 filets , 2 $T$ , an appetizer and drinks .","$ 160 for 2 filets , 2 sides , an appetizer and drinks .",sides,0,neutral
"$ 160 for 2 filets , 2 sides , an $T$ and drinks .","$ 160 for 2 filets , 2 sides , an appetizer and drinks .",appetizer,0,neutral
"$ 160 for 2 filets , 2 sides , an appetizer and $T$ .","$ 160 for 2 filets , 2 sides , an appetizer and drinks .",drinks,0,neutral
"While the $T$ are nothing special , the portions are huge .","While the prices are nothing special , the portions are huge .",prices,0,neutral
"While the prices are nothing special , the $T$ are huge .","While the prices are nothing special , the portions are huge .",portions,1,positive
"Its a nice quiet $T$ to go eat a good meal , relax , be able to talk and have a very good time .","Its a nice quiet location to go eat a good meal , relax , be able to talk and have a very good time .",location,1,positive
"Its a nice quiet location to go eat a good $T$ , relax , be able to talk and have a very good time .","Its a nice quiet location to go eat a good meal , relax , be able to talk and have a very good time .",meal,1,positive
"We arrived for $T$ expecting to be impressed by a place that has an impressive past - but , that 's just it -- the PAST !","We arrived for dinner expecting to be impressed by a place that has an impressive past - but , that 's just it -- the PAST !",dinner,0,neutral
"However , I think this place is a good hang out $T$ .","However , I think this place is a good hang out spot .",spot,1,positive
"The $T$ is Prix Fixe , so be prepared to spend at least $ 60 per person , but it is Well worth itsuperb food .","The menu is Prix Fixe , so be prepared to spend at least $ 60 per person , but it is Well worth itsuperb food .",menu,-1,negative
"The menu is Prix Fixe , so be prepared to spend at least $ 60 per person , but it is Well worth itsuperb $T$ .","The menu is Prix Fixe , so be prepared to spend at least $ 60 per person , but it is Well worth itsuperb food .",food,1,positive
"The menu is $T$ , so be prepared to spend at least $ 60 per person , but it is Well worth itsuperb food .","The menu is Prix Fixe , so be prepared to spend at least $ 60 per person , but it is Well worth itsuperb food .",Prix Fixe,0,neutral
The $T$ is extensive and impressive .,The wine list is extensive and impressive .,wine list,1,positive
We had the most wonderful $T$ .,We had the most wonderful waitress .,waitress,1,positive
"While the $T$ at this little bistro is very friendly , I have never experienced more incompetency .","While the staff at this little bistro is very friendly , I have never experienced more incompetency .",staff,1,positive
The $T$ was fantastic and unique and the pastas were full of flavor .,The quail was fantastic and unique and the pastas were full of flavor .,quail,1,positive
The quail was fantastic and unique and the $T$ were full of flavor .,The quail was fantastic and unique and the pastas were full of flavor .,pastas,1,positive
The quail was fantastic and unique and the pastas were full of $T$ .,The quail was fantastic and unique and the pastas were full of flavor .,flavor,1,positive
The $T$ and mashed potatoes are a blend of garlic and butter which simply melts in your mouth .,The zucchini and mashed potatoes are a blend of garlic and butter which simply melts in your mouth .,zucchini,1,positive
The zucchini and $T$ are a blend of garlic and butter which simply melts in your mouth .,The zucchini and mashed potatoes are a blend of garlic and butter which simply melts in your mouth .,mashed potatoes,1,positive
The zucchini and mashed potatoes are a blend of $T$ and butter which simply melts in your mouth .,The zucchini and mashed potatoes are a blend of garlic and butter which simply melts in your mouth .,garlic,1,positive
The zucchini and mashed potatoes are a blend of garlic and $T$ which simply melts in your mouth .,The zucchini and mashed potatoes are a blend of garlic and butter which simply melts in your mouth .,butter,1,positive
The $T$ is courteous and friendly .,The staff is courteous and friendly .,staff,1,positive
$T$ is nice though service can be spotty .,Decor is nice though service can be spotty .,Decor,1,positive
Decor is nice though $T$ can be spotty .,Decor is nice though service can be spotty .,service,-1,negative
"Aside from the rushed $T$ , we were very impressed with the food and the drinks .","Aside from the rushed service , we were very impressed with the food and the drinks .",service,-1,negative
"Aside from the rushed service , we were very impressed with the $T$ and the drinks .","Aside from the rushed service , we were very impressed with the food and the drinks .",food,1,positive
"Aside from the rushed service , we were very impressed with the food and the $T$ .","Aside from the rushed service , we were very impressed with the food and the drinks .",drinks,1,positive
Make sure you have the $T$ . . .,Make sure you have the Spicy Scallop roll . . .,Spicy Scallop roll,1,positive
I would highly recommend this place to anyone who is looking for a fine $T$ that is definitely a value for your dollar .,I would highly recommend this place to anyone who is looking for a fine Indian dining experience that is definitely a value for your dollar .,Indian dining experience,1,positive
This big draw is the all you can $T$ here for $ 19.95 !,This big draw is the all you can sushi here for $ 19.95 !,sushi,1,positive
"Some of the $T$ ignore me and talk to the female customers , other times , they 've skipped my order .","Some of the workers ignore me and talk to the female customers , other times , they 've skipped my order .",workers,-1,negative
"Some of the workers ignore me and talk to the female customers , other times , they 've skipped my $T$ .","Some of the workers ignore me and talk to the female customers , other times , they 've skipped my order .",order,-1,negative
The $T$ are usually quite good too .,The specials are usually quite good too .,specials,1,positive
They 've the best $T$ and mixed drinks as well as snack foods .,They 've the best desserts and mixed drinks as well as snack foods .,desserts,1,positive
They 've the best desserts and $T$ as well as snack foods .,They 've the best desserts and mixed drinks as well as snack foods .,mixed drinks,1,positive
They 've the best desserts and mixed drinks as well as $T$ .,They 've the best desserts and mixed drinks as well as snack foods .,snack foods,1,positive
Try the $T$ with 2 scoops of dulce de leche gelato .,Try the chocolate mud cake (warmed) with 2 scoops of dulce de leche gelato .,chocolate mud cake (warmed),1,positive
Try the chocolate mud cake -LRB- warmed -RRB- with 2 scoops of $T$ .,Try the chocolate mud cake -LRB- warmed -RRB- with 2 scoops of dulce de leche gelato .,dulce de leche gelato,1,positive
Really cool $T$ inside .,Really cool stauff inside .,stauff,1,positive
"While the new restaurant still features much of the same $T$ that made Tiffin so attractive , the menu has been overhauled .","While the new restaurant still features much of the same classical furniture that made Tiffin so attractive , the menu has been overhauled .",classical furniture,1,positive
"While the new restaurant still features much of the same classical furniture that made Tiffin so attractive , the $T$ has been overhauled .","While the new restaurant still features much of the same classical furniture that made Tiffin so attractive , the menu has been overhauled .",menu,-1,negative
The best $T$ I have had in the Village .,The best burger I have had in the Village .,burger,1,positive
We visited Orsay during NY Restaurant Week and tried their $ 35 $T$ .,We visited Orsay during NY Restaurant Week and tried their $ 35 menu .,menu,0,neutral
I would have gotten some $T$ and a knish if my stomach had more space .,I would have gotten some cole slaw and a knish if my stomach had more space .,cole slaw,0,neutral
I would have gotten some cole slaw and a $T$ if my stomach had more space .,I would have gotten some cole slaw and a knish if my stomach had more space .,knish,0,neutral
Three of us arrived for $T$ about 5:30 on a week night without reservations .,Three of us arrived for dinner about 5:30 on a week night without reservations .,dinner,0,neutral
Three of us arrived for dinner about 5:30 on a week night without $T$ .,Three of us arrived for dinner about 5:30 on a week night without reservations .,reservations,0,neutral
"The $T$ is very soothing , the premium sake is excellent and the service is great .","The blond wood decor is very soothing , the premium sake is excellent and the service is great .",blond wood decor,1,positive
"The blond wood decor is very soothing , the premium $T$ is excellent and the service is great .","The blond wood decor is very soothing , the premium sake is excellent and the service is great .",sake,1,positive
"The blond wood decor is very soothing , the premium sake is excellent and the $T$ is great .","The blond wood decor is very soothing , the premium sake is excellent and the service is great .",service,1,positive
Your $T$ could easily be better spent elsewhere -LRB- Anywhere -RRB- .,Your money could easily be better spent elsewhere -LRB- Anywhere -RRB- .,money,0,neutral
"Only drawback - they wo n't toast your $T$ , and they do n't make eggs for the bagel .","Only drawback - they wo n't toast your bagel , and they do n't make eggs for the bagel .",bagel,-1,negative
"Only drawback - they wo n't toast your bagel , and they do n't make $T$ for the bagel .","Only drawback - they wo n't toast your bagel , and they do n't make eggs for the bagel .",eggs,-1,negative
"Only drawback - they wo n't toast your bagel , and they do n't make eggs for the $T$ .","Only drawback - they wo n't toast your bagel , and they do n't make eggs for the bagel .",bagel,-1,negative
As always we had a great $T$ while we waited .,As always we had a great glass of wine while we waited .,glass of wine,1,positive
"The $T$ is pleasant , fun , and for the most part gorgeous -LRB- in the wonderful aesthetic beautification way , not in that she's-way-cuter-than-me-that-b@#$* way -RRB- .","The wait staff is pleasant , fun , and for the most part gorgeous -LRB- in the wonderful aesthetic beautification way , not in that she's-way-cuter-than-me-that-b@#$* way -RRB- .",wait staff,1,positive
"Of course this $T$ is lacking , but what do you expect from a 24 hour bagel place anyways ?","Of course this atmosphere is lacking , but what do you expect from a 24 hour bagel place anyways ?",atmosphere,-1,negative
"Of course this atmosphere is lacking , but what do you expect from a 24 hour $T$ place anyways ?","Of course this atmosphere is lacking , but what do you expect from a 24 hour bagel place anyways ?",bagel,0,neutral
$T$ was very good and warm .,Service was very good and warm .,Service,1,positive
For dinner I had the $T$ and some garlic naan .,For dinner I had the chicken tikka-masala and some garlic naan .,chicken tikka-masala,0,neutral
For dinner I had the chicken tikka-masala and some $T$ .,For dinner I had the chicken tikka-masala and some garlic naan .,garlic naan,0,neutral
For $T$ I had the chicken tikka-masala and some garlic naan .,For dinner I had the chicken tikka-masala and some garlic naan .,dinner,0,neutral
Cornelia Street looks like a Broadway set for West Side Story and the inside of Po is so cool quaint you really ca n't top the setting for a romantic $T$ in NYC .,Cornelia Street looks like a Broadway set for West Side Story and the inside of Po is so cool quaint you really ca n't top the setting for a romantic dinner in NYC .,dinner,1,positive
Cornelia Street looks like a Broadway set for West Side Story and the inside of Po is so cool quaint you really ca n't top the $T$ for a romantic dinner in NYC .,Cornelia Street looks like a Broadway set for West Side Story and the inside of Po is so cool quaint you really ca n't top the setting for a romantic dinner in NYC .,setting,1,positive
$T$ was good and the view of the new york city skiline was terrific even on a foggy rainy day like that of when I went .,Food was good and the view of the new york city skiline was terrific even on a foggy rainy day like that of when I went .,Food,1,positive
Food was good and the $T$ of the new york city skiline was terrific even on a foggy rainy day like that of when I went .,Food was good and the view of the new york city skiline was terrific even on a foggy rainy day like that of when I went .,view,1,positive
The $T$ is nothing like its menu description .,The food is nothing like its menu description .,food,-1,negative
The food is nothing like its $T$ .,The food is nothing like its menu description .,menu description,-1,negative
Try the $T$ or Chicken with Cashew Nuts for a memorable and repeatable experience .,Try the Pad Se-Ew or Chicken with Cashew Nuts for a memorable and repeatable experience .,Pad Se-Ew,1,positive
Try the Pad Se-Ew or $T$ for a memorable and repeatable experience .,Try the Pad Se-Ew or Chicken with Cashew Nuts for a memorable and repeatable experience .,Chicken with Cashew Nuts,1,positive
It 's just O.K. $T$ .,It 's just O.K. pizza .,pizza,0,neutral
"The $T$ is decent at best , and the ambience , well , it 's a matter of opinion , some may consider it to be a sweet thing , I thought it was just annoying .","The food is decent at best , and the ambience , well , it 's a matter of opinion , some may consider it to be a sweet thing , I thought it was just annoying .",food,0,neutral
"The $T$ was a bit slow , but they were very friendly .","The service was a bit slow , but they were very friendly .",service,-1,negative
"Leon is an East Village gem : casual but hip , with well prepared basic French bistro fare , good $T$ , a warm and lively atmosphere .","Leon is an East Village gem : casual but hip , with well prepared basic French bistro fare , good specials , a warm and lively atmosphere .",specials,1,positive
"Leon is an East Village gem : casual but hip , with well prepared basic French bistro fare , good specials , a warm and lively $T$ .","Leon is an East Village gem : casual but hip , with well prepared basic French bistro fare , good specials , a warm and lively atmosphere .",atmosphere,1,positive
"Leon is an East Village gem : casual but hip , with well prepared basic $T$ , good specials , a warm and lively atmosphere .","Leon is an East Village gem : casual but hip , with well prepared basic French bistro fare , good specials , a warm and lively atmosphere .",French bistro fare,1,positive
The $T$ is above average for midtown and sligtly better than some of the other Heartland Breweries in the city .,The food is above average for midtown and sligtly better than some of the other Heartland Breweries in the city .,food,1,positive
Thius is a must for anyone who loves $T$ .,Thius is a must for anyone who loves Shabu-Shabu .,Shabu-Shabu,1,positive
The $T$ was absolutely horrible !,The food was absolutely horrible !,food,-1,negative
"Similar to other Indian restaurants , they use the $T$ to attract customers at the door .","Similar to other Indian restaurants , they use the dinner special to attract customers at the door .",dinner special,0,neutral
"The people with carts of food do n't understand you because they do n't speak English , their job is to give you the delicious $T$ you point at .","The people with carts of food do n't understand you because they do n't speak English , their job is to give you the delicious food you point at .",food,1,positive
"The $T$ do n't understand you because they do n't speak English , their job is to give you the delicious food you point at .","The people with carts of food do n't understand you because they do n't speak English , their job is to give you the delicious food you point at .",people with carts of food,-1,negative
"The $T$ , which is usually a cheap disaster at many restaurants , is crispy and lightly dressed .","The crackling calamari salad , which is usually a cheap disaster at many restaurants , is crispy and lightly dressed .",crackling calamari salad,1,positive
"Not the greatest $T$ , but excellent for a $ 19.95 all you can eat .","Not the greatest sushi place , but excellent for a $ 19.95 all you can eat .",sushi place,-1,negative
"Shockingly easy to throw a $T$ here : simple contract , deposit only to hold the date the entire 2nd fl mezz for our grp of 20 .","Shockingly easy to throw a group dinner here : simple contract , deposit only to hold the date the entire 2nd fl mezz for our grp of 20 .",group dinner,0,neutral
The $T$ was amazingly smooth and yummy !,The Thai ice tea was amazingly smooth and yummy !,Thai ice tea,1,positive
We 've never had any problems with the $T$ but maybe we 've been lucky ?,We 've never had any problems with the staff but maybe we 've been lucky ?,staff,1,positive
$T$ way over priced .,Drinks way over priced .,Drinks,-1,negative
Drinks way over $T$ .,Drinks way over priced .,priced,-1,negative
The main downside to the place is the nazi-like guy running it who constantly complains about the $T$ .,The main downside to the place is the nazi-like guy running it who constantly complains about the noise level .,noise level,-1,negative
The main downside to the place is the nazi-like $T$ running it who constantly complains about the noise level .,The main downside to the place is the nazi-like guy running it who constantly complains about the noise level .,guy,-1,negative
What I did n't like was how the $T$ came right after it was ordered .,What I did n't like was how the food came right after it was ordered .,food,-1,negative
Moderate $T$ .,Moderate prices .,prices,0,neutral
I think I 've had some the best $T$ of my life at minnow .,I think I 've had some the best meals of my life at minnow .,meals,1,positive
"Most importantly , $T$ is excellent .","Most importantly , food is excellent .",food,1,positive
"Great $T$ , nice group of 30 somethings , but no music , kind of quiet .","Great roofdeck , nice group of 30 somethings , but no music , kind of quiet .",roofdeck,1,positive
"Great roofdeck , nice group of 30 somethings , but no $T$ , kind of quiet .","Great roofdeck , nice group of 30 somethings , but no music , kind of quiet .",music,-1,negative
"The best part of the experience was knowing that the $T$ -LRB- a bubbly , friendly young woman with a great smile -RRB- truly cared about how we were doing .","The best part of the experience was knowing that the manager -LRB- a bubbly , friendly young woman with a great smile -RRB- truly cared about how we were doing .",manager,1,positive
"However , $T$ was as plain as sesame crusted Salmon I had .","However , service was as plain as sesame crusted Salmon I had .",service,0,neutral
"However , service was as plain as $T$ I had .","However , service was as plain as sesame crusted Salmon I had .",sesame crusted Salmon,0,neutral
It 's great to go for a quick $T$ either alone or with a friend .,It 's great to go for a quick lunch either alone or with a friend .,lunch,1,positive
The $T$ was mediocre at best but it was the horrible service that made me vow never to go back .,The food was mediocre at best but it was the horrible service that made me vow never to go back .,food,0,neutral
The food was mediocre at best but it was the horrible $T$ that made me vow never to go back .,The food was mediocre at best but it was the horrible service that made me vow never to go back .,service,-1,negative
So some of the reviews here are accurate about the $T$ and noise .,So some of the reviews here are accurate about the crowd and noise .,crowd,-1,negative
So some of the reviews here are accurate about the crowd and $T$ .,So some of the reviews here are accurate about the crowd and noise .,noise,-1,negative
"You get what you pay for and with that logic in mind , Spice is a great place to grab some cheap $T$ and drinks in a beautiful setting .","You get what you pay for and with that logic in mind , Spice is a great place to grab some cheap eats and drinks in a beautiful setting .",eats,1,positive
"You get what you pay for and with that logic in mind , Spice is a great place to grab some cheap eats and $T$ in a beautiful setting .","You get what you pay for and with that logic in mind , Spice is a great place to grab some cheap eats and drinks in a beautiful setting .",drinks,1,positive
"You get what you pay for and with that logic in mind , Spice is a great place to grab some cheap eats and drinks in a beautiful $T$ .","You get what you pay for and with that logic in mind , Spice is a great place to grab some cheap eats and drinks in a beautiful setting .",setting,1,positive
"The $T$ was terrible , we had to wait for everything and ask several of different people for the same thing before we were allowed to be served .","The service was terrible , we had to wait for everything and ask several of different people for the same thing before we were allowed to be served .",service,-1,negative
"The service was terrible , we had to wait for everything and ask several of different people for the same thing before we were allowed to be $T$ .","The service was terrible , we had to wait for everything and ask several of different people for the same thing before we were allowed to be served .",served,-1,negative
"Other than being a little crowded and a bit overpriced , the $T$ is filled with energy -LRB- and the beautiful people of course -RRB- and the food was surprising good !","Other than being a little crowded and a bit overpriced , the atmosphere is filled with energy -LRB- and the beautiful people of course -RRB- and the food was surprising good !",atmosphere,1,positive
"Other than being a little crowded and a bit overpriced , the atmosphere is filled with energy -LRB- and the beautiful $T$ of course -RRB- and the food was surprising good !","Other than being a little crowded and a bit overpriced , the atmosphere is filled with energy -LRB- and the beautiful people of course -RRB- and the food was surprising good !",people,1,positive
"Other than being a little crowded and a bit overpriced , the atmosphere is filled with energy -LRB- and the beautiful people of course -RRB- and the $T$ was surprising good !","Other than being a little crowded and a bit overpriced , the atmosphere is filled with energy -LRB- and the beautiful people of course -RRB- and the food was surprising good !",food,1,positive
"We only ordered $T$ and drinks , but no refills were offered .","We only ordered desserts and drinks , but no refills were offered .",desserts,0,neutral
"We only ordered desserts and $T$ , but no refills were offered .","We only ordered desserts and drinks , but no refills were offered .",drinks,0,neutral
"I have been here a few times for $T$ , once for brunch and twice for lunch .","I have been here a few times for dinner , once for brunch and twice for lunch .",dinner,0,neutral
"I have been here a few times for dinner , once for $T$ and twice for lunch .","I have been here a few times for dinner , once for brunch and twice for lunch .",brunch,0,neutral
"I have been here a few times for dinner , once for brunch and twice for $T$ .","I have been here a few times for dinner , once for brunch and twice for lunch .",lunch,0,neutral
"the real kicker of the $T$ , however , is the beef cubes or the chicken with chili and lemon grass .","the real kicker of the menu , however , is the beef cubes or the chicken with chili and lemon grass .",menu,0,neutral
"the real kicker of the menu , however , is the $T$ or the chicken with chili and lemon grass .","the real kicker of the menu , however , is the beef cubes or the chicken with chili and lemon grass .",beef cubes,1,positive
"the real kicker of the menu , however , is the beef cubes or the $T$ .","the real kicker of the menu , however , is the beef cubes or the chicken with chili and lemon grass .",chicken with chili and lemon grass,1,positive
The $T$ is the best among all the Indian restaurants I have visited .,The music is the best among all the Indian restaurants I have visited .,music,1,positive
"The $T$ and lamb chops I had before the meal were quite good , however .","The bread and lamb chops I had before the meal were quite good , however .",bread,1,positive
"The bread and $T$ I had before the meal were quite good , however .","The bread and lamb chops I had before the meal were quite good , however .",lamb chops,1,positive
"The bread and lamb chops I had before the $T$ were quite good , however .","The bread and lamb chops I had before the meal were quite good , however .",meal,0,neutral
Rao 's has the best $T$ and atmosphere in NYC .,Rao 's has the best service and atmosphere in NYC .,service,1,positive
Rao 's has the best service and $T$ in NYC .,Rao 's has the best service and atmosphere in NYC .,atmosphere,1,positive
instead ordered an ice cold $T$ which to me works with indian .,instead ordered an ice cold beer which to me works with indian .,beer,1,positive
"They never brought us complimentary $T$ , ignored repeated requests for sugar , and threw our dishes on the table .","They never brought us complimentary noodles , ignored repeated requests for sugar , and threw our dishes on the table .",noodles,-1,negative
"They never brought us complimentary noodles , ignored repeated requests for $T$ , and threw our dishes on the table .","They never brought us complimentary noodles , ignored repeated requests for sugar , and threw our dishes on the table .",sugar,-1,negative
"They never brought us complimentary noodles , ignored repeated requests for sugar , and threw our $T$ on the table .","They never brought us complimentary noodles , ignored repeated requests for sugar , and threw our dishes on the table .",dishes,-1,negative
one of the best $T$ .,one of the best Chicken Tikka Masala .,Chicken Tikka Masala,1,positive
"Excellent $T$ served amid clean , chic decor .","Excellent dumplings served amid clean , chic decor .",dumplings,1,positive
"Excellent dumplings served amid clean , chic $T$ .","Excellent dumplings served amid clean , chic decor .",decor,1,positive
"The $T$ however , is almost always slow .","The kitchen however , is almost always slow .",kitchen,-1,negative
"The $T$ and pastrami are excellent , much less fatty than those big tourist places around Times Square .","The corned beef and pastrami are excellent , much less fatty than those big tourist places around Times Square .",corned beef,1,positive
"The corned beef and $T$ are excellent , much less fatty than those big tourist places around Times Square .","The corned beef and pastrami are excellent , much less fatty than those big tourist places around Times Square .",pastrami,1,positive
"Cute place , nice $T$ but would never go there again .","Cute place , nice wait staff but would never go there again .",wait staff,1,positive
"Cute $T$ , nice wait staff but would never go there again .","Cute place , nice wait staff but would never go there again .",place,1,positive
"Also , the $T$ called me today to thank us for coming and mentioned how she hoped that my girlfriend enjoyed her birthday - unexpected , but a truly above and beyond thing to do ...","Also , the hostess called me today to thank us for coming and mentioned how she hoped that my girlfriend enjoyed her birthday - unexpected , but a truly above and beyond thing to do ...",hostess,1,positive
$T$ are rude bit again it 's new york !,people are rude bit again it 's new york !,people,-1,negative
"The $T$ is great and if you get toppings , the whole slice is topped with them , not sparsely sprinkled on like some places .","The plain slice is great and if you get toppings , the whole slice is topped with them , not sparsely sprinkled on like some places .",plain slice,1,positive
"The plain slice is great and if you get $T$ , the whole slice is topped with them , not sparsely sprinkled on like some places .","The plain slice is great and if you get toppings , the whole slice is topped with them , not sparsely sprinkled on like some places .",toppings,1,positive
$T$ was also horrible and the ambience is not that great .,Service was also horrible and the ambience is not that great .,Service,-1,negative
Service was also horrible and the $T$ is not that great .,Service was also horrible and the ambience is not that great .,ambience,-1,negative
"$T$ is great , takeout is good too .","Service is great , takeout is good too .",Service,1,positive
"Service is great , $T$ is good too .","Service is great , takeout is good too .",takeout,1,positive
The $T$ is overpriced and soggy .,The pizza is overpriced and soggy .,pizza,-1,negative
"Everything is excellent , the $T$ is quite extensive , and you eat with a view on both sides of the city .","Everything is excellent , the menu is quite extensive , and you eat with a view on both sides of the city .",menu,1,positive
"Everything is excellent , the menu is quite extensive , and you eat with a $T$ on both sides of the city .","Everything is excellent , the menu is quite extensive , and you eat with a view on both sides of the city .",view,1,positive
"For the $T$ , a little too expensive .","For the quality of food , a little too expensive .",quality of food,-1,negative
Here 's to the fake $T$ too ...,Here 's to the fake fish tanks too ...,fish tanks,-1,negative
I 've never had bad $T$ and the fish is fresh and delicious .,I 've never had bad service and the fish is fresh and delicious .,service,1,positive
I 've never had bad service and the $T$ is fresh and delicious .,I 've never had bad service and the fish is fresh and delicious .,fish,1,positive
"The first time I went , and was completely taken by the $T$ and atmosphere , I ordered the Lobster Cobb Salad .","The first time I went , and was completely taken by the live jazz band and atmosphere , I ordered the Lobster Cobb Salad .",live jazz band,1,positive
"The first time I went , and was completely taken by the live jazz band and $T$ , I ordered the Lobster Cobb Salad .","The first time I went , and was completely taken by the live jazz band and atmosphere , I ordered the Lobster Cobb Salad .",atmosphere,1,positive
"The first time I went , and was completely taken by the live jazz band and atmosphere , I ordered the $T$ .","The first time I went , and was completely taken by the live jazz band and atmosphere , I ordered the Lobster Cobb Salad .",Lobster Cobb Salad,0,neutral
we decided to eat in $T$ which was small and cute .,we decided to eat in tea room which was small and cute .,tea room,1,positive
What an amazing $T$ and experience !,What an amazing meal and experience !,meal,1,positive
Unique $T$ .,Unique apppetizers .,apppetizers,1,positive
"The $T$ has always been attentive and kind , and I 've always been amazed at how they 've handled all the various different group sizes that come in .","The staff has always been attentive and kind , and I 've always been amazed at how they 've handled all the various different group sizes that come in .",staff,1,positive
IT is the best deal in town for a Monday night $T$ at a fine restaurant .,IT is the best deal in town for a Monday night dinner at a fine restaurant .,dinner,1,positive
"Also , the $T$ -LRB- nearing $ 7 -RRB- did n't come with anything like chips or a side .","Also , the sandwiches -LRB- nearing $ 7 -RRB- did n't come with anything like chips or a side .",sandwiches,-1,negative
"Also , the sandwiches -LRB- nearing $ 7 -RRB- did n't come with anything like $T$ or a side .","Also , the sandwiches -LRB- nearing $ 7 -RRB- did n't come with anything like chips or a side .",chips,0,neutral
"Also , the sandwiches -LRB- nearing $ 7 -RRB- did n't come with anything like chips or a $T$ .","Also , the sandwiches -LRB- nearing $ 7 -RRB- did n't come with anything like chips or a side .",side,0,neutral
"The $T$ here is long for dim sum , but if you do n't like sharing tables or if the typical raucous dim sum atmosphere is not your gig , this is a sleek -LRB- for Chinatown -RRB- alternative .","The wait here is long for dim sum , but if you do n't like sharing tables or if the typical raucous dim sum atmosphere is not your gig , this is a sleek -LRB- for Chinatown -RRB- alternative .",wait,-1,negative
"The wait here is long for $T$ , but if you do n't like sharing tables or if the typical raucous dim sum atmosphere is not your gig , this is a sleek -LRB- for Chinatown -RRB- alternative .","The wait here is long for dim sum , but if you do n't like sharing tables or if the typical raucous dim sum atmosphere is not your gig , this is a sleek -LRB- for Chinatown -RRB- alternative .",dim sum,0,neutral
"The wait here is long for dim sum , but if you do n't like sharing tables or if the typical raucous $T$ is not your gig , this is a sleek -LRB- for Chinatown -RRB- alternative .","The wait here is long for dim sum , but if you do n't like sharing tables or if the typical raucous dim sum atmosphere is not your gig , this is a sleek -LRB- for Chinatown -RRB- alternative .",dim sum atmosphere,0,neutral
"The wait here is long for dim sum , but if you do n't like sharing $T$ or if the typical raucous dim sum atmosphere is not your gig , this is a sleek -LRB- for Chinatown -RRB- alternative .","The wait here is long for dim sum , but if you do n't like sharing tables or if the typical raucous dim sum atmosphere is not your gig , this is a sleek -LRB- for Chinatown -RRB- alternative .",tables,1,positive
"This place has good potential , but needs a significant amount of work before we can justify spending that much $T$ on indian food you can get everywhere else .","This place has good potential , but needs a significant amount of work before we can justify spending that much money on indian food you can get everywhere else .",money,-1,negative
"This place has good potential , but needs a significant amount of work before we can justify spending that much money on $T$ you can get everywhere else .","This place has good potential , but needs a significant amount of work before we can justify spending that much money on indian food you can get everywhere else .",indian food,0,neutral
"Everything is always cooked to perfection , the $T$ is excellent , the decor cool and understated .","Everything is always cooked to perfection , the service is excellent , the decor cool and understated .",service,1,positive
"Everything is always cooked to perfection , the service is excellent , the $T$ cool and understated .","Everything is always cooked to perfection , the service is excellent , the decor cool and understated .",decor,1,positive
The $T$ is good .,The Thai food is good .,Thai food,1,positive
"Great $T$ , and seafood .","Great selection of wine , and seafood .",selection of wine,1,positive
"Great selection of wine , and $T$ .","Great selection of wine , and seafood .",seafood,1,positive
Acceptable $T$ .,Acceptable prices .,prices,1,positive
we were seated at the $T$ in front of yasuda .,we were seated at the sushi bar in front of yasuda .,sushi bar,0,neutral
"As I made the title , it 's an affordable restaurant for great $T$ .","As I made the title , it 's an affordable restaurant for great taste .",taste,1,positive
Definitely not worth the $T$ !,Definitely not worth the price !,price,-1,negative
"Orsay , is a very pleasnt throw back to traditional $T$ , and French service as well .","Orsay , is a very pleasnt throw back to traditional French food , and French service as well .",French food,1,positive
"Orsay , is a very pleasnt throw back to traditional French food , and French $T$ as well .","Orsay , is a very pleasnt throw back to traditional French food , and French service as well .",service,1,positive
It 's easy to get a $T$ for a large group and you do n't get hustled out .,It 's easy to get a table for a large group and you do n't get hustled out .,table,1,positive
Great $T$ at reasonable prices .,Great food at reasonable prices .,food,1,positive
Great food at reasonable $T$ .,Great food at reasonable prices .,prices,1,positive
$T$ are a delicious way to begin the meal .,Salads are a delicious way to begin the meal .,Salads,1,positive
Salads are a delicious way to begin the $T$ .,Salads are a delicious way to begin the meal .,meal,1,positive
"I ordered $T$ and my wife ordered noodles with ground beef , and we were both delighted by the way the dishes evoked Thai flavors in unexpected ways .","I ordered tamarind duck and my wife ordered noodles with ground beef , and we were both delighted by the way the dishes evoked Thai flavors in unexpected ways .",tamarind duck,1,positive
"I ordered tamarind duck and my wife ordered $T$ , and we were both delighted by the way the dishes evoked Thai flavors in unexpected ways .","I ordered tamarind duck and my wife ordered noodles with ground beef , and we were both delighted by the way the dishes evoked Thai flavors in unexpected ways .",noodles with ground beef,1,positive
"I ordered tamarind duck and my wife ordered noodles with ground beef , and we were both delighted by the way the $T$ evoked Thai flavors in unexpected ways .","I ordered tamarind duck and my wife ordered noodles with ground beef , and we were both delighted by the way the dishes evoked Thai flavors in unexpected ways .",dishes,1,positive
"I ordered tamarind duck and my wife ordered noodles with ground beef , and we were both delighted by the way the dishes evoked $T$ in unexpected ways .","I ordered tamarind duck and my wife ordered noodles with ground beef , and we were both delighted by the way the dishes evoked Thai flavors in unexpected ways .",Thai flavors,1,positive
If you 've ever been along the river in Weehawken you have an idea of the top of $T$ the chart house has to offer .,If you 've ever been along the river in Weehawken you have an idea of the top of view the chart house has to offer .,view,1,positive
The $T$ are about $ 9 for an entree for dinner and even less for lunch .,The prices are about $ 9 for an entree for dinner and even less for lunch .,prices,1,positive
The prices are about $ 9 for an $T$ for dinner and even less for lunch .,The prices are about $ 9 for an entree for dinner and even less for lunch .,entree,1,positive
The prices are about $ 9 for an entree for $T$ and even less for lunch .,The prices are about $ 9 for an entree for dinner and even less for lunch .,dinner,0,neutral
The prices are about $ 9 for an entree for dinner and even less for $T$ .,The prices are about $ 9 for an entree for dinner and even less for lunch .,lunch,1,positive
and you ca n't beat the $T$ .,and you ca n't beat the prices .,prices,1,positive
Should you happen to be impressed by the $T$ definitely try it .,Should you happen to be impressed by the cuisine definitely try it .,cuisine,1,positive
"I had the $T$ , which was wonderful .","I had the black cod with yuzu sauce , which was wonderful .",black cod with yuzu sauce,1,positive
$T$ too high for this cramped and unappealing resturant .,Prices too high for this cramped and unappealing resturant .,Prices,-1,negative
Total hipster-wannabe attitude in an otherwise sweet $T$ .,Total hipster-wannabe attitude in an otherwise sweet spot .,spot,1,positive
"Yes , there might be a $T$ if you have no reservations .","Yes , there might be a wait if you have no reservations .",wait,-1,negative
"Yes , there might be a wait if you have no $T$ .","Yes , there might be a wait if you have no reservations .",reservations,0,neutral
"Everything , from the soft $T$ , soggy salad , and 50 minute wait time , with an incredibly rude service to deliver below average food .","Everything , from the soft bread , soggy salad , and 50 minute wait time , with an incredibly rude service to deliver below average food .",bread,-1,negative
"Everything , from the soft bread , soggy $T$ , and 50 minute wait time , with an incredibly rude service to deliver below average food .","Everything , from the soft bread , soggy salad , and 50 minute wait time , with an incredibly rude service to deliver below average food .",salad,-1,negative
"Everything , from the soft bread , soggy salad , and 50 minute wait time , with an incredibly rude $T$ to deliver below average food .","Everything , from the soft bread , soggy salad , and 50 minute wait time , with an incredibly rude service to deliver below average food .",service,-1,negative
"Everything , from the soft bread , soggy salad , and 50 minute wait time , with an incredibly rude service to deliver below average $T$ .","Everything , from the soft bread , soggy salad , and 50 minute wait time , with an incredibly rude service to deliver below average food .",food,-1,negative
"Everything , from the soft bread , soggy salad , and 50 minute $T$ time , with an incredibly rude service to deliver below average food .","Everything , from the soft bread , soggy salad , and 50 minute wait time , with an incredibly rude service to deliver below average food .",wait,-1,negative
The sicilian is my favorite it is moist not dry like most places but all their $T$ is great !,The sicilian is my favorite it is moist not dry like most places but all their pizza is great !,pizza,1,positive
The $T$ is my favorite it is moist not dry like most places but all their pizza is great !,The sicilian is my favorite it is moist not dry like most places but all their pizza is great !,sicilian,1,positive
$T$ is always a good attraction,Downstairs lounge is always a good attraction,Downstairs lounge,1,positive
The $T$ are a bit expensive for what you get in quality and portion size .,The menu prices are a bit expensive for what you get in quality and portion size .,menu prices,-1,negative
The menu prices are a bit expensive for what you get in $T$ and portion size .,The menu prices are a bit expensive for what you get in quality and portion size .,quality,-1,negative
The menu prices are a bit expensive for what you get in quality and $T$ .,The menu prices are a bit expensive for what you get in quality and portion size .,portion size,-1,negative
"The $T$ was amazing , and the service was prompt and helpful , but not over-bearing or rushed .","The food was amazing , and the service was prompt and helpful , but not over-bearing or rushed .",food,1,positive
"The food was amazing , and the $T$ was prompt and helpful , but not over-bearing or rushed .","The food was amazing , and the service was prompt and helpful , but not over-bearing or rushed .",service,1,positive
"-LRB- $T$ was delivered by a busboy , not waiter -RRB- We got no cheese offered for the pasta , our water and wine glasses remained EMPTY our entire meal , when we would have easily spent another $ 20 on wine .","-LRB- food was delivered by a busboy , not waiter -RRB- We got no cheese offered for the pasta , our water and wine glasses remained EMPTY our entire meal , when we would have easily spent another $ 20 on wine .",food,0,neutral
"-LRB- food was delivered by a $T$ , not waiter -RRB- We got no cheese offered for the pasta , our water and wine glasses remained EMPTY our entire meal , when we would have easily spent another $ 20 on wine .","-LRB- food was delivered by a busboy , not waiter -RRB- We got no cheese offered for the pasta , our water and wine glasses remained EMPTY our entire meal , when we would have easily spent another $ 20 on wine .",busboy,-1,negative
"-LRB- food was delivered by a busboy , not $T$ -RRB- We got no cheese offered for the pasta , our water and wine glasses remained EMPTY our entire meal , when we would have easily spent another $ 20 on wine .","-LRB- food was delivered by a busboy , not waiter -RRB- We got no cheese offered for the pasta , our water and wine glasses remained EMPTY our entire meal , when we would have easily spent another $ 20 on wine .",waiter,-1,negative
"-LRB- food was delivered by a busboy , not waiter -RRB- We got no $T$ offered for the pasta , our water and wine glasses remained EMPTY our entire meal , when we would have easily spent another $ 20 on wine .","-LRB- food was delivered by a busboy , not waiter -RRB- We got no cheese offered for the pasta , our water and wine glasses remained EMPTY our entire meal , when we would have easily spent another $ 20 on wine .",cheese,-1,negative
"-LRB- food was delivered by a busboy , not waiter -RRB- We got no cheese offered for the $T$ , our water and wine glasses remained EMPTY our entire meal , when we would have easily spent another $ 20 on wine .","-LRB- food was delivered by a busboy , not waiter -RRB- We got no cheese offered for the pasta , our water and wine glasses remained EMPTY our entire meal , when we would have easily spent another $ 20 on wine .",pasta,-1,negative
"-LRB- food was delivered by a busboy , not waiter -RRB- We got no cheese offered for the pasta , our $T$ remained EMPTY our entire meal , when we would have easily spent another $ 20 on wine .","-LRB- food was delivered by a busboy , not waiter -RRB- We got no cheese offered for the pasta , our water and wine glasses remained EMPTY our entire meal , when we would have easily spent another $ 20 on wine .",water and wine glasses,-1,negative
"-LRB- food was delivered by a busboy , not waiter -RRB- We got no cheese offered for the pasta , our water and wine glasses remained EMPTY our entire meal , when we would have easily spent another $ 20 on $T$ .","-LRB- food was delivered by a busboy , not waiter -RRB- We got no cheese offered for the pasta , our water and wine glasses remained EMPTY our entire meal , when we would have easily spent another $ 20 on wine .",wine,0,neutral
"-LRB- food was delivered by a busboy , not waiter -RRB- We got no cheese offered for the pasta , our water and wine glasses remained EMPTY our entire $T$ , when we would have easily spent another $ 20 on wine .","-LRB- food was delivered by a busboy , not waiter -RRB- We got no cheese offered for the pasta , our water and wine glasses remained EMPTY our entire meal , when we would have easily spent another $ 20 on wine .",meal,0,neutral
The $T$ is great too since they give high quality tupperware as well .,The takeout is great too since they give high quality tupperware as well .,takeout,1,positive
"The $T$ was not fresh , the sauces were bland and very oily .","The food was not fresh , the sauces were bland and very oily .",food,-1,negative
"The food was not fresh , the $T$ were bland and very oily .","The food was not fresh , the sauces were bland and very oily .",sauces,-1,negative
Could be pricey without a $T$ .,Could be pricey without a prix fixe meal .,prix fixe meal,-1,negative
This is definitely an excellent date spot because of the $T$ and on the weekends the night scene is more than alive .,This is definitely an excellent date spot because of the ambiance and on the weekends the night scene is more than alive .,ambiance,1,positive
This is definitely an excellent date spot because of the ambiance and on the weekends the $T$ is more than alive .,This is definitely an excellent date spot because of the ambiance and on the weekends the night scene is more than alive .,night scene,1,positive
This is definitely an excellent date $T$ because of the ambiance and on the weekends the night scene is more than alive .,This is definitely an excellent date spot because of the ambiance and on the weekends the night scene is more than alive .,spot,1,positive
One of us actually liked the $T$ - that 's it .,One of us actually liked the expresso - that 's it .,expresso,1,positive
"Again , the $T$ was awesome .","Again , the waitress was awesome .",waitress,1,positive
I loved everythig about it-especially the $T$ and actors .,I loved everythig about it-especially the shows and actors .,shows,1,positive
I loved everythig about it-especially the shows and $T$ .,I loved everythig about it-especially the shows and actors .,actors,1,positive
The $T$ was fast and friendly and the food was very tasty and they had the best hot sauce to add to your meals .,The service was fast and friendly and the food was very tasty and they had the best hot sauce to add to your meals .,service,1,positive
The service was fast and friendly and the $T$ was very tasty and they had the best hot sauce to add to your meals .,The service was fast and friendly and the food was very tasty and they had the best hot sauce to add to your meals .,food,1,positive
The service was fast and friendly and the food was very tasty and they had the best $T$ to add to your meals .,The service was fast and friendly and the food was very tasty and they had the best hot sauce to add to your meals .,hot sauce,1,positive
The service was fast and friendly and the food was very tasty and they had the best hot sauce to add to your $T$ .,The service was fast and friendly and the food was very tasty and they had the best hot sauce to add to your meals .,meals,0,neutral
"The $T$ was just OK , I would never go back .","The food was just OK , I would never go back .",food,0,neutral
Zero $T$ to boot .,Zero ambiance to boot .,ambiance,-1,negative
Scalina Fedeli reminded me why $T$ is so integral to fine dining .,Scalina Fedeli reminded me why service is so integral to fine dining .,service,1,positive
Scalina Fedeli reminded me why service is so integral to fine $T$ .,Scalina Fedeli reminded me why service is so integral to fine dining .,dining,1,positive
i recommend the $T$ : -RRB-,i recommend the thai popcorn : -RRB-,thai popcorn,1,positive
"Everything looks great , the $T$ , the decor , the food , even the people .","Everything looks great , the drinks , the decor , the food , even the people .",drinks,1,positive
"Everything looks great , the drinks , the $T$ , the food , even the people .","Everything looks great , the drinks , the decor , the food , even the people .",decor,1,positive
"Everything looks great , the drinks , the decor , the $T$ , even the people .","Everything looks great , the drinks , the decor , the food , even the people .",food,1,positive
As soon as my father lifted his pen from the check a $T$ appeared to usher us out .,As soon as my father lifted his pen from the check a chef appeared to usher us out .,chef,-1,negative
As soon as my father lifted his pen from the $T$ a chef appeared to usher us out .,As soon as my father lifted his pen from the check a chef appeared to usher us out .,check,0,neutral
The $T$ and kebabs are made when ordered ensuring a level of freshness that is unsurpassed .,The parathas and kebabs are made when ordered ensuring a level of freshness that is unsurpassed .,parathas,1,positive
The parathas and $T$ are made when ordered ensuring a level of freshness that is unsurpassed .,The parathas and kebabs are made when ordered ensuring a level of freshness that is unsurpassed .,kebabs,1,positive
The $T$ and wasabe potatoes are excellent .,The tuna and wasabe potatoes are excellent .,tuna,1,positive
The tuna and $T$ are excellent .,The tuna and wasabe potatoes are excellent .,wasabe potatoes,1,positive
The only disappointment was the $T$ who did n't seem to know what a customer is on a realtively non-busy night -LRB- for the coat check girls -RRB- .,The only disappointment was the coat check girls who did n't seem to know what a customer is on a realtively non-busy night -LRB- for the coat check girls -RRB- .,coat check girls,-1,negative
The only disappointment was the coat check girls who did n't seem to know what a customer is on a realtively non-busy night -LRB- for the $T$ -RRB- .,The only disappointment was the coat check girls who did n't seem to know what a customer is on a realtively non-busy night -LRB- for the coat check girls -RRB- .,coat check girls,-1,negative
My fiance took me to Scopa last week for my birthday and I could n't believe the $T$ .,My fiance took me to Scopa last week for my birthday and I could n't believe the food .,food,1,positive
Ummm ... the $T$ was cold .,Ummm ... the beer was cold .,beer,1,positive
"We had great $T$ -LRB- including the best cannoli I 've ever had -RRB- and then they offered an after dinner drink , on the house .","We had great desserts -LRB- including the best cannoli I 've ever had -RRB- and then they offered an after dinner drink , on the house .",desserts,1,positive
"We had great desserts -LRB- including the best $T$ I 've ever had -RRB- and then they offered an after dinner drink , on the house .","We had great desserts -LRB- including the best cannoli I 've ever had -RRB- and then they offered an after dinner drink , on the house .",cannoli,1,positive
"We had great desserts -LRB- including the best cannoli I 've ever had -RRB- and then they offered an $T$ , on the house .","We had great desserts -LRB- including the best cannoli I 've ever had -RRB- and then they offered an after dinner drink , on the house .",after dinner drink,1,positive
"Good crowd , good $T$ , with a hip japanese vibe .","Good crowd , good outdoor seating , with a hip japanese vibe .",outdoor seating,1,positive
"Good crowd , good outdoor seating , with a hip japanese $T$ .","Good crowd , good outdoor seating , with a hip japanese vibe .",vibe,1,positive
"We asked to be moved -LRB- which took half an hour -RRB- , and then were seated in a high traffic area in the back , even though the rest of the $T$ was practically empty .","We asked to be moved -LRB- which took half an hour -RRB- , and then were seated in a high traffic area in the back , even though the rest of the room was practically empty .",room,0,neutral
"We asked to be moved -LRB- which took half an hour -RRB- , and then were seated in a high traffic $T$ in the back , even though the rest of the room was practically empty .","We asked to be moved -LRB- which took half an hour -RRB- , and then were seated in a high traffic area in the back , even though the rest of the room was practically empty .",area,-1,negative
"Good to find a restaurant where the $T$ have some imagination and they have actually pulled it off , like in this case .","Good to find a restaurant where the owners have some imagination and they have actually pulled it off , like in this case .",owners,1,positive
"However , their popularity has yet to slow down , and I still find myself drawn to their $T$ and delectable reputation .","However , their popularity has yet to slow down , and I still find myself drawn to their ambiance and delectable reputation .",ambiance,1,positive
"Where $T$ in other Chinatown restaurants display a lurking myriad of sad-looking marine life in their murky waters , the tanks at Ping 's are clear as glass with healthy-looking creatures who do not yet know that they will be part of some dim sum lover 's brunch .","Where tanks in other Chinatown restaurants display a lurking myriad of sad-looking marine life in their murky waters , the tanks at Ping 's are clear as glass with healthy-looking creatures who do not yet know that they will be part of some dim sum lover 's brunch .",tanks,-1,negative
"Where tanks in other Chinatown restaurants display a lurking myriad of sad-looking marine life in their murky waters , the $T$ at Ping 's are clear as glass with healthy-looking creatures who do not yet know that they will be part of some dim sum lover 's brunch .","Where tanks in other Chinatown restaurants display a lurking myriad of sad-looking marine life in their murky waters , the tanks at Ping 's are clear as glass with healthy-looking creatures who do not yet know that they will be part of some dim sum lover 's brunch .",tanks,1,positive
"Where tanks in other Chinatown restaurants display a lurking myriad of sad-looking marine life in their murky waters , the tanks at Ping 's are clear as glass with healthy-looking creatures who do not yet know that they will be part of some $T$ lover 's brunch .","Where tanks in other Chinatown restaurants display a lurking myriad of sad-looking marine life in their murky waters , the tanks at Ping 's are clear as glass with healthy-looking creatures who do not yet know that they will be part of some dim sum lover 's brunch .",dim sum,0,neutral
"Where tanks in other Chinatown restaurants display a lurking myriad of sad-looking marine life in their murky waters , the tanks at Ping 's are clear as glass with healthy-looking creatures who do not yet know that they will be part of some dim sum lover 's $T$ .","Where tanks in other Chinatown restaurants display a lurking myriad of sad-looking marine life in their murky waters , the tanks at Ping 's are clear as glass with healthy-looking creatures who do not yet know that they will be part of some dim sum lover 's brunch .",brunch,0,neutral
"The $T$ was too salty , dessert was so so -LRB- do n't waste any of your calories -RRB- and service was poor .","The Halibut was too salty , dessert was so so -LRB- do n't waste any of your calories -RRB- and service was poor .",Halibut,-1,negative
"The Halibut was too salty , $T$ was so so -LRB- do n't waste any of your calories -RRB- and service was poor .","The Halibut was too salty , dessert was so so -LRB- do n't waste any of your calories -RRB- and service was poor .",dessert,0,neutral
"The Halibut was too salty , dessert was so so -LRB- do n't waste any of your calories -RRB- and $T$ was poor .","The Halibut was too salty , dessert was so so -LRB- do n't waste any of your calories -RRB- and service was poor .",service,-1,negative
"The $T$ is spectacular , and the food is great .","The view is spectacular , and the food is great .",view,1,positive
"The view is spectacular , and the $T$ is great .","The view is spectacular , and the food is great .",food,1,positive
"The place was n't too hard to find , but it was kind of packed , as soon as my boyfriend and I got our $T$ , the line reached the door .","The place was n't too hard to find , but it was kind of packed , as soon as my boyfriend and I got our food , the line reached the door .",food,0,neutral
Good $T$ and good cream cheese .,Good bagels and good cream cheese .,bagels,1,positive
Good bagels and good $T$ .,Good bagels and good cream cheese .,cream cheese,1,positive
"The $T$ is wonderful , tasty and filling , and the service is professional and friendly .","The food is wonderful , tasty and filling , and the service is professional and friendly .",food,1,positive
"The food is wonderful , tasty and filling , and the $T$ is professional and friendly .","The food is wonderful , tasty and filling , and the service is professional and friendly .",service,1,positive
It is also extremely well $T$ .,It is also extremely well priced .,priced,1,positive
Always great $T$ !,Always great service !,service,1,positive
I am happy i did the $T$ was awsome .,I am happy i did the food was awsome .,food,1,positive
"We ordered the $T$ , but what we got were a few small pieces of chicken , all dark meat and on the bone .","We ordered the chicken casserole , but what we got were a few small pieces of chicken , all dark meat and on the bone .",chicken casserole,-1,negative
"We ordered the chicken casserole , but what we got were a few small pieces of $T$ , all dark meat and on the bone .","We ordered the chicken casserole , but what we got were a few small pieces of chicken , all dark meat and on the bone .",chicken,-1,negative
"We ordered the chicken casserole , but what we got were a few small pieces of chicken , all dark $T$ and on the bone .","We ordered the chicken casserole , but what we got were a few small pieces of chicken , all dark meat and on the bone .",meat,-1,negative
A bit breezy up there on the $T$ from the wind coming from the tracks .,A bit breezy up there on the mezzanine from the wind coming from the tracks .,mezzanine,-1,negative
I went to DF for $T$ .,I went to DF for Valentines Day dinner .,Valentines Day dinner,0,neutral
"I recommend the $T$ , drunken chicken and the soupy dumplings , certainly the stir fry blue crab .","I recommend the jelly fish , drunken chicken and the soupy dumplings , certainly the stir fry blue crab .",jelly fish,1,positive
"I recommend the jelly fish , $T$ and the soupy dumplings , certainly the stir fry blue crab .","I recommend the jelly fish , drunken chicken and the soupy dumplings , certainly the stir fry blue crab .",drunken chicken,1,positive
"I recommend the jelly fish , drunken chicken and the $T$ , certainly the stir fry blue crab .","I recommend the jelly fish , drunken chicken and the soupy dumplings , certainly the stir fry blue crab .",soupy dumplings,1,positive
"I recommend the jelly fish , drunken chicken and the soupy dumplings , certainly the $T$ .","I recommend the jelly fish , drunken chicken and the soupy dumplings , certainly the stir fry blue crab .",stir fry blue crab,1,positive
I LOVED THE $T$ .,I LOVED THE SHOWS .,SHOWS,1,positive
We could have made a meal of the yummy $T$ from the dumpling menu .,We could have made a meal of the yummy dumplings from the dumpling menu .,dumplings,1,positive
We could have made a $T$ of the yummy dumplings from the dumpling menu .,We could have made a meal of the yummy dumplings from the dumpling menu .,meal,1,positive
We could have made a meal of the yummy dumplings from the $T$ .,We could have made a meal of the yummy dumplings from the dumpling menu .,dumpling menu,1,positive
The $T$ of this place are like an airport lounge .,The aesthetics of this place are like an airport lounge .,aesthetics,-1,negative
The aesthetics of this $T$ are like an airport lounge .,The aesthetics of this place are like an airport lounge .,place,-1,negative
"Then , get ripped on free $T$ .","Then , get ripped on free box wine .",box wine,1,positive
My wife and I ate here earlier this week and have not stopped ranting and raving about the $T$ .,My wife and I ate here earlier this week and have not stopped ranting and raving about the food .,food,1,positive
"If you do n't mind pre-sliced low quality $T$ , unfriendly staff and a sushi chef that looks like he is miserable then this is your place .","If you do n't mind pre-sliced low quality fish , unfriendly staff and a sushi chef that looks like he is miserable then this is your place .",fish,-1,negative
"If you do n't mind pre-sliced low quality fish , unfriendly $T$ and a sushi chef that looks like he is miserable then this is your place .","If you do n't mind pre-sliced low quality fish , unfriendly staff and a sushi chef that looks like he is miserable then this is your place .",staff,-1,negative
"If you do n't mind pre-sliced low quality fish , unfriendly staff and a $T$ that looks like he is miserable then this is your place .","If you do n't mind pre-sliced low quality fish , unfriendly staff and a sushi chef that looks like he is miserable then this is your place .",sushi chef,-1,negative
The $T$ itself was just ok - nothing spectacular - but the service was awful .,The food itself was just ok - nothing spectacular - but the service was awful .,food,0,neutral
The food itself was just ok - nothing spectacular - but the $T$ was awful .,The food itself was just ok - nothing spectacular - but the service was awful .,service,-1,negative
The $T$ is yummy and I like the atmoshpere .,The pizza is yummy and I like the atmoshpere .,pizza,1,positive
The pizza is yummy and I like the $T$ .,The pizza is yummy and I like the atmoshpere .,atmoshpere,1,positive
"As there were so many to choose from we wandered up and down the street looking in the windows and such noticicing many empty $T$ , except at Taj Mahal .","As there were so many to choose from we wandered up and down the street looking in the windows and such noticicing many empty seats , except at Taj Mahal .",seats,-1,negative
"Also , do n't plan on asking for your favorite $T$ , if it 's not on the menu , you ca n't have it .","Also , do n't plan on asking for your favorite roll , if it 's not on the menu , you ca n't have it .",roll,-1,negative
"Also , do n't plan on asking for your favorite roll , if it 's not on the $T$ , you ca n't have it .","Also , do n't plan on asking for your favorite roll , if it 's not on the menu , you ca n't have it .",menu,-1,negative
Good $T$ .,Good food .,food,1,positive
"those rolls were big , but not good and $T$ was n't fresh .","those rolls were big , but not good and sashimi was n't fresh .",sashimi,-1,negative
"The $T$ was excellent , thin-crust pizza with a nice amount of spicy Italian cheese that I 'd never heard of before .","The pesto pizza was excellent , thin-crust pizza with a nice amount of spicy Italian cheese that I 'd never heard of before .",pesto pizza,1,positive
"The pesto pizza was excellent , thin-crust pizza with a nice amount of spicy $T$ e that I 'd never heard of before .","The pesto pizza was excellent , thin-crust pizza with a nice amount of spicy Italian chees e that I 'd never heard of before .",Italian chees,1,positive
"The pesto pizza was excellent , $T$ with a nice amount of spicy Italian cheese that I 'd never heard of before .","The pesto pizza was excellent , thin-crust pizza with a nice amount of spicy Italian cheese that I 'd never heard of before .",thin-crust pizza,1,positive
"try the spicy $T$ -LRB- again , not the greatest value in the world but worth the price -RRB- and the lamb vindaloo is great .","try the spicy shrimp appetizer -LRB- again , not the greatest value in the world but worth the price -RRB- and the lamb vindaloo is great .",shrimp appetizer,1,positive
"try the spicy shrimp appetizer -LRB- again , not the greatest value in the world but worth the price -RRB- and the $T$ is great .","try the spicy shrimp appetizer -LRB- again , not the greatest value in the world but worth the price -RRB- and the lamb vindaloo is great .",lamb vindaloo,1,positive
"However , go for the $T$ , and consider the food just a companion for a trip across the world !","However , go for the ambience , and consider the food just a companion for a trip across the world !",ambience,1,positive
"However , go for the ambience , and consider the $T$ just a companion for a trip across the world !","However , go for the ambience , and consider the food just a companion for a trip across the world !",food,-1,negative
Food was good not great not worth the $T$ or another visit,Food was good not great not worth the wait or another visit,wait,-1,negative
"I have had so many $T$ here and it 's always been perfect - on a date with my husband , with my mom , with girlfriends and larger groups .","I have had so many dinners here and it 's always been perfect - on a date with my husband , with my mom , with girlfriends and larger groups .",dinners,1,positive
"When you want a piece of $T$ , head on over .","When you want a piece of beef , head on over .",beef,1,positive
"Delicate $T$ , onions , eggs and a kick-ass roti .","Delicate spices , onions , eggs and a kick-ass roti .",spices,1,positive
"Delicate spices , $T$ , eggs and a kick-ass roti .","Delicate spices , onions , eggs and a kick-ass roti .",onions,1,positive
"Delicate spices , onions , $T$ and a kick-ass roti .","Delicate spices , onions , eggs and a kick-ass roti .",eggs,1,positive
"Delicate spices , onions , eggs and a kick-ass $T$ .","Delicate spices , onions , eggs and a kick-ass roti .",roti,1,positive
Incredible $T$ at a very agreable price brings me back just about every other day to this authentic Thai restaurant .,Incredible food at a very agreable price brings me back just about every other day to this authentic Thai restaurant .,food,1,positive
Incredible food at a very agreable $T$ brings me back just about every other day to this authentic Thai restaurant .,Incredible food at a very agreable price brings me back just about every other day to this authentic Thai restaurant .,price,1,positive
"Also , if you do n't want to sit at a certain $T$ , you do n't have to !","Also , if you do n't want to sit at a certain table , you do n't have to !",table,1,positive
The $T$ has lots of options : I hope to go back to try those potato pancakes .,The menu has lots of options : I hope to go back to try those potato pancakes .,menu,1,positive
The menu has lots of options : I hope to go back to try those $T$ .,The menu has lots of options : I hope to go back to try those potato pancakes .,potato pancakes,1,positive
As soon as I wake up on a saturday or sunday it is the first thing on my mind is when and how I will be getting to $T$ .,As soon as I wake up on a saturday or sunday it is the first thing on my mind is when and how I will be getting to fried dumpling .,fried dumpling,1,positive
"The $T$ is n't the friendliest or most competent , and I am stickler for service , but everything else about this place makes up for it .","The staff is n't the friendliest or most competent , and I am stickler for service , but everything else about this place makes up for it .",staff,-1,negative
"The staff is n't the friendliest or most competent , and I am stickler for $T$ , but everything else about this place makes up for it .","The staff is n't the friendliest or most competent , and I am stickler for service , but everything else about this place makes up for it .",service,-1,negative
"My wife and I will usually only order one $T$ and one secondi and split them , as they tend to offer large portions .","My wife and I will usually only order one primi and one secondi and split them , as they tend to offer large portions .",primi,1,positive
"My wife and I will usually only order one primi and one $T$ and split them , as they tend to offer large portions .","My wife and I will usually only order one primi and one secondi and split them , as they tend to offer large portions .",secondi,1,positive
"My wife and I will usually only order one primi and one secondi and split them , as they tend to offer large $T$ .","My wife and I will usually only order one primi and one secondi and split them , as they tend to offer large portions .",portions,1,positive
I 've overheard comments from him to his $T$ that should not have been delivered in the dining area and I 've been sitting there while he lectured another customer .,I 've overheard comments from him to his employees that should not have been delivered in the dining area and I 've been sitting there while he lectured another customer .,employees,-1,negative
I 've overheard comments from him to his employees that should not have been delivered in the $T$ and I 've been sitting there while he lectured another customer .,I 've overheard comments from him to his employees that should not have been delivered in the dining area and I 've been sitting there while he lectured another customer .,dining area,0,neutral
Delicious $T$ too .,Delicious crab cakes too .,crab cakes,1,positive
This was the worst $T$ I 've ever had .,This was the worst dining experience I 've ever had .,dining experience,-1,negative
I have been coming here for years and have nothing but good things to say about the $T$ and the great staff at La Lanterna .,I have been coming here for years and have nothing but good things to say about the service and the great staff at La Lanterna .,service,1,positive
I have been coming here for years and have nothing but good things to say about the service and the great $T$ at La Lanterna .,I have been coming here for years and have nothing but good things to say about the service and the great staff at La Lanterna .,staff,1,positive
Just bring someone who speaks Cantonese because $T$ may not understand you .,Just bring someone who speaks Cantonese because waiter may not understand you .,waiter,-1,negative
The $T$ and panini 's are so yummy !,The bruschetta and panini 's are so yummy !,bruschetta,1,positive
The bruschetta and $T$ 's are so yummy !,The bruschetta and panini 's are so yummy !,panini,1,positive
"$T$ was okay , nothing great .","Food was okay , nothing great .",Food,0,neutral
Every $T$ and customer who passed by me bumped into my chair .,Every waitress and customer who passed by me bumped into my chair .,waitress,0,neutral
"Always popular , always full , always a $T$ .","Always popular , always full , always a wait .",wait,-1,negative
It is run by the same $T$ who started the chain in Chinatown .,It is run by the same Sichuan chef who started the chain in Chinatown .,Sichuan chef,0,neutral
"If the omakase is to showcase technique and variety , serving almost 40 % of items BBQ-ed and a $T$ wrapped with not-so-fresh nori seems to be a rather limp performance .","If the omakase is to showcase technique and variety , serving almost 40 % of items BBQ-ed and a spicy tuna roll wrapped with not-so-fresh nori seems to be a rather limp performance .",spicy tuna roll,-1,negative
"If the omakase is to showcase technique and variety , $T$ almost 40 % of items BBQ-ed and a spicy tuna roll wrapped with not-so-fresh nori seems to be a rather limp performance .","If the omakase is to showcase technique and variety , serving almost 40 % of items BBQ-ed and a spicy tuna roll wrapped with not-so-fresh nori seems to be a rather limp performance .",serving,0,neutral
"If the omakase is to showcase technique and variety , serving almost 40 % of items BBQ-ed and a spicy tuna roll wrapped with not-so-fresh $T$ seems to be a rather limp performance .","If the omakase is to showcase technique and variety , serving almost 40 % of items BBQ-ed and a spicy tuna roll wrapped with not-so-fresh nori seems to be a rather limp performance .",nori,-1,negative
"I ca n't wait for summer , when they serve outside on their gigantic $T$ .","I ca n't wait for summer , when they serve outside on their gigantic patio .",patio,1,positive
Best $T$ I ever had and great portion without being ridiculous .,Best Pastrami I ever had and great portion without being ridiculous .,Pastrami,1,positive
Best Pastrami I ever had and great $T$ without being ridiculous .,Best Pastrami I ever had and great portion without being ridiculous .,portion,1,positive
"If you are someone who appreciates the same things but hope to have $T$ to spare or share , Kai may not be the best option .","If you are someone who appreciates the same things but hope to have food to spare or share , Kai may not be the best option .",food,0,neutral
go here for the $T$ !,go here for the drinks !,drinks,1,positive
"The first 2 $T$ were very good , but the chocolate sampler was too rich for me and the dessert wine far too sweet .","The first 2 courses were very good , but the chocolate sampler was too rich for me and the dessert wine far too sweet .",courses,1,positive
"The first 2 courses were very good , but the $T$ was too rich for me and the dessert wine far too sweet .","The first 2 courses were very good , but the chocolate sampler was too rich for me and the dessert wine far too sweet .",chocolate sampler,-1,negative
"The first 2 courses were very good , but the chocolate sampler was too rich for me and the $T$ far too sweet .","The first 2 courses were very good , but the chocolate sampler was too rich for me and the dessert wine far too sweet .",dessert wine,-1,negative
"$T$ was melted , white wine warm , cheese oozing everywhere .","Butter was melted , white wine warm , cheese oozing everywhere .",Butter,-1,negative
"Butter was melted , $T$ warm , cheese oozing everywhere .","Butter was melted , white wine warm , cheese oozing everywhere .",white wine,-1,negative
"Butter was melted , white wine warm , $T$ oozing everywhere .","Butter was melted , white wine warm , cheese oozing everywhere .",cheese,-1,negative
We had a party in their $T$ and they made it truly memorable and were very helpful in the planning .,We had a party in their private room and they made it truly memorable and were very helpful in the planning .,private room,0,neutral
"It can not be the $T$ , because the place is very cramped and some guests have to sit in an aisle .","It can not be the ambience , because the place is very cramped and some guests have to sit in an aisle .",ambience,-1,negative
"It can not be the ambience , because the $T$ is very cramped and some guests have to sit in an aisle .","It can not be the ambience , because the place is very cramped and some guests have to sit in an aisle .",place,-1,negative
"It can not be the ambience , because the place is very cramped and some guests have to sit in an $T$ .","It can not be the ambience , because the place is very cramped and some guests have to sit in an aisle .",aisle,-1,negative
We were disappointed with the $T$ of only 2 choices per course -LRB- other restaurants offer 3 choices -RRB- and ended up ordering a la carte .,We were disappointed with the pre-fixe menu of only 2 choices per course -LRB- other restaurants offer 3 choices -RRB- and ended up ordering a la carte .,pre-fixe menu,-1,negative
We were disappointed with the pre-fixe menu of only 2 $T$ -LRB- other restaurants offer 3 choices -RRB- and ended up ordering a la carte .,We were disappointed with the pre-fixe menu of only 2 choices per course -LRB- other restaurants offer 3 choices -RRB- and ended up ordering a la carte .,choices per course,0,neutral
We were disappointed with the pre-fixe menu of only 2 choices per course -LRB- other restaurants offer 3 choices -RRB- and ended up $T$ .,We were disappointed with the pre-fixe menu of only 2 choices per course -LRB- other restaurants offer 3 choices -RRB- and ended up ordering a la carte .,ordering a la carte,-1,negative
Authentic $T$ .,Authentic Pakistani food .,Pakistani food,1,positive
"The $T$ has always been friendly without seeming grating , and the chef has greeted us on a couple of occasions .","The staff has always been friendly without seeming grating , and the chef has greeted us on a couple of occasions .",staff,1,positive
"The staff has always been friendly without seeming grating , and the $T$ has greeted us on a couple of occasions .","The staff has always been friendly without seeming grating , and the chef has greeted us on a couple of occasions .",chef,1,positive
"The $T$ is also great , and my friend who grew up in Manhattan claims that no one serves a better baked ziti with meatsauce .","The eggplant parmesan is also great , and my friend who grew up in Manhattan claims that no one serves a better baked ziti with meatsauce .",eggplant parmesan,1,positive
"The eggplant parmesan is also great , and my friend who grew up in Manhattan claims that no one serves a better $T$ .","The eggplant parmesan is also great , and my friend who grew up in Manhattan claims that no one serves a better baked ziti with meatsauce .",baked ziti with meatsauce,1,positive
"The eggplant parmesan is also great , and my friend who grew up in Manhattan claims that no one $T$ a better baked ziti with meatsauce .","The eggplant parmesan is also great , and my friend who grew up in Manhattan claims that no one serves a better baked ziti with meatsauce .",serves,1,positive
"Quality $T$ preparation all around , and a very fair price for NYC .","Quality ingredients preparation all around , and a very fair price for NYC .",ingredients,1,positive
"Quality ingredients preparation all around , and a very fair $T$ for NYC .","Quality ingredients preparation all around , and a very fair price for NYC .",price,1,positive
"$T$ was very good - prompt , attentive and non-intrusive .","Service was very good - prompt , attentive and non-intrusive .",Service,1,positive
"My entree of $T$ was full of imitation crabmeat with a couple pieces of shrimp and squid , and was unnecessarily heated with a burner .","My entree of hot pot with seafood was full of imitation crabmeat with a couple pieces of shrimp and squid , and was unnecessarily heated with a burner .",hot pot with seafood,-1,negative
"My entree of hot pot with seafood was full of imitation crabmeat with a couple pieces of $T$ and squid , and was unnecessarily heated with a burner .","My entree of hot pot with seafood was full of imitation crabmeat with a couple pieces of shrimp and squid , and was unnecessarily heated with a burner .",shrimp,-1,negative
"My entree of hot pot with seafood was full of imitation crabmeat with a couple pieces of shrimp and $T$ , and was unnecessarily heated with a burner .","My entree of hot pot with seafood was full of imitation crabmeat with a couple pieces of shrimp and squid , and was unnecessarily heated with a burner .",squid,-1,negative
"My $T$ of hot pot with seafood was full of imitation crabmeat with a couple pieces of shrimp and squid , and was unnecessarily heated with a burner .","My entree of hot pot with seafood was full of imitation crabmeat with a couple pieces of shrimp and squid , and was unnecessarily heated with a burner .",entree,1,positive
"My entree of hot pot with seafood was full of imitation $T$ with a couple pieces of shrimp and squid , and was unnecessarily heated with a burner .","My entree of hot pot with seafood was full of imitation crabmeat with a couple pieces of shrimp and squid , and was unnecessarily heated with a burner .",crabmeat,-1,negative
We began with the $T$ -LRB- the artisanal blend -RRB- and added apples and kielbasa to dip .,We began with the cheese fondue -LRB- the artisanal blend -RRB- and added apples and kielbasa to dip .,cheese fondue,0,neutral
We began with the cheese fondue -LRB- the artisanal blend -RRB- and added apples and $T$ to dip .,We began with the cheese fondue -LRB- the artisanal blend -RRB- and added apples and kielbasa to dip .,kielbasa,0,neutral
We began with the cheese fondue -LRB- the artisanal blend -RRB- and added $T$ and kielbasa to dip .,We began with the cheese fondue -LRB- the artisanal blend -RRB- and added apples and kielbasa to dip .,apples,0,neutral
"In such a crappy part of town to find a good $T$ for lunch , this place is great .","In such a crappy part of town to find a good value for lunch , this place is great .",value,1,positive
"In such a crappy part of town to find a good value for $T$ , this place is great .","In such a crappy part of town to find a good value for lunch , this place is great .",lunch,1,positive
"Its not $T$ in a slurry crap , and regular run of the mill food .","Its not curry in a slurry crap , and regular run of the mill food .",curry,0,neutral
"Its not curry in a slurry crap , and regular run of the mill $T$ .","Its not curry in a slurry crap , and regular run of the mill food .",food,0,neutral
"In fact , while leaving the place we saw two people looking at the menu , and I could n't help telling them that the $T$ was horrible .","In fact , while leaving the place we saw two people looking at the menu , and I could n't help telling them that the food was horrible .",food,-1,negative
"In fact , while leaving the place we saw two people looking at the $T$ , and I could n't help telling them that the food was horrible .","In fact , while leaving the place we saw two people looking at the menu , and I could n't help telling them that the food was horrible .",menu,0,neutral
"Even though the restaurant was packed , we were seated promptly and even asked for a $T$ upstairs with no problems .","Even though the restaurant was packed , we were seated promptly and even asked for a table upstairs with no problems .",table,1,positive
"Even though the restaurant was packed , we were $T$ promptly and even asked for a table upstairs with no problems .","Even though the restaurant was packed , we were seated promptly and even asked for a table upstairs with no problems .",seated,1,positive
"If you want Americanized Chinese food with your usual watery , generic $T$ , this is your place .","If you want Americanized Chinese food with your usual watery , generic white sauce , this is your place .",white sauce,-1,negative
"If you want Americanized $T$ with your usual watery , generic white sauce , this is your place .","If you want Americanized Chinese food with your usual watery , generic white sauce , this is your place .",Chinese food,0,neutral
"The $T$ is the soft paratha bread -LRB- unlike the plain bread they use in Calcutta -RRB- , and the stuffing is tandoori styled and very flavorful .","The bread is the soft paratha bread -LRB- unlike the plain bread they use in Calcutta -RRB- , and the stuffing is tandoori styled and very flavorful .",bread,1,positive
"The bread is the soft $T$ -LRB- unlike the plain bread they use in Calcutta -RRB- , and the stuffing is tandoori styled and very flavorful .","The bread is the soft paratha bread -LRB- unlike the plain bread they use in Calcutta -RRB- , and the stuffing is tandoori styled and very flavorful .",paratha bread,1,positive
"The bread is the soft paratha bread -LRB- unlike the plain $T$ they use in Calcutta -RRB- , and the stuffing is tandoori styled and very flavorful .","The bread is the soft paratha bread -LRB- unlike the plain bread they use in Calcutta -RRB- , and the stuffing is tandoori styled and very flavorful .",bread,-1,negative
"The bread is the soft paratha bread -LRB- unlike the plain bread they use in Calcutta -RRB- , and the $T$ is tandoori styled and very flavorful .","The bread is the soft paratha bread -LRB- unlike the plain bread they use in Calcutta -RRB- , and the stuffing is tandoori styled and very flavorful .",stuffing,1,positive
"The bread is the soft paratha bread -LRB- unlike the plain bread they use in Calcutta -RRB- , and the stuffing is $T$ styled and very flavorful .","The bread is the soft paratha bread -LRB- unlike the plain bread they use in Calcutta -RRB- , and the stuffing is tandoori styled and very flavorful .",tandoori,1,positive
"$T$ is friendly , prices are good - delivery time was a little slow , but for the way this pizza tastes , I 'm willing to overlook it .","Service is friendly , prices are good - delivery time was a little slow , but for the way this pizza tastes , I 'm willing to overlook it .",Service,1,positive
"Service is friendly , $T$ are good - delivery time was a little slow , but for the way this pizza tastes , I 'm willing to overlook it .","Service is friendly , prices are good - delivery time was a little slow , but for the way this pizza tastes , I 'm willing to overlook it .",prices,1,positive
"Service is friendly , prices are good - $T$ was a little slow , but for the way this pizza tastes , I 'm willing to overlook it .","Service is friendly , prices are good - delivery time was a little slow , but for the way this pizza tastes , I 'm willing to overlook it .",delivery time,-1,negative
"Service is friendly , prices are good - delivery time was a little slow , but for the way this $T$ tastes , I 'm willing to overlook it .","Service is friendly , prices are good - delivery time was a little slow , but for the way this pizza tastes , I 'm willing to overlook it .",pizza,1,positive
The food can get pricey but the prixe fixe tasting menu is the greatest $T$ for a good price and they cater the food to any food allergies or food you do n't like .,The food can get pricey but the prixe fixe tasting menu is the greatest food for a good price and they cater the food to any food allergies or food you do n't like .,food,1,positive
The food can get pricey but the prixe fixe tasting menu is the greatest food for a good $T$ and they cater the food to any food allergies or food you do n't like .,The food can get pricey but the prixe fixe tasting menu is the greatest food for a good price and they cater the food to any food allergies or food you do n't like .,price,1,positive
The food can get pricey but the prixe fixe tasting menu is the greatest food for a good price and they cater the $T$ to any food allergies or food you do n't like .,The food can get pricey but the prixe fixe tasting menu is the greatest food for a good price and they cater the food to any food allergies or food you do n't like .,food,1,positive
The food can get pricey but the prixe fixe tasting menu is the greatest food for a good price and they cater the food to any $T$ allergies or food you do n't like .,The food can get pricey but the prixe fixe tasting menu is the greatest food for a good price and they cater the food to any food allergies or food you do n't like .,food,0,neutral
The food can get pricey but the prixe fixe tasting menu is the greatest food for a good price and they cater the food to any food allergies or $T$ you do n't like .,The food can get pricey but the prixe fixe tasting menu is the greatest food for a good price and they cater the food to any food allergies or food you do n't like .,food,-1,negative
"The $T$ is excellent , the decor is great , and the food is delicious and comes in large portions .","The service is excellent , the decor is great , and the food is delicious and comes in large portions .",service,1,positive
"The service is excellent , the $T$ is great , and the food is delicious and comes in large portions .","The service is excellent , the decor is great , and the food is delicious and comes in large portions .",decor,1,positive
"The service is excellent , the decor is great , and the $T$ is delicious and comes in large portions .","The service is excellent , the decor is great , and the food is delicious and comes in large portions .",food,1,positive
"The service is excellent , the decor is great , and the food is delicious and comes in large $T$ .","The service is excellent , the decor is great , and the food is delicious and comes in large portions .",portions,1,positive
An excellent $T$,An excellent service,service,1,positive
"The $T$ however , is what one might expect .","The food however , is what one might expect .",food,0,neutral
I LOVE their $T$ is the MUST !,I LOVE their Thai noodles with shrimp and chicken and coconut juice is the MUST !,Thai noodles with shrimp and chicken and coconut juice,1,positive
The $T$ was really good .,The pizza was really good .,pizza,1,positive
"The only possible drawback to this last point is that as of the date of this posting , the additional $T$ are only written in Chinese .","The only possible drawback to this last point is that as of the date of this posting , the additional menu items are only written in Chinese .",menu items,-1,negative
"$T$ is average , and I would say even the chain restaurant Baluchi 's tastes better .","Food is average , and I would say even the chain restaurant Baluchi 's tastes better .",Food,0,neutral
The $T$ is small and cramped but the food is fantastic .,The place is small and cramped but the food is fantastic .,place,-1,negative
The place is small and cramped but the $T$ is fantastic .,The place is small and cramped but the food is fantastic .,food,1,positive
The $T$ is tasty and portion sizes are appropriate .,The food is tasty and portion sizes are appropriate .,food,1,positive
The food is tasty and $T$ are appropriate .,The food is tasty and portion sizes are appropriate .,portion sizes,1,positive
$T$ are the perfect compliment for your unforgetable sandwich and they give you plenty of them .,Kosher dills are the perfect compliment for your unforgetable sandwich and they give you plenty of them .,Kosher dills,1,positive
Kosher dills are the perfect compliment for your unforgetable $T$ and they give you plenty of them .,Kosher dills are the perfect compliment for your unforgetable sandwich and they give you plenty of them .,sandwich,1,positive
The entertainment was great they have $T$ that go on through out the dinner .,The entertainment was great they have shows that go on through out the dinner .,shows,1,positive
The entertainment was great they have shows that go on through out the $T$ .,The entertainment was great they have shows that go on through out the dinner .,dinner,0,neutral
The $T$ was great they have shows that go on through out the dinner .,The entertainment was great they have shows that go on through out the dinner .,entertainment,1,positive
The $T$ is so cheap and the waiters are nice .,The food is so cheap and the waiters are nice .,food,1,positive
The food is so cheap and the $T$ are nice .,The food is so cheap and the waiters are nice .,waiters,1,positive
The $T$ there is so good that even to order out the wait is incredible .,The food there is so good that even to order out the wait is incredible .,food,1,positive
The food there is so good that even to order out the $T$ is incredible .,The food there is so good that even to order out the wait is incredible .,wait,-1,negative
The $T$ on my most recent visit was so incredibly rude that I will never go back .,The bartender on my most recent visit was so incredibly rude that I will never go back .,bartender,-1,negative
"Their $T$ , Kamikaze and other Rolls are fresh and well presented .","Their sushi , Kamikaze and other Rolls are fresh and well presented .",sushi,1,positive
"Their sushi , $T$ and other Rolls are fresh and well presented .","Their sushi , Kamikaze and other Rolls are fresh and well presented .",Kamikaze,1,positive
"Their sushi , Kamikaze and other $T$ are fresh and well presented .","Their sushi , Kamikaze and other Rolls are fresh and well presented .",Rolls,1,positive
"For authentic $T$ , look no further than Toons .","For authentic Thai food , look no further than Toons .",Thai food,1,positive
"The highlight of the night was the $T$ for my side of fries I received from one of the food runners , which is not good considering the bill was nearly $ 100 .","The highlight of the night was the mayonaisse for my side of fries I received from one of the food runners , which is not good considering the bill was nearly $ 100 .",mayonaisse,-1,negative
"The highlight of the night was the mayonaisse for my side of fries I received from one of the $T$ , which is not good considering the bill was nearly $ 100 .","The highlight of the night was the mayonaisse for my side of fries I received from one of the food runners , which is not good considering the bill was nearly $ 100 .",food runners,0,neutral
"The highlight of the night was the mayonaisse for my side of fries I received from one of the food runners , which is not good considering the $T$ was nearly $ 100 .","The highlight of the night was the mayonaisse for my side of fries I received from one of the food runners , which is not good considering the bill was nearly $ 100 .",bill,-1,negative
"The highlight of the night was the mayonaisse for my side of $T$ I received from one of the food runners , which is not good considering the bill was nearly $ 100 .","The highlight of the night was the mayonaisse for my side of fries I received from one of the food runners , which is not good considering the bill was nearly $ 100 .",fries,-1,negative
"I choose to go with one of the special , the $T$ , which was excellent .","I choose to go with one of the special , the braised lamb shank in red wine , which was excellent .",braised lamb shank in red wine,1,positive
"I choose to go with one of the $T$ , the braised lamb shank in red wine , which was excellent .","I choose to go with one of the special , the braised lamb shank in red wine , which was excellent .",special,1,positive
"If anyones has doubt of not knowing enough about $T$ , please check their wine list .","If anyones has doubt of not knowing enough about wines , please check their wine list .",wines,0,neutral
"If anyones has doubt of not knowing enough about wines , please check their $T$ .","If anyones has doubt of not knowing enough about wines , please check their wine list .",wine list,1,positive
"The only concern i have is with the slighly all-business $T$ who order and throw the food down , rushing you out .","The only concern i have is with the slighly all-business waitstaff who order and throw the food down , rushing you out .",waitstaff,-1,negative
"The only concern i have is with the slighly all-business waitstaff who order and throw the $T$ down , rushing you out .","The only concern i have is with the slighly all-business waitstaff who order and throw the food down , rushing you out .",food,0,neutral
Have the $T$ .,Have the iced tea .,iced tea,1,positive
"Small servings for main entree , i had $T$ -LRB- wasnt impressed -RRB- girlfriend had chicken , it was good .","Small servings for main entree , i had salmon -LRB- wasnt impressed -RRB- girlfriend had chicken , it was good .",salmon,-1,negative
"Small servings for main entree , i had salmon -LRB- wasnt impressed -RRB- girlfriend had $T$ , it was good .","Small servings for main entree , i had salmon -LRB- wasnt impressed -RRB- girlfriend had chicken , it was good .",chicken,1,positive
"Small $T$ for main entree , i had salmon -LRB- wasnt impressed -RRB- girlfriend had chicken , it was good .","Small servings for main entree , i had salmon -LRB- wasnt impressed -RRB- girlfriend had chicken , it was good .",servings,-1,negative
"Small servings for main $T$ , i had salmon -LRB- wasnt impressed -RRB- girlfriend had chicken , it was good .","Small servings for main entree , i had salmon -LRB- wasnt impressed -RRB- girlfriend had chicken , it was good .",entree,-1,negative
you can actually get 2 $T$ worth if u take it home and add it to some lettuce !,you can actually get 2 salads worth if u take it home and add it to some lettuce !,salads,-1,negative
you can actually get 2 salads worth if u take it home and add it to some $T$ !,you can actually get 2 salads worth if u take it home and add it to some lettuce !,lettuce,0,neutral
The $T$ is very romantic and definitely a good place to bring a date .,The ambience is very romantic and definitely a good place to bring a date .,ambience,1,positive
The ambience is very romantic and definitely a good $T$ to bring a date .,The ambience is very romantic and definitely a good place to bring a date .,place,1,positive
"It is far more popular as a $T$ than as a restaurant , with only a few tables and the waiter being the bartender , but we greatly enjoyed the unobtrusive atmosphere .","It is far more popular as a bar than as a restaurant , with only a few tables and the waiter being the bartender , but we greatly enjoyed the unobtrusive atmosphere .",bar,1,positive
"It is far more popular as a bar than as a restaurant , with only a few $T$ and the waiter being the bartender , but we greatly enjoyed the unobtrusive atmosphere .","It is far more popular as a bar than as a restaurant , with only a few tables and the waiter being the bartender , but we greatly enjoyed the unobtrusive atmosphere .",tables,-1,negative
"It is far more popular as a bar than as a restaurant , with only a few tables and the $T$ being the bartender , but we greatly enjoyed the unobtrusive atmosphere .","It is far more popular as a bar than as a restaurant , with only a few tables and the waiter being the bartender , but we greatly enjoyed the unobtrusive atmosphere .",waiter,0,neutral
"It is far more popular as a bar than as a restaurant , with only a few tables and the waiter being the $T$ , but we greatly enjoyed the unobtrusive atmosphere .","It is far more popular as a bar than as a restaurant , with only a few tables and the waiter being the bartender , but we greatly enjoyed the unobtrusive atmosphere .",bartender,0,neutral
"It is far more popular as a bar than as a restaurant , with only a few tables and the waiter being the bartender , but we greatly enjoyed the unobtrusive $T$ .","It is far more popular as a bar than as a restaurant , with only a few tables and the waiter being the bartender , but we greatly enjoyed the unobtrusive atmosphere .",atmosphere,1,positive
"The $T$ is very good for it 's price , better than most fried dumplings I 've had .","The food is very good for it 's price , better than most fried dumplings I 've had .",food,1,positive
"The food is very good for it 's $T$ , better than most fried dumplings I 've had .","The food is very good for it 's price , better than most fried dumplings I 've had .",price,1,positive
"The food is very good for it 's price , better than most $T$ I 've had .","The food is very good for it 's price , better than most fried dumplings I 've had .",fried dumplings,-1,negative
There are much better places in NY with better $T$ .,There are much better places in NY with better prices .,prices,-1,negative
$T$ is top of the line but the rest of the menu is so diverse it gives you a chance to taste so manydifferent varietys .,Obv caviar is top of the line but the rest of the menu is so diverse it gives you a chance to taste so manydifferent varietys .,Obv caviar,1,positive
Obv caviar is top of the line but the rest of the $T$ is so diverse it gives you a chance to taste so manydifferent varietys .,Obv caviar is top of the line but the rest of the menu is so diverse it gives you a chance to taste so manydifferent varietys .,menu,1,positive
I ate here a week ago and found most $T$ average at best and too expensive .,I ate here a week ago and found most dishes average at best and too expensive .,dishes,-1,negative
"Still , try it once , since if you end up loving the $T$ , it could be one of your best dining experiences .","Still , try it once , since if you end up loving the food , it could be one of your best dining experiences .",food,0,neutral
"Still , try it once , since if you end up loving the food , it could be one of your best $T$ .","Still , try it once , since if you end up loving the food , it could be one of your best dining experiences .",dining experiences,1,positive
I 've waited over one hour for $T$ .,I 've waited over one hour for food .,food,0,neutral
"Other guests enjoyed $T$ , santa fe chopped salad and fish and chips .","Other guests enjoyed pizza , santa fe chopped salad and fish and chips .",pizza,1,positive
"Other guests enjoyed pizza , $T$ and fish and chips .","Other guests enjoyed pizza , santa fe chopped salad and fish and chips .",santa fe chopped salad,1,positive
"Other guests enjoyed pizza , santa fe chopped salad and $T$ .","Other guests enjoyed pizza , santa fe chopped salad and fish and chips .",fish and chips,1,positive
The $T$ is very calm and quiet .,The ambience is very calm and quiet .,ambience,1,positive
"Both times I was extremely dissappointed by the $T$ , which was boarderline rude .","Both times I was extremely dissappointed by the service , which was boarderline rude .",service,-1,negative
"not only does make the best $T$ in NY , maybe anywhere .","not only does make the best pizza in NY , maybe anywhere .",pizza,1,positive
The spicy $T$ is huge and probably the best that I 've had at this price range .,The spicy Tuna roll is huge and probably the best that I 've had at this price range .,Tuna roll,1,positive
The spicy Tuna roll is huge and probably the best that I 've had at this $T$ .,The spicy Tuna roll is huge and probably the best that I 've had at this price range .,price range,1,positive
$T$ and quality of fish alone will keep us from making a return visit .,Price and quality of fish alone will keep us from making a return visit .,Price,-1,negative
Price and quality of $T$ alone will keep us from making a return visit .,Price and quality of fish alone will keep us from making a return visit .,fish,-1,negative
Price and $T$ of fish alone will keep us from making a return visit .,Price and quality of fish alone will keep us from making a return visit .,quality,-1,negative
Our $T$ and all of the people helping him were attentive and genuine .,Our waiter and all of the people helping him were attentive and genuine .,waiter,1,positive
The $T$ is a BISTRO which means : simple dishes and wine served efficiently in a bustling atmosphere .,The place is a BISTRO which means : simple dishes and wine served efficiently in a bustling atmosphere .,place,1,positive
The place is a BISTRO which means : simple $T$ and wine served efficiently in a bustling atmosphere .,The place is a BISTRO which means : simple dishes and wine served efficiently in a bustling atmosphere .,dishes,1,positive
The place is a BISTRO which means : simple dishes and $T$ served efficiently in a bustling atmosphere .,The place is a BISTRO which means : simple dishes and wine served efficiently in a bustling atmosphere .,wine,1,positive
The place is a BISTRO which means : simple dishes and wine served efficiently in a bustling $T$ .,The place is a BISTRO which means : simple dishes and wine served efficiently in a bustling atmosphere .,atmosphere,1,positive
The place is a BISTRO which means : simple dishes and wine $T$ efficiently in a bustling atmosphere .,The place is a BISTRO which means : simple dishes and wine served efficiently in a bustling atmosphere .,served,1,positive
This is one of the best $T$ places in the city .,This is one of the best comfort food places in the city .,comfort food,1,positive
"Overall , the $T$ and technique are there and I am encouraged enough to return at lunch or dinner to see whether the boldness of the flavour palette improves .","Overall , the ingredients and technique are there and I am encouraged enough to return at lunch or dinner to see whether the boldness of the flavour palette improves .",ingredients,1,positive
"Overall , the ingredients and $T$ are there and I am encouraged enough to return at lunch or dinner to see whether the boldness of the flavour palette improves .","Overall , the ingredients and technique are there and I am encouraged enough to return at lunch or dinner to see whether the boldness of the flavour palette improves .",technique,1,positive
"Overall , the ingredients and technique are there and I am encouraged enough to return at $T$ or dinner to see whether the boldness of the flavour palette improves .","Overall , the ingredients and technique are there and I am encouraged enough to return at lunch or dinner to see whether the boldness of the flavour palette improves .",lunch,0,neutral
"Overall , the ingredients and technique are there and I am encouraged enough to return at lunch or $T$ to see whether the boldness of the flavour palette improves .","Overall , the ingredients and technique are there and I am encouraged enough to return at lunch or dinner to see whether the boldness of the flavour palette improves .",dinner,0,neutral
I had a huge $T$ on a roll .,I had a huge pastrami sandwich on a roll .,pastrami sandwich,1,positive
"Though you will undoubtedly be seated at a $T$ with what seems like barely enough room -LRB- no matter what the size of your party -RRB- , the warm atomosphere is worth the cramped quarters - you 'll have fun and forgot about the tight spot you 're in .","Though you will undoubtedly be seated at a table with what seems like barely enough room -LRB- no matter what the size of your party -RRB- , the warm atomosphere is worth the cramped quarters - you 'll have fun and forgot about the tight spot you 're in .",table,-1,negative
"Though you will undoubtedly be seated at a table with what seems like barely enough room -LRB- no matter what the size of your party -RRB- , the warm $T$ is worth the cramped quarters - you 'll have fun and forgot about the tight spot you 're in .","Though you will undoubtedly be seated at a table with what seems like barely enough room -LRB- no matter what the size of your party -RRB- , the warm atomosphere is worth the cramped quarters - you 'll have fun and forgot about the tight spot you 're in .",atomosphere,1,positive
"Though you will undoubtedly be seated at a table with what seems like barely enough $T$ -LRB- no matter what the size of your party -RRB- , the warm atomosphere is worth the cramped quarters - you 'll have fun and forgot about the tight spot you 're in .","Though you will undoubtedly be seated at a table with what seems like barely enough room -LRB- no matter what the size of your party -RRB- , the warm atomosphere is worth the cramped quarters - you 'll have fun and forgot about the tight spot you 're in .",room,-1,negative
"Though you will undoubtedly be seated at a table with what seems like barely enough room -LRB- no matter what the size of your party -RRB- , the warm atomosphere is worth the cramped quarters - you 'll have fun and forgot about the tight $T$ you 're in .","Though you will undoubtedly be seated at a table with what seems like barely enough room -LRB- no matter what the size of your party -RRB- , the warm atomosphere is worth the cramped quarters - you 'll have fun and forgot about the tight spot you 're in .",spot,-1,negative
The $T$ was not fresh and the rice tasted old and stale .,The fish was not fresh and the rice tasted old and stale .,fish,-1,negative
The fish was not fresh and the $T$ tasted old and stale .,The fish was not fresh and the rice tasted old and stale .,rice,-1,negative
"Considering their $T$ of $ 6.25 for lunch special , the dish was ridiculously small .","Considering their price of $ 6.25 for lunch special , the dish was ridiculously small .",price,-1,negative
"Considering their price of $ 6.25 for lunch special , the $T$ was ridiculously small .","Considering their price of $ 6.25 for lunch special , the dish was ridiculously small .",dish,-1,negative
"Considering their price of $ 6.25 for $T$ l , the dish was ridiculously small .","Considering their price of $ 6.25 for lunch specia l , the dish was ridiculously small .",lunch specia,-1,negative
This is the pinnacle of $T$ -LRB- all fast foods in my opinion -RRB- .,This is the pinnacle of Indian Fast Food -LRB- all fast foods in my opinion -RRB- .,Indian Fast Food,1,positive
"Besides , when you have bad $T$ , that 's less money you have to tip .","Besides , when you have bad service , that 's less money you have to tip .",service,-1,negative
"Besides , when you have bad service , that 's less $T$ you have to tip .","Besides , when you have bad service , that 's less money you have to tip .",money,-1,negative
"Besides , when you have bad service , that 's less money you have to $T$ .","Besides , when you have bad service , that 's less money you have to tip .",tip,-1,negative
The $T$ is also really nice .,The wine list is also really nice .,wine list,1,positive
"$T$ was devine , oysters where a sensual as they come , and the price ca n't be beat !!!","Service was devine , oysters where a sensual as they come , and the price ca n't be beat !!!",Service,1,positive
"Service was devine , $T$ where a sensual as they come , and the price ca n't be beat !!!","Service was devine , oysters where a sensual as they come , and the price ca n't be beat !!!",oysters,1,positive
"Service was devine , oysters where a sensual as they come , and the $T$ ca n't be beat !!!","Service was devine , oysters where a sensual as they come , and the price ca n't be beat !!!",price,1,positive
"Compared to Ess-a , Tal offers a less doughy $T$ !","Compared to Ess-a , Tal offers a less doughy bagel !",bagel,-1,negative
Ballato 's is consistently delicious authentic $T$ .,Ballato 's is consistently delicious authentic italian food .,italian food,1,positive
"The $T$ was attentive , yet discreet .","The service was attentive , yet discreet .",service,1,positive
For those $T$ and the dressed up atmosphere you expect more and should get more .,For those prices and the dressed up atmosphere you expect more and should get more .,prices,-1,negative
For those prices and the dressed up $T$ you expect more and should get more .,For those prices and the dressed up atmosphere you expect more and should get more .,atmosphere,-1,negative
They offer the same $T$ but have creative drinks that are loaded with alcohol and cheeky names -- but they do cost you .,They offer the same menu but have creative drinks that are loaded with alcohol and cheeky names -- but they do cost you .,menu,0,neutral
They offer the same menu but have creative $T$ that are loaded with alcohol and cheeky names -- but they do cost you .,They offer the same menu but have creative drinks that are loaded with alcohol and cheeky names -- but they do cost you .,drinks,1,positive
We went to eat at the Jekyll and Hyde restaurant on Friday night and really enjoyed the fun $T$ and good food .,We went to eat at the Jekyll and Hyde restaurant on Friday night and really enjoyed the fun atmosphere and good food .,atmosphere,1,positive
We went to eat at the Jekyll and Hyde restaurant on Friday night and really enjoyed the fun atmosphere and good $T$ .,We went to eat at the Jekyll and Hyde restaurant on Friday night and really enjoyed the fun atmosphere and good food .,food,1,positive
The $T$ was pretty tradional but it was hot and good with large portions .,The food was pretty tradional but it was hot and good with large portions .,food,1,positive
The food was pretty tradional but it was hot and good with large $T$ .,The food was pretty tradional but it was hot and good with large portions .,portions,1,positive
"Unless you are eating in the Pizzeria side of this $T$ , and are not in a rush , this place is a bad idea .","Unless you are eating in the Pizzeria side of this place , and are not in a rush , this place is a bad idea .",place,-1,negative
"Unless you are eating in the Pizzeria side of this place , and are not in a rush , this $T$ is a bad idea .","Unless you are eating in the Pizzeria side of this place , and are not in a rush , this place is a bad idea .",place,-1,negative
You have to increase the $T$ a lot .,You have to increase the service a lot .,service,-1,negative
$T$ is barely romantic but management tries .,Ambiance is barely romantic but management tries .,Ambiance,-1,negative
Ambiance is barely romantic but $T$ tries .,Ambiance is barely romantic but management tries .,management,1,positive
"I must warn the reader that the $T$ sizes are very small -LRB- especially the appetizers -RRB- , so if you plan to eat until you are full and do not intend to order the chef 's special tasting menu , prepare to order and pay for an appetizer -LRB- 1 dish for each person because the portions are not for sharing -RRB- , a main entree , and the cold udon at the end of the meal .","I must warn the reader that the portions sizes are very small -LRB- especially the appetizers -RRB- , so if you plan to eat until you are full and do not intend to order the chef 's special tasting menu , prepare to order and pay for an appetizer -LRB- 1 dish for each person because the portions are not for sharing -RRB- , a main entree , and the cold udon at the end of the meal .",portions,-1,negative
"I must warn the reader that the portions sizes are very small -LRB- especially the $T$ -RRB- , so if you plan to eat until you are full and do not intend to order the chef 's special tasting menu , prepare to order and pay for an appetizer -LRB- 1 dish for each person because the portions are not for sharing -RRB- , a main entree , and the cold udon at the end of the meal .","I must warn the reader that the portions sizes are very small -LRB- especially the appetizers -RRB- , so if you plan to eat until you are full and do not intend to order the chef 's special tasting menu , prepare to order and pay for an appetizer -LRB- 1 dish for each person because the portions are not for sharing -RRB- , a main entree , and the cold udon at the end of the meal .",appetizers,-1,negative
"I must warn the reader that the portions sizes are very small -LRB- especially the appetizers -RRB- , so if you plan to eat until you are full and do not intend to order the chef 's special tasting menu , prepare to order and pay for an $T$ -LRB- 1 dish for each person because the portions are not for sharing -RRB- , a main entree , and the cold udon at the end of the meal .","I must warn the reader that the portions sizes are very small -LRB- especially the appetizers -RRB- , so if you plan to eat until you are full and do not intend to order the chef 's special tasting menu , prepare to order and pay for an appetizer -LRB- 1 dish for each person because the portions are not for sharing -RRB- , a main entree , and the cold udon at the end of the meal .",appetizer,-1,negative
"I must warn the reader that the portions sizes are very small -LRB- especially the appetizers -RRB- , so if you plan to eat until you are full and do not intend to order the chef 's special tasting menu , prepare to order and pay for an appetizer -LRB- 1 dish for each person because the portions are not for sharing -RRB- , a $T$ , and the cold udon at the end of the meal .","I must warn the reader that the portions sizes are very small -LRB- especially the appetizers -RRB- , so if you plan to eat until you are full and do not intend to order the chef 's special tasting menu , prepare to order and pay for an appetizer -LRB- 1 dish for each person because the portions are not for sharing -RRB- , a main entree , and the cold udon at the end of the meal .",main entree,0,neutral
"I must warn the reader that the portions sizes are very small -LRB- especially the appetizers -RRB- , so if you plan to eat until you are full and do not intend to order the chef 's special tasting menu , prepare to order and pay for an appetizer -LRB- 1 dish for each person because the portions are not for sharing -RRB- , a main entree , and the $T$ at the end of the meal .","I must warn the reader that the portions sizes are very small -LRB- especially the appetizers -RRB- , so if you plan to eat until you are full and do not intend to order the chef 's special tasting menu , prepare to order and pay for an appetizer -LRB- 1 dish for each person because the portions are not for sharing -RRB- , a main entree , and the cold udon at the end of the meal .",cold udon,0,neutral
"I must warn the reader that the portions sizes are very small -LRB- especially the appetizers -RRB- , so if you plan to eat until you are full and do not intend to order the $T$ 's special tasting menu , prepare to order and pay for an appetizer -LRB- 1 dish for each person because the portions are not for sharing -RRB- , a main entree , and the cold udon at the end of the meal .","I must warn the reader that the portions sizes are very small -LRB- especially the appetizers -RRB- , so if you plan to eat until you are full and do not intend to order the chef 's special tasting menu , prepare to order and pay for an appetizer -LRB- 1 dish for each person because the portions are not for sharing -RRB- , a main entree , and the cold udon at the end of the meal .",chef,1,positive
"I must warn the reader that the portions sizes are very small -LRB- especially the appetizers -RRB- , so if you plan to eat until you are full and do not intend to order the chef 's special tasting $T$ , prepare to order and pay for an appetizer -LRB- 1 dish for each person because the portions are not for sharing -RRB- , a main entree , and the cold udon at the end of the meal .","I must warn the reader that the portions sizes are very small -LRB- especially the appetizers -RRB- , so if you plan to eat until you are full and do not intend to order the chef 's special tasting menu , prepare to order and pay for an appetizer -LRB- 1 dish for each person because the portions are not for sharing -RRB- , a main entree , and the cold udon at the end of the meal .",menu,1,positive
"I must warn the reader that the portions sizes are very small -LRB- especially the appetizers -RRB- , so if you plan to eat until you are full and do not intend to order the chef 's special tasting menu , prepare to order and pay for an appetizer -LRB- 1 $T$ for each person because the portions are not for sharing -RRB- , a main entree , and the cold udon at the end of the meal .","I must warn the reader that the portions sizes are very small -LRB- especially the appetizers -RRB- , so if you plan to eat until you are full and do not intend to order the chef 's special tasting menu , prepare to order and pay for an appetizer -LRB- 1 dish for each person because the portions are not for sharing -RRB- , a main entree , and the cold udon at the end of the meal .",dish,-1,negative
"I must warn the reader that the portions sizes are very small -LRB- especially the appetizers -RRB- , so if you plan to eat until you are full and do not intend to order the chef 's special tasting menu , prepare to order and pay for an appetizer -LRB- 1 dish for each person because the $T$ are not for sharing -RRB- , a main entree , and the cold udon at the end of the meal .","I must warn the reader that the portions sizes are very small -LRB- especially the appetizers -RRB- , so if you plan to eat until you are full and do not intend to order the chef 's special tasting menu , prepare to order and pay for an appetizer -LRB- 1 dish for each person because the portions are not for sharing -RRB- , a main entree , and the cold udon at the end of the meal .",portions,-1,negative
They were very abrupt with me when I called and actually claimed the $T$ was late because they were out of rice .,They were very abrupt with me when I called and actually claimed the food was late because they were out of rice .,food,-1,negative
They were very abrupt with me when I called and actually claimed the food was late because they were out of $T$ .,They were very abrupt with me when I called and actually claimed the food was late because they were out of rice .,rice,0,neutral
"After we got our $T$ order , I could not believe how small the portions were !","After we got our sashimi order , I could not believe how small the portions were !",sashimi,0,neutral
"After we got our sashimi order , I could not believe how small the $T$ were !","After we got our sashimi order , I could not believe how small the portions were !",portions,-1,negative
"After the $T$ came , we did n't see our waiter for at least 40 MINUTES !","After the main course came , we did n't see our waiter for at least 40 MINUTES !",main course,0,neutral
"After the main course came , we did n't see our $T$ for at least 40 MINUTES !","After the main course came , we did n't see our waiter for at least 40 MINUTES !",waiter,-1,negative
Nothing better than buying a $T$ for $ 3.25 too .,Nothing better than buying a snapple for $ 3.25 too .,snapple,1,positive
"When family came in he gave them $T$ to test their palets , and then ordered for them .","When family came in he gave them apps to test their palets , and then ordered for them .",apps,0,neutral
"$T$ is extraordinary , yet not overbearing , and the decor brings a taste of trendy SoHo into Queens .","Service is extraordinary , yet not overbearing , and the decor brings a taste of trendy SoHo into Queens .",Service,1,positive
"Service is extraordinary , yet not overbearing , and the $T$ brings a taste of trendy SoHo into Queens .","Service is extraordinary , yet not overbearing , and the decor brings a taste of trendy SoHo into Queens .",decor,1,positive
"The $T$ are skimpy , unattractive and drip with grease , and personally I 'd drink popcorn topping before I 'd eat another one of these .","The dosas are skimpy , unattractive and drip with grease , and personally I 'd drink popcorn topping before I 'd eat another one of these .",dosas,-1,negative
"The dosas are skimpy , unattractive and drip with grease , and personally I 'd drink $T$ before I 'd eat another one of these .","The dosas are skimpy , unattractive and drip with grease , and personally I 'd drink popcorn topping before I 'd eat another one of these .",popcorn topping,0,neutral
The $T$ was excellent and the food was delicious .,The service was excellent and the food was delicious .,service,1,positive
The service was excellent and the $T$ was delicious .,The service was excellent and the food was delicious .,food,1,positive
If I wanted to deal with a crappy $T$ and annoying customers I 'd go out in Manhattan .,If I wanted to deal with a crappy scene and annoying customers I 'd go out in Manhattan .,scene,-1,negative
If I wanted to deal with a crappy scene and annoying $T$ I 'd go out in Manhattan .,If I wanted to deal with a crappy scene and annoying customers I 'd go out in Manhattan .,customers,-1,negative
"After a $T$ craving , i checked citysearch and chose to go to Fish based on a previous review and the citysearch info .","After a seafood craving , i checked citysearch and chose to go to Fish based on a previous review and the citysearch info .",seafood,0,neutral
Right off the major deegan you get $T$ from all over the city .,Right off the major deegan you get ladies from all over the city .,ladies,1,positive
Until you realize that their five minutes is meaningless and your $T$ may be anywhere from two to twenty minutes it may be frustrating .,Until you realize that their five minutes is meaningless and your wait may be anywhere from two to twenty minutes it may be frustrating .,wait,-1,negative
"Thalia is a beautiful restaurant with beautiful $T$ you , but the food does n't quite match up .","Thalia is a beautiful restaurant with beautiful people serving you , but the food does n't quite match up .",people serving,1,positive
"Thalia is a beautiful restaurant with beautiful people serving you , but the $T$ does n't quite match up .","Thalia is a beautiful restaurant with beautiful people serving you , but the food does n't quite match up .",food,-1,negative
The $T$ may be unconventional but the dosa batter is definitely authentic and the combinations very tasty .,The fillings may be unconventional but the dosa batter is definitely authentic and the combinations very tasty .,fillings,0,neutral
The fillings may be unconventional but the $T$ is definitely authentic and the combinations very tasty .,The fillings may be unconventional but the dosa batter is definitely authentic and the combinations very tasty .,dosa batter,1,positive
"This is the perfect spot for meeting friends , having $T$ , dinner , pre-theatre or after-theatre drinks !","This is the perfect spot for meeting friends , having lunch , dinner , pre-theatre or after-theatre drinks !",lunch,1,positive
"This is the perfect spot for meeting friends , having lunch , $T$ , pre-theatre or after-theatre drinks !","This is the perfect spot for meeting friends , having lunch , dinner , pre-theatre or after-theatre drinks !",dinner,1,positive
"This is the perfect spot for meeting friends , having lunch , dinner , $T$ !","This is the perfect spot for meeting friends , having lunch , dinner , pre-theatre or after-theatre drinks !",pre-theatre or after-theatre drinks,1,positive
"This is the perfect $T$ for meeting friends , having lunch , dinner , pre-theatre or after-theatre drinks !","This is the perfect spot for meeting friends , having lunch , dinner , pre-theatre or after-theatre drinks !",spot,1,positive
"The $T$ that I ordered was as thin as water and aside from the poorly fried tofu that I ordered in it , they graciously provided me with ONE piece of poorly cooked potato .","The mussaman curry that I ordered was as thin as water and aside from the poorly fried tofu that I ordered in it , they graciously provided me with ONE piece of poorly cooked potato .",mussaman curry,-1,negative
"The mussaman curry that I ordered was as thin as water and aside from the poorly $T$ that I ordered in it , they graciously provided me with ONE piece of poorly cooked potato .","The mussaman curry that I ordered was as thin as water and aside from the poorly fried tofu that I ordered in it , they graciously provided me with ONE piece of poorly cooked potato .",fried tofu,-1,negative
"The mussaman curry that I ordered was as thin as water and aside from the poorly fried tofu that I ordered in it , they graciously provided me with ONE piece of poorly cooked $T$ .","The mussaman curry that I ordered was as thin as water and aside from the poorly fried tofu that I ordered in it , they graciously provided me with ONE piece of poorly cooked potato .",potato,-1,negative
Had a late night $T$ on a Saturday night .,Had a late night dinner on a Saturday night .,dinner,0,neutral
A restaurant that does n't try to do anything except serve great $T$ with great service in a pleasant atmosphere .,A restaurant that does n't try to do anything except serve great food with great service in a pleasant atmosphere .,food,1,positive
A restaurant that does n't try to do anything except serve great food with great $T$ in a pleasant atmosphere .,A restaurant that does n't try to do anything except serve great food with great service in a pleasant atmosphere .,service,1,positive
A restaurant that does n't try to do anything except serve great food with great service in a pleasant $T$ .,A restaurant that does n't try to do anything except serve great food with great service in a pleasant atmosphere .,atmosphere,1,positive
Their $T$ is wonderful .,Their sake martini is wonderful .,sake martini,1,positive
"Well , this $T$ is so Ghetto its not even funny .","Well , this place is so Ghetto its not even funny .",place,-1,negative
Once they ran out of $T$ and made it for me from scratch !,Once they ran out of Gnochi and made it for me from scratch !,Gnochi,0,neutral
We would like to thank Marcelo and Grace for a wonderful $T$ experience !!!,We would like to thank Marcelo and Grace for a wonderful dining experience !!!,dining,1,positive
"Found $T$ above average , but that could be because we were 13 of us .","Found service above average , but that could be because we were 13 of us .",service,1,positive
"$T$ are ok , but be sure not to make any special requests !","Bagels are ok , but be sure not to make any special requests !",Bagels,0,neutral
fine dining restaurant $T$ .,fine dining restaurant quality .,quality,1,positive
Overall a disappointing experience for that $T$ category .,Overall a disappointing experience for that price category .,price,-1,negative
"I 've had the $T$ at Chennai a couple of times , when I have been in the neighborhood .","I 've had the lunch buffet at Chennai a couple of times , when I have been in the neighborhood .",lunch buffet,0,neutral
The $T$ was exceptional .,The food was exceptional .,food,1,positive
A Thai restaurant out of $T$ during dinner ?,A Thai restaurant out of rice during dinner ?,rice,0,neutral
A Thai restaurant out of rice during $T$ ?,A Thai restaurant out of rice during dinner ?,dinner,0,neutral
The $T$ are small but being that the food was so good makes up for that .,The portions are small but being that the food was so good makes up for that .,portions,-1,negative
The portions are small but being that the $T$ was so good makes up for that .,The portions are small but being that the food was so good makes up for that .,food,1,positive
-LRB- and I have eaten my share -RRB- Which impresses me for having such a large amount of people to $T$ .,-LRB- and I have eaten my share -RRB- Which impresses me for having such a large amount of people to serve .,serve,1,positive
"Sure , the $T$ is nice .","Sure , the setting is nice .",setting,1,positive
"The $T$ is friendly , if not the most prompt in the world , the food is great , and the prices , while not cheap , wo n't put your wallet out of commission .","The service is friendly , if not the most prompt in the world , the food is great , and the prices , while not cheap , wo n't put your wallet out of commission .",service,1,positive
"The service is friendly , if not the most prompt in the world , the $T$ is great , and the prices , while not cheap , wo n't put your wallet out of commission .","The service is friendly , if not the most prompt in the world , the food is great , and the prices , while not cheap , wo n't put your wallet out of commission .",food,1,positive
"Had 1 $T$ , 2 entrees and 2 cokes and the bill was ~ $ 55.00 , not including tip .","Had 1 appetizer , 2 entrees and 2 cokes and the bill was ~ $ 55.00 , not including tip .",appetizer,0,neutral
"Had 1 appetizer , 2 $T$ and 2 cokes and the bill was ~ $ 55.00 , not including tip .","Had 1 appetizer , 2 entrees and 2 cokes and the bill was ~ $ 55.00 , not including tip .",entrees,0,neutral
"Had 1 appetizer , 2 entrees and 2 $T$ and the bill was ~ $ 55.00 , not including tip .","Had 1 appetizer , 2 entrees and 2 cokes and the bill was ~ $ 55.00 , not including tip .",cokes,0,neutral
"Had 1 appetizer , 2 entrees and 2 cokes and the $T$ was ~ $ 55.00 , not including tip .","Had 1 appetizer , 2 entrees and 2 cokes and the bill was ~ $ 55.00 , not including tip .",bill,0,neutral
Best $T$ and sour spicy soup in town !,Best drumsticks over rice and sour spicy soup in town !,drumsticks over rice,1,positive
Best drumsticks over rice and $T$ in town !,Best drumsticks over rice and sour spicy soup in town !,sour spicy soup,1,positive
Slightly above average $T$ start at $ 70 + with only one selection listed at $ 30 + .,Slightly above average wines start at $ 70 + with only one selection listed at $ 30 + .,wines,-1,negative
Their $T$ is excellent -- all whitefish with a little mayo .,Their whitefish salad is excellent -- all whitefish with a little mayo .,whitefish salad,1,positive
Their whitefish salad is excellent -- all $T$ with a little mayo .,Their whitefish salad is excellent -- all whitefish with a little mayo .,whitefish,1,positive
Their whitefish salad is excellent -- all whitefish with a little $T$ .,Their whitefish salad is excellent -- all whitefish with a little mayo .,mayo,1,positive
"And it all comes at a very reasonable $T$ -LRB- congee , noodles , and rice dishes are no more than $ 3-6 each -RRB- .","And it all comes at a very reasonable price -LRB- congee , noodles , and rice dishes are no more than $ 3-6 each -RRB- .",price,1,positive
"And it all comes at a very reasonable price -LRB- $T$ , noodles , and rice dishes are no more than $ 3-6 each -RRB- .","And it all comes at a very reasonable price -LRB- congee , noodles , and rice dishes are no more than $ 3-6 each -RRB- .",congee,0,neutral
"And it all comes at a very reasonable price -LRB- congee , $T$ , and rice dishes are no more than $ 3-6 each -RRB- .","And it all comes at a very reasonable price -LRB- congee , noodles , and rice dishes are no more than $ 3-6 each -RRB- .",noodles,0,neutral
"And it all comes at a very reasonable price -LRB- congee , noodles , and $T$ are no more than $ 3-6 each -RRB- .","And it all comes at a very reasonable price -LRB- congee , noodles , and rice dishes are no more than $ 3-6 each -RRB- .",rice dishes,0,neutral
"The chicken parm was edible but had canned tomato sauce and boxed pasta and the $T$ consisted of dry , inedible chicken with terrible sauce .","The chicken parm was edible but had canned tomato sauce and boxed pasta and the chicken with portobello mushrooms consisted of dry , inedible chicken with terrible sauce .",chicken with portobello mushrooms,-1,negative
"The chicken parm was edible but had canned tomato sauce and boxed pasta and the chicken with portobello mushrooms consisted of dry , inedible $T$ with terrible sauce .","The chicken parm was edible but had canned tomato sauce and boxed pasta and the chicken with portobello mushrooms consisted of dry , inedible chicken with terrible sauce .",chicken,-1,negative
"The chicken parm was edible but had canned $T$ and boxed pasta and the chicken with portobello mushrooms consisted of dry , inedible chicken with terrible sauce .","The chicken parm was edible but had canned tomato sauce and boxed pasta and the chicken with portobello mushrooms consisted of dry , inedible chicken with terrible sauce .",tomato sauce,-1,negative
"The chicken parm was edible but had canned tomato sauce and boxed $T$ and the chicken with portobello mushrooms consisted of dry , inedible chicken with terrible sauce .","The chicken parm was edible but had canned tomato sauce and boxed pasta and the chicken with portobello mushrooms consisted of dry , inedible chicken with terrible sauce .",pasta,-1,negative
"The chicken parm was edible but had canned tomato sauce and boxed pasta and the chicken with portobello mushrooms consisted of dry , inedible chicken with terrible $T$ .","The chicken parm was edible but had canned tomato sauce and boxed pasta and the chicken with portobello mushrooms consisted of dry , inedible chicken with terrible sauce .",sauce,-1,negative
I recommend this place to everyone who asks me where to go for a good $T$ .,I recommend this place to everyone who asks me where to go for a good meal .,meal,1,positive
The $T$ are nice -- also you can just get counter service sit .,The waitresses are nice -- also you can just get counter service sit .,waitresses,1,positive
The waitresses are nice -- also you can just get $T$ sit .,The waitresses are nice -- also you can just get counter service sit .,counter service,1,positive
The only friendly $T$ was the guy at the bar .,The only friendly staff member was the guy at the bar .,staff member,1,positive
The only friendly staff member was the guy at the $T$ .,The only friendly staff member was the guy at the bar .,bar,0,neutral
The only friendly staff member was the $T$ at the bar .,The only friendly staff member was the guy at the bar .,guy,1,positive
"You can certainly find restaurants that offer a superior fine dining experience , but for superb $T$ at reasonable prices , La Villa ca n't be beat .","You can certainly find restaurants that offer a superior fine dining experience , but for superb food at reasonable prices , La Villa ca n't be beat .",food,1,positive
"You can certainly find restaurants that offer a superior fine dining experience , but for superb food at reasonable $T$ , La Villa ca n't be beat .","You can certainly find restaurants that offer a superior fine dining experience , but for superb food at reasonable prices , La Villa ca n't be beat .",prices,1,positive
Wo n't or Ca n't is not in the $T$ directory .,Wo n't or Ca n't is not in the service directory .,service,1,positive
I can not imagine a friendlier $T$ working in a restaurant .,I can not imagine a friendlier staff working in a restaurant .,staff,1,positive
I do suggest to ask to be seated $T$ if you are looking to be a little cozy .,I do suggest to ask to be seated upstairs if you are looking to be a little cozy .,upstairs,1,positive
"The $T$ is weak and tasteless , the pad thai is stuck together and lumpy , the rice is often overcooked , and the seafood is pretty sketchy .","The red curry is weak and tasteless , the pad thai is stuck together and lumpy , the rice is often overcooked , and the seafood is pretty sketchy .",red curry,-1,negative
"The red curry is weak and tasteless , the $T$ is stuck together and lumpy , the rice is often overcooked , and the seafood is pretty sketchy .","The red curry is weak and tasteless , the pad thai is stuck together and lumpy , the rice is often overcooked , and the seafood is pretty sketchy .",pad thai,-1,negative
"The red curry is weak and tasteless , the pad thai is stuck together and lumpy , the $T$ is often overcooked , and the seafood is pretty sketchy .","The red curry is weak and tasteless , the pad thai is stuck together and lumpy , the rice is often overcooked , and the seafood is pretty sketchy .",rice,-1,negative
"The red curry is weak and tasteless , the pad thai is stuck together and lumpy , the rice is often overcooked , and the $T$ is pretty sketchy .","The red curry is weak and tasteless , the pad thai is stuck together and lumpy , the rice is often overcooked , and the seafood is pretty sketchy .",seafood,-1,negative
The $T$ is extensive and can easily hike up an otherwise reasonably priced meal .,The wine list is extensive and can easily hike up an otherwise reasonably priced meal .,wine list,1,positive
The wine list is extensive and can easily hike up an otherwise reasonably priced $T$ .,The wine list is extensive and can easily hike up an otherwise reasonably priced meal .,meal,1,positive
The wine list is extensive and can easily hike up an otherwise reasonably $T$ meal .,The wine list is extensive and can easily hike up an otherwise reasonably priced meal .,priced,1,positive
"$T$ is pretty good , but definitely not great .","Saul is pretty good , but definitely not great .",Saul,0,neutral
"I would recommend Roxy 's for that , but not for their $T$ .","I would recommend Roxy 's for that , but not for their food .",food,-1,negative
We always get a sampling of $T$ and share .,We always get a sampling of appetizers and share .,appetizers,0,neutral
"Overall I was impressed and will return , it 's a great QPR -LRB- Quality to $T$ Ratio -RRB- .","Overall I was impressed and will return , it 's a great QPR -LRB- Quality to Price Ratio -RRB- .",Price,1,positive
"Overall I was impressed and will return , it 's a great QPR -LRB- $T$ to Price Ratio -RRB- .","Overall I was impressed and will return , it 's a great QPR -LRB- Quality to Price Ratio -RRB- .",Quality,1,positive
"It is nearly impossible to get a $T$ , so if you ever have the chance to go here for dinner , DO NOT pass it up .","It is nearly impossible to get a table , so if you ever have the chance to go here for dinner , DO NOT pass it up .",table,-1,negative
"It is nearly impossible to get a table , so if you ever have the chance to go here for $T$ , DO NOT pass it up .","It is nearly impossible to get a table , so if you ever have the chance to go here for dinner , DO NOT pass it up .",dinner,1,positive
Their $T$ is delicious and everything else is fantastic .,Their pad penang is delicious and everything else is fantastic .,pad penang,1,positive
"The puke green walls leave a lot to be desired , but the $T$ is very good .","The puke green walls leave a lot to be desired , but the food is very good .",food,1,positive
"The puke green $T$ leave a lot to be desired , but the food is very good .","The puke green walls leave a lot to be desired , but the food is very good .",walls,-1,negative
"The $T$ are very fresh and pretty inobtrusive , nothing flashy .","The flavors are very fresh and pretty inobtrusive , nothing flashy .",flavors,1,positive
"I like Cafe Noir dont get me wrong , it is jsut that the $T$ who work there are evil and incompetent !!","I like Cafe Noir dont get me wrong , it is jsut that the people who work there are evil and incompetent !!",people,-1,negative
The $T$ was like rubber and the tuna was flavorless not to mention it tasted like it had just been thawed .,The hanger steak was like rubber and the tuna was flavorless not to mention it tasted like it had just been thawed .,hanger steak,-1,negative
The hanger steak was like rubber and the $T$ was flavorless not to mention it tasted like it had just been thawed .,The hanger steak was like rubber and the tuna was flavorless not to mention it tasted like it had just been thawed .,tuna,-1,negative
"Our son loves $T$ and we have a certified Neapolitan pizzaria in our home city -LRB- Seattle -RRB- , we liked this nearly as much - and the differences were more about personal preference than any reflection on either restaurant .","Our son loves pizza and we have a certified Neapolitan pizzaria in our home city -LRB- Seattle -RRB- , we liked this nearly as much - and the differences were more about personal preference than any reflection on either restaurant .",pizza,1,positive
big and soft as well as good $T$ .,big and soft as well as good lunch food .,lunch food,1,positive
"No $T$ snobs allowed , this place is for people who appreciate good food .","No food snobs allowed , this place is for people who appreciate good food .",food,0,neutral
"No food snobs allowed , this place is for people who appreciate good $T$ .","No food snobs allowed , this place is for people who appreciate good food .",food,1,positive
I liked the $T$ at this quasi-thai restaurant .,I liked the food at this quasi-thai restaurant .,food,1,positive
I liked the food at this $T$ restaurant .,I liked the food at this quasi-thai restaurant .,quasi-thai,1,positive
By far the best $T$ I have had in a fast food restaurant .,By far the best salad I have had in a fast food restaurant .,salad,1,positive
By far the best salad I have had in a $T$ restaurant .,By far the best salad I have had in a fast food restaurant .,fast food,0,neutral
"As for the $T$ , this is another bad idea .","As for the bar , this is another bad idea .",bar,-1,negative
"Their bagels are fine , but they are a little overcooked , and not really a ` special ' $T$ experience .","Their bagels are fine , but they are a little overcooked , and not really a ` special ' bagel experience .",bagel,0,neutral
"Unlike HH up the block , this place actually gives you hearty and hot $T$ this town is known for .","Unlike HH up the block , this place actually gives you hearty and hot bagels this town is known for .",bagels,1,positive
The $T$ is elegantly spiced and not at all dry .,The barebecued salmon is elegantly spiced and not at all dry .,barebecued salmon,1,positive
"Same $T$ as the guy who owns Typhoon , which is just down the street on St. Marks and 1st Ave.","Same owner as the guy who owns Typhoon , which is just down the street on St. Marks and 1st Ave.",owner,0,neutral
What generous $T$ !,What generous portions !,portions,1,positive
The $T$ there also absolutely load the bagel with cream cheese -LRB- gets a little messy -RRB- .,The workers there also absolutely load the bagel with cream cheese -LRB- gets a little messy -RRB- .,workers,0,neutral
The workers there also absolutely load the $T$ with cream cheese -LRB- gets a little messy -RRB- .,The workers there also absolutely load the bagel with cream cheese -LRB- gets a little messy -RRB- .,bagel,0,neutral
The workers there also absolutely load the bagel with $T$ -LRB- gets a little messy -RRB- .,The workers there also absolutely load the bagel with cream cheese -LRB- gets a little messy -RRB- .,cream cheese,0,neutral
The $T$ the service was very good too .,The wine the service was very good too .,wine,1,positive
The wine the $T$ was very good too .,The wine the service was very good too .,service,1,positive
"So , the $T$ is written in chalk above your head and it all sounds delicious .","So , the menu is written in chalk above your head and it all sounds delicious .",menu,0,neutral
The highly spiced $T$ was great too .,The highly spiced chai tea was great too .,chai tea,1,positive
"I have been there many times , and $T$ is good and consistent .","I have been there many times , and food is good and consistent .",food,1,positive
"Seriously , this is the best all you can eat in town - As everyone says , the $T$ are the best - have 4 of these , and you 've broken even .","Seriously , this is the best all you can eat in town - As everyone says , the Spicy Tuna hand rolls are the best - have 4 of these , and you 've broken even .",Spicy Tuna hand rolls,1,positive
"While Sapphire is certainly not lacking in ambiance , and probably has the best decor of any Indian restaurant I have been to in New York City , the $T$ was not what I had hoped for .","While Sapphire is certainly not lacking in ambiance , and probably has the best decor of any Indian restaurant I have been to in New York City , the food was not what I had hoped for .",food,-1,negative
"While Sapphire is certainly not lacking in $T$ , and probably has the best decor of any Indian restaurant I have been to in New York City , the food was not what I had hoped for .","While Sapphire is certainly not lacking in ambiance , and probably has the best decor of any Indian restaurant I have been to in New York City , the food was not what I had hoped for .",ambiance,1,positive
"While Sapphire is certainly not lacking in ambiance , and probably has the best $T$ of any Indian restaurant I have been to in New York City , the food was not what I had hoped for .","While Sapphire is certainly not lacking in ambiance , and probably has the best decor of any Indian restaurant I have been to in New York City , the food was not what I had hoped for .",decor,1,positive
I would highly recommend this place to anyone looking for a casual $T$ that whisks you away to the left bank of the river Seine .,I would highly recommend this place to anyone looking for a casual atmosphere that whisks you away to the left bank of the river Seine .,atmosphere,1,positive
The $T$ were only so-so .,The meat dishes were only so-so .,meat dishes,0,neutral
"His wife Tanya , the $T$ , completes the comforting atmosphere by being delightfully warm and gracious .","His wife Tanya , the hostess , completes the comforting atmosphere by being delightfully warm and gracious .",hostess,1,positive
"His wife Tanya , the hostess , completes the comforting $T$ by being delightfully warm and gracious .","His wife Tanya , the hostess , completes the comforting atmosphere by being delightfully warm and gracious .",atmosphere,1,positive
"The $T$ consisted of standard brassiere food , better then places like Balthazar etc. .","The menu consisted of standard brassiere food , better then places like Balthazar etc. .",menu,1,positive
"The menu consisted of standard $T$ , better then places like Balthazar etc. .","The menu consisted of standard brassiere food , better then places like Balthazar etc. .",brassiere food,1,positive
"I have been a longtime fan of Holy Basil in the East Village , and while I do believe their $T$ has slightly slipped in quality , I have been hesitant to be disloyal .","I have been a longtime fan of Holy Basil in the East Village , and while I do believe their food has slightly slipped in quality , I have been hesitant to be disloyal .",food,-1,negative
"I have been a longtime fan of Holy Basil in the East Village , and while I do believe their food has slightly slipped in $T$ , I have been hesitant to be disloyal .","I have been a longtime fan of Holy Basil in the East Village , and while I do believe their food has slightly slipped in quality , I have been hesitant to be disloyal .",quality,-1,negative
"But the best part about LS is the late night $T$ , delightfully free of the BTs .","But the best part about LS is the late night atmosphere , delightfully free of the BTs .",atmosphere,1,positive
We even had a visit from the $T$ who wanted to make sure we were enjoying ourselves .,We even had a visit from the Manager who wanted to make sure we were enjoying ourselves .,Manager,1,positive
The $T$ there is very attentive and down to earth .,The staff there is very attentive and down to earth .,staff,1,positive
"You do n't go to Mizu for excellent $T$ , you go for the large amounts of food , the amiable atmosphere , and the hole-in-the-wall feeling of the place .","You do n't go to Mizu for excellent service , you go for the large amounts of food , the amiable atmosphere , and the hole-in-the-wall feeling of the place .",service,-1,negative
"You do n't go to Mizu for excellent service , you go for the large amounts of $T$ , the amiable atmosphere , and the hole-in-the-wall feeling of the place .","You do n't go to Mizu for excellent service , you go for the large amounts of food , the amiable atmosphere , and the hole-in-the-wall feeling of the place .",food,1,positive
"You do n't go to Mizu for excellent service , you go for the large amounts of food , the amiable $T$ , and the hole-in-the-wall feeling of the place .","You do n't go to Mizu for excellent service , you go for the large amounts of food , the amiable atmosphere , and the hole-in-the-wall feeling of the place .",atmosphere,1,positive
"The $T$ is always bad though , do n't expect much of anything from your server , and I would not recommend bringing a date here either .","The service is always bad though , do n't expect much of anything from your server , and I would not recommend bringing a date here either .",service,-1,negative
"The service is always bad though , do n't expect much of anything from your $T$ , and I would not recommend bringing a date here either .","The service is always bad though , do n't expect much of anything from your server , and I would not recommend bringing a date here either .",server,-1,negative
Monday nights are a bargain at the $ 28 $T$ - this includes a three course meal plus * three * glasses of wine paired with each course .,Monday nights are a bargain at the $ 28 prix fix - this includes a three course meal plus * three * glasses of wine paired with each course .,prix fix,1,positive
Monday nights are a bargain at the $ 28 prix fix - this includes a $T$ plus * three * glasses of wine paired with each course .,Monday nights are a bargain at the $ 28 prix fix - this includes a three course meal plus * three * glasses of wine paired with each course .,three course meal,1,positive
Monday nights are a bargain at the $ 28 prix fix - this includes a three course meal plus * three * $T$ paired with each course .,Monday nights are a bargain at the $ 28 prix fix - this includes a three course meal plus * three * glasses of wine paired with each course .,glasses of wine,1,positive
Monday nights are a bargain at the $ 28 prix fix - this includes a three course meal plus * three * glasses of wine paired with each $T$ .,Monday nights are a bargain at the $ 28 prix fix - this includes a three course meal plus * three * glasses of wine paired with each course .,course,0,neutral
It took them 15 minutes to put $T$ in our glasses .,It took them 15 minutes to put water in our glasses .,water,0,neutral
The $T$ is descent even when this small place is packed .,The service is descent even when this small place is packed .,service,1,positive
The service is descent even when this small $T$ is packed .,The service is descent even when this small place is packed .,place,-1,negative
This is the best $T$ in new york city - hands down .,This is the best sushi in new york city - hands down .,sushi,1,positive
I have eaten a lot of $T$ here .,I have eaten a lot of pizza here .,pizza,0,neutral
Great value for the quality $T$ .,Great value for the quality ingredients .,ingredients,1,positive
"The $T$ was small , thoroughly unremarkable , and $ 14.95 .","The Thali was small , thoroughly unremarkable , and $ 14.95 .",Thali,-1,negative
The $T$ is also great !,The sushi is also great !,sushi,1,positive
From the complimentary $T$ of a delicate butternut squash ravioli in a delicious truffle sauce to an amazing buttery and tender langostine entree to a dessert that I ca n't remember because of the fabulous Cakebread Cabernet we were drinking -- the whole evening was amazing .,From the complimentary chef app of a delicate butternut squash ravioli in a delicious truffle sauce to an amazing buttery and tender langostine entree to a dessert that I ca n't remember because of the fabulous Cakebread Cabernet we were drinking -- the whole evening was amazing .,chef app,1,positive
From the complimentary chef app of a $T$ to an amazing buttery and tender langostine entree to a dessert that I ca n't remember because of the fabulous Cakebread Cabernet we were drinking -- the whole evening was amazing .,From the complimentary chef app of a delicate butternut squash ravioli in a delicious truffle sauce to an amazing buttery and tender langostine entree to a dessert that I ca n't remember because of the fabulous Cakebread Cabernet we were drinking -- the whole evening was amazing .,delicate butternut squash ravioli in a delicious truffle sauce,1,positive
From the complimentary chef app of a delicate butternut squash ravioli in a delicious truffle sauce to an amazing $T$ to a dessert that I ca n't remember because of the fabulous Cakebread Cabernet we were drinking -- the whole evening was amazing .,From the complimentary chef app of a delicate butternut squash ravioli in a delicious truffle sauce to an amazing buttery and tender langostine entree to a dessert that I ca n't remember because of the fabulous Cakebread Cabernet we were drinking -- the whole evening was amazing .,buttery and tender langostine entree,1,positive
From the complimentary chef app of a delicate butternut squash ravioli in a delicious truffle sauce to an amazing buttery and tender langostine entree to a $T$ that I ca n't remember because of the fabulous Cakebread Cabernet we were drinking -- the whole evening was amazing .,From the complimentary chef app of a delicate butternut squash ravioli in a delicious truffle sauce to an amazing buttery and tender langostine entree to a dessert that I ca n't remember because of the fabulous Cakebread Cabernet we were drinking -- the whole evening was amazing .,dessert,0,neutral
From the complimentary chef app of a delicate butternut squash ravioli in a delicious truffle sauce to an amazing buttery and tender langostine entree to a dessert that I ca n't remember because of the fabulous $T$ we were drinking -- the whole evening was amazing .,From the complimentary chef app of a delicate butternut squash ravioli in a delicious truffle sauce to an amazing buttery and tender langostine entree to a dessert that I ca n't remember because of the fabulous Cakebread Cabernet we were drinking -- the whole evening was amazing .,Cakebread Cabernet,1,positive
Truly the mark of an attentive $T$ .,Truly the mark of an attentive waiter .,waiter,1,positive
"The $T$ here is rather good , but only if you like to wait for it .","The food here is rather good , but only if you like to wait for it .",food,1,positive
I got an excellent piece of $T$ and we had several other nice pastries .,I got an excellent piece of cheesecake and we had several other nice pastries .,cheesecake,1,positive
I got an excellent piece of cheesecake and we had several other nice $T$ .,I got an excellent piece of cheesecake and we had several other nice pastries .,pastries,1,positive
"The $T$ is very kind and well trained , they 're fast , they are always prompt to jump behind the bar and fix drinks , they know details of every item in the menu and make excelent recomendations .","The staff is very kind and well trained , they 're fast , they are always prompt to jump behind the bar and fix drinks , they know details of every item in the menu and make excelent recomendations .",staff,1,positive
"The staff is very kind and well trained , they 're fast , they are always prompt to jump behind the $T$ and fix drinks , they know details of every item in the menu and make excelent recomendations .","The staff is very kind and well trained , they 're fast , they are always prompt to jump behind the bar and fix drinks , they know details of every item in the menu and make excelent recomendations .",bar,0,neutral
"The staff is very kind and well trained , they 're fast , they are always prompt to jump behind the bar and fix $T$ , they know details of every item in the menu and make excelent recomendations .","The staff is very kind and well trained , they 're fast , they are always prompt to jump behind the bar and fix drinks , they know details of every item in the menu and make excelent recomendations .",drinks,0,neutral
"The staff is very kind and well trained , they 're fast , they are always prompt to jump behind the bar and fix drinks , they know details of every item in the $T$ and make excelent recomendations .","The staff is very kind and well trained , they 're fast , they are always prompt to jump behind the bar and fix drinks , they know details of every item in the menu and make excelent recomendations .",menu,0,neutral
The $T$ was OK -- the korma was bland .,The makhani was OK -- the korma was bland .,makhani,0,neutral
The makhani was OK -- the $T$ was bland .,The makhani was OK -- the korma was bland .,korma,-1,negative
The $T$ is inventive but still keeps traditional indian flavoring .,The food is inventive but still keeps traditional indian flavoring .,food,1,positive
"The $T$ in this place is very diner-ish and the kind of place you expect in the East Village - not romantic , just simple , small and sparse .","The decor in this place is very diner-ish and the kind of place you expect in the East Village - not romantic , just simple , small and sparse .",decor,1,positive
"The decor in this place is very diner-ish and the kind of $T$ you expect in the East Village - not romantic , just simple , small and sparse .","The decor in this place is very diner-ish and the kind of place you expect in the East Village - not romantic , just simple , small and sparse .",place,1,positive
This is a cute $T$ and could be good but they need to get their act together .,This is a cute place and could be good but they need to get their act together .,place,1,positive
The $T$ is always fresh too .,The lox is always fresh too .,lox,1,positive
$T$ was very friendly .,Service was very friendly .,Service,1,positive
So all I 'm trying to say is this restaurant is by far the best $T$ restaurant I 've ever been to .,So all I 'm trying to say is this restaurant is by far the best thai food restaurant I 've ever been to .,thai food,1,positive
$T$ was OK - fish was cooked well .,Food was OK - fish was cooked well .,Food,0,neutral
Food was OK - $T$ was cooked well .,Food was OK - fish was cooked well .,fish,1,positive
We actually left hungry and went across the street to Wo Hop at 15 Mott street for some good $T$ .,We actually left hungry and went across the street to Wo Hop at 15 Mott street for some good chinese food .,chinese food,1,positive
The duck confit is always amazing and the $T$ was out of this world .,The duck confit is always amazing and the foie gras terrine with figs was out of this world .,foie gras terrine with figs,1,positive
The $T$ is always amazing and the foie gras terrine with figs was out of this world .,The duck confit is always amazing and the foie gras terrine with figs was out of this world .,duck confit,1,positive
"The whole set up is truly unprofessional and I wish Cafe Noir would get some good $T$ , because despite the current one this is a great place .","The whole set up is truly unprofessional and I wish Cafe Noir would get some good staff , because despite the current one this is a great place .",staff,-1,negative
"I have reservations about the all you can eat deal , however -- the $T$ are fairly limited and you can probably order more food than you can eat for less than $ 18 by just going off the menu .","I have reservations about the all you can eat deal , however -- the choices are fairly limited and you can probably order more food than you can eat for less than $ 18 by just going off the menu .",choices,-1,negative
"I have $T$ about the all you can eat deal , however -- the choices are fairly limited and you can probably order more food than you can eat for less than $ 18 by just going off the menu .","I have reservations about the all you can eat deal , however -- the choices are fairly limited and you can probably order more food than you can eat for less than $ 18 by just going off the menu .",reservations,0,neutral
"I have reservations about the all you can eat deal , however -- the choices are fairly limited and you can probably order more $T$ than you can eat for less than $ 18 by just going off the menu .","I have reservations about the all you can eat deal , however -- the choices are fairly limited and you can probably order more food than you can eat for less than $ 18 by just going off the menu .",food,0,neutral
"I have reservations about the all you can eat deal , however -- the choices are fairly limited and you can probably order more food than you can eat for less than $ 18 by just going off the $T$ .","I have reservations about the all you can eat deal , however -- the choices are fairly limited and you can probably order more food than you can eat for less than $ 18 by just going off the menu .",menu,0,neutral
The $T$ offers impeccable service .,The staff offers impeccable service .,staff,1,positive
The staff offers impeccable $T$ .,The staff offers impeccable service .,service,1,positive
We ended our great experience by having $T$ recommended by the waiter .,We ended our great experience by having Gulab Jamun (dessert) recommended by the waiter .,Gulab Jamun (dessert),1,positive
We ended our great experience by having Gulab Jamun -LRB- dessert -RRB- recommended by the $T$ .,We ended our great experience by having Gulab Jamun -LRB- dessert -RRB- recommended by the waiter .,waiter,1,positive
"This place does n't compare with Mamoun 's in terms of $T$ , freshness , value , and consisent quality , but that 's just my opinion .","This place does n't compare with Mamoun 's in terms of price , freshness , value , and consisent quality , but that 's just my opinion .",price,-1,negative
"This place does n't compare with Mamoun 's in terms of price , $T$ , value , and consisent quality , but that 's just my opinion .","This place does n't compare with Mamoun 's in terms of price , freshness , value , and consisent quality , but that 's just my opinion .",freshness,-1,negative
"This place does n't compare with Mamoun 's in terms of price , freshness , $T$ , and consisent quality , but that 's just my opinion .","This place does n't compare with Mamoun 's in terms of price , freshness , value , and consisent quality , but that 's just my opinion .",value,-1,negative
"This place does n't compare with Mamoun 's in terms of price , freshness , value , and consisent $T$ , but that 's just my opinion .","This place does n't compare with Mamoun 's in terms of price , freshness , value , and consisent quality , but that 's just my opinion .",quality,-1,negative
"The $T$ is sleek , modern and playfull and i will return again frequently .","The place is sleek , modern and playfull and i will return again frequently .",place,1,positive
"I have known about this secret for the last 13 years , Emilio -LRB- the Godfather -RRB- has continued to serve $T$ and wine for the gods at mortal prices .","I have known about this secret for the last 13 years , Emilio -LRB- the Godfather -RRB- has continued to serve food and wine for the gods at mortal prices .",food,1,positive
"I have known about this secret for the last 13 years , Emilio -LRB- the Godfather -RRB- has continued to serve food and $T$ for the gods at mortal prices .","I have known about this secret for the last 13 years , Emilio -LRB- the Godfather -RRB- has continued to serve food and wine for the gods at mortal prices .",wine,1,positive
"I have known about this secret for the last 13 years , Emilio -LRB- the Godfather -RRB- has continued to serve food and wine for the gods at mortal $T$ .","I have known about this secret for the last 13 years , Emilio -LRB- the Godfather -RRB- has continued to serve food and wine for the gods at mortal prices .",prices,1,positive
The $T$ as party favors is a cute and sweet touch to a most memorable meal .,The brioche and lollies as party favors is a cute and sweet touch to a most memorable meal .,brioche and lollies,1,positive
The brioche and lollies as party favors is a cute and sweet touch to a most memorable $T$ .,The brioche and lollies as party favors is a cute and sweet touch to a most memorable meal .,meal,1,positive
"After being told that our party of three would be seated in 10 minutes and watching other parties -LRB- multiples of 2 and higher -RRB- seated for 40 minutes , the three of us were squished into a small $T$ .","After being told that our party of three would be seated in 10 minutes and watching other parties -LRB- multiples of 2 and higher -RRB- seated for 40 minutes , the three of us were squished into a small 2-person table .",2-person table,-1,negative
And the $T$ was outragous .,And the bill was outragous .,bill,-1,negative
"The service was attentive , yet unimposing , the $T$ was far better than many notorious restaurants in Midtown and the wine list is extensive and well priced .","The service was attentive , yet unimposing , the food was far better than many notorious restaurants in Midtown and the wine list is extensive and well priced .",food,1,positive
"The service was attentive , yet unimposing , the food was far better than many notorious restaurants in Midtown and the $T$ is extensive and well priced .","The service was attentive , yet unimposing , the food was far better than many notorious restaurants in Midtown and the wine list is extensive and well priced .",wine list,1,positive
"The service was attentive , yet unimposing , the food was far better than many notorious restaurants in Midtown and the wine list is extensive and well $T$ .","The service was attentive , yet unimposing , the food was far better than many notorious restaurants in Midtown and the wine list is extensive and well priced .",priced,1,positive
"Kind , attentive $T$ .","Kind , attentive wait staff .",wait staff,1,positive
$T$ were fantastic .,Salads were fantastic .,Salads,1,positive
The $T$ and employees are friendly and their pizza is fantastic .,The owners and employees are friendly and their pizza is fantastic .,owners,1,positive
The owners and $T$ are friendly and their pizza is fantastic .,The owners and employees are friendly and their pizza is fantastic .,employees,1,positive
The owners and employees are friendly and their $T$ is fantastic .,The owners and employees are friendly and their pizza is fantastic .,pizza,1,positive
"The $T$ is yummy , especially their cooked-to-perfection mussels in spicy tomato sauce and their shoestring crispy fries .","The food is yummy , especially their cooked-to-perfection mussels in spicy tomato sauce and their shoestring crispy fries .",food,1,positive
"The food is yummy , especially their cooked-to-perfection $T$ and their shoestring crispy fries .","The food is yummy , especially their cooked-to-perfection mussels in spicy tomato sauce and their shoestring crispy fries .",mussels in spicy tomato sauce,1,positive
"The food is yummy , especially their cooked-to-perfection mussels in spicy tomato sauce and their shoestring crispy $T$ .","The food is yummy , especially their cooked-to-perfection mussels in spicy tomato sauce and their shoestring crispy fries .",fries,1,positive
The $T$ is authentic Italian - delicious !,The food is authentic Italian - delicious !,food,1,positive
skip $T$ .,skip dessert .,dessert,-1,negative
I complete the total $T$ experience by having it lightly toasted .,I complete the total bagel experience by having it lightly toasted .,bagel,1,positive
It was like the $T$ forgot that they actually worked there and instead wanted to hang out and be cool .,It was like the servers forgot that they actually worked there and instead wanted to hang out and be cool .,servers,-1,negative
The $T$ is good and ambience is good for a date or group outing .,The service is good and ambience is good for a date or group outing .,service,1,positive
The service is good and $T$ is good for a date or group outing .,The service is good and ambience is good for a date or group outing .,ambience,1,positive
A great way to make some money is to buy a $T$ from Costco and sell it right outside for only $ 2.50 .,A great way to make some money is to buy a case of snapple from Costco and sell it right outside for only $ 2.50 .,case of snapple,0,neutral
It 's all about the $T$ !!,It 's all about the food !!,food,1,positive
Fast $T$ .,Fast service .,service,1,positive
"The $T$ is excellent , specjal : that girl behind the bar , european chic .","The staff is excellent , specjal : that girl behind the bar , european chic .",staff,1,positive
"The staff is excellent , specjal : that girl behind the $T$ , european chic .","The staff is excellent , specjal : that girl behind the bar , european chic .",bar,0,neutral
"stick with the $T$ , beef , and lamb dishes .","stick with the chicken , beef , and lamb dishes .",chicken,1,positive
"stick with the chicken , $T$ , and lamb dishes .","stick with the chicken , beef , and lamb dishes .",beef,1,positive
"stick with the chicken , beef , and $T$ .","stick with the chicken , beef , and lamb dishes .",lamb dishes,1,positive
"The $T$ was bad , the food took to forever to come , we sat on the upper level .","The service was bad , the food took to forever to come , we sat on the upper level .",service,-1,negative
"The service was bad , the $T$ took to forever to come , we sat on the upper level .","The service was bad , the food took to forever to come , we sat on the upper level .",food,-1,negative
"We a menu that rearely changes , e xcept for one or two specials , the $T$ and care they put in thier food in evident .","We a menu that rearely changes , e xcept for one or two specials , the quality and care they put in thier food in evident .",quality,1,positive
"We a menu that rearely changes , e xcept for one or two specials , the quality and $T$ they put in thier food in evident .","We a menu that rearely changes , e xcept for one or two specials , the quality and care they put in thier food in evident .",care,1,positive
"We a menu that rearely changes , e xcept for one or two specials , the quality and care they put in thier $T$ in evident .","We a menu that rearely changes , e xcept for one or two specials , the quality and care they put in thier food in evident .",food,1,positive
"We a menu that rearely changes , e xcept for one or two $T$ , the quality and care they put in thier food in evident .","We a menu that rearely changes , e xcept for one or two specials , the quality and care they put in thier food in evident .",specials,0,neutral
This restaurant is a wonderful place to go many times and it is reasonably $T$ .,This restaurant is a wonderful place to go many times and it is reasonably priced .,priced,1,positive
"Bottom line : B + for the $T$ , F for the service .","Bottom line : B + for the food , F for the service .",food,1,positive
"Bottom line : B + for the food , F for the $T$ .","Bottom line : B + for the food , F for the service .",service,-1,negative
The only thing the $T$ do n't do for you is wipe your chin when you leave .,The only thing the waiters do n't do for you is wipe your chin when you leave .,waiters,1,positive
"Stick to dimsum , not super overpriced $T$ .","Stick to dimsum , not super overpriced noodles .",noodles,0,neutral
"Stick to $T$ , not super overpriced noodles .","Stick to dimsum , not super overpriced noodles .",dimsum,1,positive
The $T$ is fine and they allow you to enjoy the view .,The service is fine and they allow you to enjoy the view .,service,1,positive
The service is fine and they allow you to enjoy the $T$ .,The service is fine and they allow you to enjoy the view .,view,1,positive
"We , there were four of us , arrived at noon - the place was empty - and the $T$ acted like we were imposing on them and they were very rude .","We , there were four of us , arrived at noon - the place was empty - and the staff acted like we were imposing on them and they were very rude .",staff,-1,negative
delicious simple $T$ in nice outdoor atmosphere .,delicious simple food in nice outdoor atmosphere .,food,1,positive
delicious simple food in nice outdoor $T$ .,delicious simple food in nice outdoor atmosphere .,atmosphere,1,positive
The only fallback on this restaurant is the $T$ .,The only fallback on this restaurant is the prices .,prices,-1,negative
I 've been to Naples 45 for $T$ twice .,I 've been to Naples 45 for dinner twice .,dinner,0,neutral
The hot and sour $T$ was unbearably hot and tasted of only pepper and nothing else .,The hot and sour soup was unbearably hot and tasted of only pepper and nothing else .,soup,-1,negative
The hot and sour soup was unbearably hot and tasted of only $T$ and nothing else .,The hot and sour soup was unbearably hot and tasted of only pepper and nothing else .,pepper,-1,negative
Try $T$ .,Try sushimi cucumber roll .,sushimi cucumber roll,1,positive
The $T$ is delicious .,The food is delicious .,food,1,positive
Their $T$ are a great accompaniment and you can eat like a king with wine for under $ 30 .,Their wines by the glass are a great accompaniment and you can eat like a king with wine for under $ 30 .,wines by the glass,1,positive
Their wines by the glass are a great accompaniment and you can eat like a king with $T$ for under $ 30 .,Their wines by the glass are a great accompaniment and you can eat like a king with wine for under $ 30 .,wine,0,neutral
This $T$ has the the correct ambience and an excellent staff to make you feel like a guest and a friend at the same time .,This place has the the correct ambience and an excellent staff to make you feel like a guest and a friend at the same time .,place,1,positive
This place has the the correct $T$ and an excellent staff to make you feel like a guest and a friend at the same time .,This place has the the correct ambience and an excellent staff to make you feel like a guest and a friend at the same time .,ambience,1,positive
This place has the the correct ambience and an excellent $T$ to make you feel like a guest and a friend at the same time .,This place has the the correct ambience and an excellent staff to make you feel like a guest and a friend at the same time .,staff,1,positive
Yeah Shanghai is also great but not quite as good -- they use the same amount of $T$ but without sweetness to balance out .,Yeah Shanghai is also great but not quite as good -- they use the same amount of salt but without sweetness to balance out .,salt,-1,negative
"believe us , we 've been eating $T$ for over 15 yrs .","believe us , we 've been eating sushi for over 15 yrs .",sushi,0,neutral
The $T$ is much better than Sripraphai -LRB- more modern and sleek -RRB- .,The atmosphere is much better than Sripraphai -LRB- more modern and sleek -RRB- .,atmosphere,1,positive
"The $T$ is outstanding and the service is quick , friendly and very professional .","The food is outstanding and the service is quick , friendly and very professional .",food,1,positive
"The food is outstanding and the $T$ is quick , friendly and very professional .","The food is outstanding and the service is quick , friendly and very professional .",service,1,positive
"The $T$ always warm , soft on the inside , crispy on the outside and enormous in size .","The bagels always warm , soft on the inside , crispy on the outside and enormous in size .",bagels,1,positive
"I had a late $T$ at Lucky Stike , a great name for a joint if ever I saw one .","I had a late dinner at Lucky Stike , a great name for a joint if ever I saw one .",dinner,0,neutral
$T$ is fast and friendly .,Service is fast and friendly .,Service,1,positive
from an English speaking $T$ .,from an English speaking staff .,staff,0,neutral
And they have these home made $T$ at the bar that are the most delicious things in the world !,And they have these home made potato chips at the bar that are the most delicious things in the world !,potato chips,1,positive
And they have these home made potato chips at the $T$ that are the most delicious things in the world !,And they have these home made potato chips at the bar that are the most delicious things in the world !,bar,0,neutral
My husband and I enjoyed each of the 6 taste size $T$ and left completely full .,My husband and I enjoyed each of the 6 taste size portions and left completely full .,portions,1,positive
"I went here with a friend on a whim , we went someplace else first and could n't get a $T$ .","I went here with a friend on a whim , we went someplace else first and could n't get a table .",table,-1,negative
"We all ate $T$ , which were great .","We all ate pasta entre'es , which were great .",pasta entre'es,1,positive
The $T$ was excellent and one of the best I have had -LRB- I tasted the butter intitally but in no way did it overwhelm the flavor of the meat -RRB- .,The steak was excellent and one of the best I have had -LRB- I tasted the butter intitally but in no way did it overwhelm the flavor of the meat -RRB- .,steak,1,positive
The steak was excellent and one of the best I have had -LRB- I tasted the $T$ intitally but in no way did it overwhelm the flavor of the meat -RRB- .,The steak was excellent and one of the best I have had -LRB- I tasted the butter intitally but in no way did it overwhelm the flavor of the meat -RRB- .,butter,-1,negative
The steak was excellent and one of the best I have had -LRB- I tasted the butter intitally but in no way did it overwhelm the $T$ of the meat -RRB- .,The steak was excellent and one of the best I have had -LRB- I tasted the butter intitally but in no way did it overwhelm the flavor of the meat -RRB- .,flavor,0,neutral
The steak was excellent and one of the best I have had -LRB- I tasted the butter intitally but in no way did it overwhelm the flavor of the $T$ -RRB- .,The steak was excellent and one of the best I have had -LRB- I tasted the butter intitally but in no way did it overwhelm the flavor of the meat -RRB- .,meat,1,positive
The $T$ was boring and expensive .,The food was boring and expensive .,food,-1,negative
"The $T$ is pretty and nice for conversation , so a casual lunch here would probably be best .","The ambience is pretty and nice for conversation , so a casual lunch here would probably be best .",ambience,1,positive
"The ambience is pretty and nice for conversation , so a casual $T$ here would probably be best .","The ambience is pretty and nice for conversation , so a casual lunch here would probably be best .",lunch,1,positive
Terrific $T$ full of unique rolls and special dishes .,Terrific menu full of unique rolls and special dishes .,menu,1,positive
Terrific menu full of unique $T$ and special dishes .,Terrific menu full of unique rolls and special dishes .,rolls,1,positive
Terrific menu full of unique rolls and special $T$ .,Terrific menu full of unique rolls and special dishes .,dishes,1,positive
The $T$ is ok but could be better .,The service is ok but could be better .,service,-1,negative
"We love the $T$ , drinks , and atmosphere !","We love the food , drinks , and atmosphere !",food,1,positive
"We love the food , $T$ , and atmosphere !","We love the food , drinks , and atmosphere !",drinks,1,positive
"We love the food , drinks , and $T$ !","We love the food , drinks , and atmosphere !",atmosphere,1,positive
I was here a few weeks back and we had the worst $T$ experience at a restaurant ever .,I was here a few weeks back and we had the worst customer service experience at a restaurant ever .,customer service,-1,negative
"Went on a 3 day oyster binge , with Fish bringing up the closing , and I am so glad this was the $T$ it O trip ended , because it was so great !","Went on a 3 day oyster binge , with Fish bringing up the closing , and I am so glad this was the place it O trip ended , because it was so great !",place,1,positive
"Went on a 3 day $T$ binge , with Fish bringing up the closing , and I am so glad this was the place it O trip ended , because it was so great !","Went on a 3 day oyster binge , with Fish bringing up the closing , and I am so glad this was the place it O trip ended , because it was so great !",oyster,0,neutral
"Went on a 3 day oyster binge , with $T$ bringing up the closing , and I am so glad this was the place it O trip ended , because it was so great !","Went on a 3 day oyster binge , with Fish bringing up the closing , and I am so glad this was the place it O trip ended , because it was so great !",Fish,0,neutral
"Took my mom for Mother 's Day , and the $T$ was pretty rude .","Took my mom for Mother 's Day , and the maitre d' was pretty rude .",maitre d',-1,negative
My husband and I have been there a couple of times and each time we sat at the $T$ -LRB- chef Yoshi -RRB- and ordered everything ala carte .,My husband and I have been there a couple of times and each time we sat at the sushi bar -LRB- chef Yoshi -RRB- and ordered everything ala carte .,sushi bar,0,neutral
My husband and I have been there a couple of times and each time we sat at the sushi bar -LRB- $T$ Yoshi -RRB- and ordered everything ala carte .,My husband and I have been there a couple of times and each time we sat at the sushi bar -LRB- chef Yoshi -RRB- and ordered everything ala carte .,chef,0,neutral
My husband and I have been there a couple of times and each time we sat at the sushi bar -LRB- chef Yoshi -RRB- and ordered everything $T$ .,My husband and I have been there a couple of times and each time we sat at the sushi bar -LRB- chef Yoshi -RRB- and ordered everything ala carte .,ala carte,0,neutral
"The $T$ is very relaxed and cozy , service was great and the food was excellent !","The vibe is very relaxed and cozy , service was great and the food was excellent !",vibe,1,positive
"The vibe is very relaxed and cozy , $T$ was great and the food was excellent !","The vibe is very relaxed and cozy , service was great and the food was excellent !",service,1,positive
"The vibe is very relaxed and cozy , service was great and the $T$ was excellent !","The vibe is very relaxed and cozy , service was great and the food was excellent !",food,1,positive
"If the weather is nice , try to snag an outside $T$ .","If the weather is nice , try to snag an outside table .",table,1,positive
"If you are looking for a good $T$ , cheap eats - this is the place .","If you are looking for a good quality , cheap eats - this is the place .",quality,1,positive
The $T$ was friendly and the atmosphere was casual .,The service was friendly and the atmosphere was casual .,service,1,positive
The service was friendly and the $T$ was casual .,The service was friendly and the atmosphere was casual .,atmosphere,1,positive
When I lived upstate for a while I would buy freeze the $T$ and they would still be better than any else .,When I lived upstate for a while I would buy freeze the bagels and they would still be better than any else .,bagels,0,neutral
"I recommend their $T$ , Pork Chops or Tofu plates .","I recommend their Pad See Ew , Pork Chops or Tofu plates .",Pad See Ew,1,positive
"I recommend their Pad See Ew , $T$ or Tofu plates .","I recommend their Pad See Ew , Pork Chops or Tofu plates .",Pork Chops,1,positive
"I recommend their Pad See Ew , Pork Chops or $T$ .","I recommend their Pad See Ew , Pork Chops or Tofu plates .",Tofu plates,1,positive
Never in my life did I think that I could be satisfied both in $T$ and in quantity for $ 3.00 in NYC .,Never in my life did I think that I could be satisfied both in taste and in quantity for $ 3.00 in NYC .,taste,1,positive
Never in my life did I think that I could be satisfied both in taste and in $T$ for $ 3.00 in NYC .,Never in my life did I think that I could be satisfied both in taste and in quantity for $ 3.00 in NYC .,quantity,1,positive
"this is the best secret place in midtown ' , I heard that from the $T$ , after having brilliant food -LRB- try steak with portobello mushrooms -RRB- and drinks on the bar last Tuesday .","this is the best secret place in midtown ' , I heard that from the bartender , after having brilliant food -LRB- try steak with portobello mushrooms -RRB- and drinks on the bar last Tuesday .",bartender,0,neutral
"this is the best secret place in midtown ' , I heard that from the bartender , after having brilliant $T$ -LRB- try steak with portobello mushrooms -RRB- and drinks on the bar last Tuesday .","this is the best secret place in midtown ' , I heard that from the bartender , after having brilliant food -LRB- try steak with portobello mushrooms -RRB- and drinks on the bar last Tuesday .",food,1,positive
"this is the best secret place in midtown ' , I heard that from the bartender , after having brilliant food -LRB- try steak with portobello mushrooms -RRB- and $T$ on the bar last Tuesday .","this is the best secret place in midtown ' , I heard that from the bartender , after having brilliant food -LRB- try steak with portobello mushrooms -RRB- and drinks on the bar last Tuesday .",drinks,1,positive
"this is the best secret place in midtown ' , I heard that from the bartender , after having brilliant food -LRB- try $T$ -RRB- and drinks on the bar last Tuesday .","this is the best secret place in midtown ' , I heard that from the bartender , after having brilliant food -LRB- try steak with portobello mushrooms -RRB- and drinks on the bar last Tuesday .",steak with portobello mushrooms,1,positive
"this is the best secret place in midtown ' , I heard that from the bartender , after having brilliant food -LRB- try steak with portobello mushrooms -RRB- and drinks on the $T$ last Tuesday .","this is the best secret place in midtown ' , I heard that from the bartender , after having brilliant food -LRB- try steak with portobello mushrooms -RRB- and drinks on the bar last Tuesday .",bar,0,neutral
The $T$ was excellent - friendly and attentive .,The service was excellent - friendly and attentive .,service,1,positive
"The $T$ had an average portion , and was decent overall .","The main course had an average portion , and was decent overall .",main course,1,positive
"The main course had an average $T$ , and was decent overall .","The main course had an average portion , and was decent overall .",portion,0,neutral
20 minutes for our $T$ but it gave us time to have a few cocktails and enjoy our surroundings and each other .,20 minutes for our reservation but it gave us time to have a few cocktails and enjoy our surroundings and each other .,reservation,-1,negative
20 minutes for our reservation but it gave us time to have a few $T$ and enjoy our surroundings and each other .,20 minutes for our reservation but it gave us time to have a few cocktails and enjoy our surroundings and each other .,cocktails,1,positive
20 minutes for our reservation but it gave us time to have a few cocktails and enjoy our $T$ and each other .,20 minutes for our reservation but it gave us time to have a few cocktails and enjoy our surroundings and each other .,surroundings,1,positive
"$T$ is great , very attentive .","Waitstaff is great , very attentive .",Waitstaff,1,positive
The $T$ is diverse and top-notch as well .,The dinner menu is diverse and top-notch as well .,dinner menu,1,positive
IT IS WHAT MODERN $T$ IS ALL ABOUT .,IT IS WHAT MODERN CUISINE IS ALL ABOUT .,CUISINE,1,positive
"I do n't like $T$ too much and this was delicious , however you want to factor that into the equation .","I do n't like Indian food too much and this was delicious , however you want to factor that into the equation .",Indian food,1,positive
"at taj , vegetarians can rejoice-all the $T$ are manna from heaven .","at taj , vegetarians can rejoice-all the dishes are manna from heaven .",dishes,1,positive
I wo n't go back unless someone else is footing the $T$ .,I wo n't go back unless someone else is footing the bill .,bill,-1,negative
"We live in New Jersey and whenever we go into New York City we buy $T$ to eat hot and then to freeze -LRB- they told me that if I call in the order , they 'd bring it out to the car so I would n't have to look for parking -RRB- .","We live in New Jersey and whenever we go into New York City we buy bagels to eat hot and then to freeze -LRB- they told me that if I call in the order , they 'd bring it out to the car so I would n't have to look for parking -RRB- .",bagels,0,neutral
Jimmy 's is hands down the hottest night $T$ in the Bronx .,Jimmy 's is hands down the hottest night spot in the Bronx .,spot,1,positive
And I would have to agree with the masses in terms of $T$ - delivery is their Achilles ' heel .,And I would have to agree with the masses in terms of service - delivery is their Achilles ' heel .,service,-1,negative
And I would have to agree with the masses in terms of service - $T$ is their Achilles ' heel .,And I would have to agree with the masses in terms of service - delivery is their Achilles ' heel .,delivery,-1,negative
"The $ 300 $T$ was a bit steep , but the experience was great .","The $ 300 bill was a bit steep , but the experience was great .",bill,-1,negative
"Nice ambiance , nice little $T$ , good bartender , Francois , and good service .","Nice ambiance , nice little bar , good bartender , Francois , and good service .",bar,1,positive
"Nice ambiance , nice little bar , good $T$ , Francois , and good service .","Nice ambiance , nice little bar , good bartender , Francois , and good service .",bartender,1,positive
"Nice ambiance , nice little bar , good bartender , Francois , and good $T$ .","Nice ambiance , nice little bar , good bartender , Francois , and good service .",service,1,positive
"Nice $T$ , nice little bar , good bartender , Francois , and good service .","Nice ambiance , nice little bar , good bartender , Francois , and good service .",ambiance,1,positive
"The $T$ comes with an incredible sauce , and the duck noodles are yummy as well .","The calamari comes with an incredible sauce , and the duck noodles are yummy as well .",calamari,1,positive
"The calamari comes with an incredible $T$ , and the duck noodles are yummy as well .","The calamari comes with an incredible sauce , and the duck noodles are yummy as well .",sauce,1,positive
"The calamari comes with an incredible sauce , and the $T$ are yummy as well .","The calamari comes with an incredible sauce , and the duck noodles are yummy as well .",duck noodles,1,positive
I would definitely go back -- if only for some of those exotic $T$ on the blackboard .,I would definitely go back -- if only for some of those exotic martinis on the blackboard .,martinis,1,positive
Simple $T$ and what hot and lage portions .,Simple comfort food and what hot and lage portions .,comfort food,1,positive
Simple comfort food and what hot and lage $T$ .,Simple comfort food and what hot and lage portions .,portions,1,positive
"Stay away from the two specialty $T$ on the menu , though - too much avocado and rice will fill you up right quick .","Stay away from the two specialty rolls on the menu , though - too much avocado and rice will fill you up right quick .",rolls,-1,negative
"Stay away from the two specialty rolls on the $T$ , though - too much avocado and rice will fill you up right quick .","Stay away from the two specialty rolls on the menu , though - too much avocado and rice will fill you up right quick .",menu,0,neutral
"Stay away from the two specialty rolls on the menu , though - too much $T$ and rice will fill you up right quick .","Stay away from the two specialty rolls on the menu , though - too much avocado and rice will fill you up right quick .",avocado,-1,negative
"Stay away from the two specialty rolls on the menu , though - too much avocado and $T$ will fill you up right quick .","Stay away from the two specialty rolls on the menu , though - too much avocado and rice will fill you up right quick .",rice,-1,negative
We did n't get $T$ and she did n't even offer us the option of dessert .,We did n't get drink refills and she did n't even offer us the option of dessert .,drink refills,-1,negative
We did n't get drink refills and she did n't even offer us the option of $T$ .,We did n't get drink refills and she did n't even offer us the option of dessert .,dessert,0,neutral
The $T$ are also reasonably priced for NYC .,The bagels are also reasonably priced for NYC .,bagels,1,positive
The bagels are also reasonably $T$ for NYC .,The bagels are also reasonably priced for NYC .,priced,1,positive
"If you can handle that , it 's a great place for a $T$ , fun with friends or simply a table for 2 .","If you can handle that , it 's a great place for a business dinner , fun with friends or simply a table for 2 .",business dinner,1,positive
"If you can handle that , it 's a great place for a business dinner , fun with friends or simply a $T$ for 2 .","If you can handle that , it 's a great place for a business dinner , fun with friends or simply a table for 2 .",table,1,positive
$T$ leaves something to be desired .,Decor leaves something to be desired .,Decor,-1,negative
"Also , specify if you like your $T$ spicy - its rather bland if you do n't .","Also , specify if you like your food spicy - its rather bland if you do n't .",food,0,neutral
"Our $T$ was fine , the place looks nice in that not-trying-too-hard way , but at those prices , a little more should be expected of your food .","Our waiter was fine , the place looks nice in that not-trying-too-hard way , but at those prices , a little more should be expected of your food .",waiter,1,positive
"Our waiter was fine , the $T$ looks nice in that not-trying-too-hard way , but at those prices , a little more should be expected of your food .","Our waiter was fine , the place looks nice in that not-trying-too-hard way , but at those prices , a little more should be expected of your food .",place,1,positive
"Our waiter was fine , the place looks nice in that not-trying-too-hard way , but at those $T$ , a little more should be expected of your food .","Our waiter was fine , the place looks nice in that not-trying-too-hard way , but at those prices , a little more should be expected of your food .",prices,-1,negative
"Our waiter was fine , the place looks nice in that not-trying-too-hard way , but at those prices , a little more should be expected of your $T$ .","Our waiter was fine , the place looks nice in that not-trying-too-hard way , but at those prices , a little more should be expected of your food .",food,-1,negative
Coming from Boston this place is like Emma 's Pizza in Kendall Square in Cambridge -LRB- although they have more funky $T$ ! -RRB-,Coming from Boston this place is like Emma 's Pizza in Kendall Square in Cambridge -LRB- although they have more funky toppings ! -RRB-,toppings,1,positive
"When my husband and go there , we spend $ 60.00 -LRB- have LOBSTER TAILS UMMMMM need I say more -RRB- I ca n't say any more , it a $T$ you 'll never forget If you never go , you 'll miss A Meal of your life time","When my husband and go there , we spend $ 60.00 -LRB- have LOBSTER TAILS UMMMMM need I say more -RRB- I ca n't say any more , it a place you 'll never forget If you never go , you 'll miss A Meal of your life time",place,1,positive
"When my husband and go there , we spend $ 60.00 -LRB- have LOBSTER TAILS UMMMMM need I say more -RRB- I ca n't say any more , it a place you 'll never forget If you never go , you 'll miss A $T$ of your life time","When my husband and go there , we spend $ 60.00 -LRB- have LOBSTER TAILS UMMMMM need I say more -RRB- I ca n't say any more , it a place you 'll never forget If you never go , you 'll miss A Meal of your life time",Meal,1,positive
"When my husband and go there , we spend $ 60.00 -LRB- have $T$ UMMMMM need I say more -RRB- I ca n't say any more , it a place you 'll never forget If you never go , you 'll miss A Meal of your life time","When my husband and go there , we spend $ 60.00 -LRB- have LOBSTER TAILS UMMMMM need I say more -RRB- I ca n't say any more , it a place you 'll never forget If you never go , you 'll miss A Meal of your life time",LOBSTER TAILS,1,positive
"in an effort to increase turnover , the restaurant offers no desserts beyond the complimentary $T$ .","in an effort to increase turnover , the restaurant offers no desserts beyond the complimentary espresso cup filled with chocolate mousse .",espresso cup filled with chocolate mousse,1,positive
"in an effort to increase turnover , the restaurant offers no $T$ beyond the complimentary espresso cup filled with chocolate mousse .","in an effort to increase turnover , the restaurant offers no desserts beyond the complimentary espresso cup filled with chocolate mousse .",desserts,-1,negative
"I 've been to this restaurant more than a dozen times and when I 'm craving for $T$ , Lemon grass chicken or Beef Cube on rice , this is the place to go .","I 've been to this restaurant more than a dozen times and when I 'm craving for Pho , Lemon grass chicken or Beef Cube on rice , this is the place to go .",Pho,1,positive
"I 've been to this restaurant more than a dozen times and when I 'm craving for Pho , $T$ or Beef Cube on rice , this is the place to go .","I 've been to this restaurant more than a dozen times and when I 'm craving for Pho , Lemon grass chicken or Beef Cube on rice , this is the place to go .",Lemon grass chicken,1,positive
"I 've been to this restaurant more than a dozen times and when I 'm craving for Pho , Lemon grass chicken or $T$ , this is the place to go .","I 've been to this restaurant more than a dozen times and when I 'm craving for Pho , Lemon grass chicken or Beef Cube on rice , this is the place to go .",Beef Cube on rice,1,positive
"Oh yes , and if you are a fan of Indian oldies film stars , there are plenty of $T$ of Indian actors and actresses in classic black white that adorn the walls , some of which , I would love to know where they obtained .","Oh yes , and if you are a fan of Indian oldies film stars , there are plenty of portraits of Indian actors and actresses in classic black white that adorn the walls , some of which , I would love to know where they obtained .",portraits,1,positive
"The $T$ is spectacular , from the appitizers to the main course , and then of course the desserts , -LRB- WOW -RRB- you 'll need no more .","The food is spectacular , from the appitizers to the main course , and then of course the desserts , -LRB- WOW -RRB- you 'll need no more .",food,1,positive
"The food is spectacular , from the $T$ to the main course , and then of course the desserts , -LRB- WOW -RRB- you 'll need no more .","The food is spectacular , from the appitizers to the main course , and then of course the desserts , -LRB- WOW -RRB- you 'll need no more .",appitizers,1,positive
"The food is spectacular , from the appitizers to the $T$ , and then of course the desserts , -LRB- WOW -RRB- you 'll need no more .","The food is spectacular , from the appitizers to the main course , and then of course the desserts , -LRB- WOW -RRB- you 'll need no more .",main course,1,positive
"The food is spectacular , from the appitizers to the main course , and then of course the $T$ , -LRB- WOW -RRB- you 'll need no more .","The food is spectacular , from the appitizers to the main course , and then of course the desserts , -LRB- WOW -RRB- you 'll need no more .",desserts,1,positive
My $T$ was delicious in an incredible curry sauce .,My fish was delicious in an incredible curry sauce .,fish,1,positive
My fish was delicious in an incredible $T$ .,My fish was delicious in an incredible curry sauce .,curry sauce,1,positive
If you are in search of the most authentic NYC $T$ experience look no further than the famous and historic Katz 's Deli down on the Lower East Side .,If you are in search of the most authentic NYC deli experience look no further than the famous and historic Katz 's Deli down on the Lower East Side .,deli,1,positive
"Even upon delivery , their juicy $T$ are quite good . .","Even upon delivery , their juicy pork buns are quite good . .",pork buns,1,positive
"Average to good $T$ , but terrible delivery .","Average to good Thai food , but terrible delivery .",Thai food,1,positive
"Average to good Thai food , but terrible $T$ .","Average to good Thai food , but terrible delivery .",delivery,-1,negative
The $T$ is nice but when we order our drink we were in for a surprise .,The space is nice but when we order our drink we were in for a surprise .,space,1,positive
The space is nice but when we order our $T$ we were in for a surprise .,The space is nice but when we order our drink we were in for a surprise .,drink,-1,negative
The entire $T$ and the treatment we received felt as a conveyor belt .,The entire place and the treatment we received felt as a conveyor belt .,place,-1,negative
Joe 's Pizza used to have the best $T$ until this pizzeria opened up .,Joe 's Pizza used to have the best slice until this pizzeria opened up .,slice,1,positive
And they provided a delicious $T$ on the house !,And they provided a delicious dessert on the house !,dessert,1,positive
"They are still living in the dark ages and do not have an answering machine , so if you want to make a $T$ you are limited .","They are still living in the dark ages and do not have an answering machine , so if you want to make a reservation you are limited .",reservation,-1,negative
"The $T$ is amazing , rich pastas and fresh doughy pizza .","The food is amazing , rich pastas and fresh doughy pizza .",food,1,positive
"The food is amazing , rich $T$ and fresh doughy pizza .","The food is amazing , rich pastas and fresh doughy pizza .",pastas,1,positive
"The food is amazing , rich pastas and fresh doughy $T$ .","The food is amazing , rich pastas and fresh doughy pizza .",pizza,1,positive
"$T$ was very good , but not what I would consider out of this world .","Food was very good , but not what I would consider out of this world .",Food,1,positive
I had $T$ it has 2 oz . of Maine Lobster in it .,I had Lobster Bisque it has 2 oz . of Maine Lobster in it .,Lobster Bisque,1,positive
I had Lobster Bisque it has 2 oz . of $T$ in it .,I had Lobster Bisque it has 2 oz . of Maine Lobster in it .,Maine Lobster,1,positive
"Try the $T$ , it 's fabulous and their prices are so cheap !","Try the Pad Thai , it 's fabulous and their prices are so cheap !",Pad Thai,1,positive
"Try the Pad Thai , it 's fabulous and their $T$ are so cheap !","Try the Pad Thai , it 's fabulous and their prices are so cheap !",prices,1,positive
$T$ is great and inexpensive .,Food is great and inexpensive .,Food,1,positive
The $T$ very reasonable .,The price very reasonable .,price,1,positive
"$T$ - ca n't be missed , so save room !!!","Dessert - ca n't be missed , so save room !!!",Dessert,1,positive
"It can be a little confusing as to where one goes to order , but once the $T$ is ordered , you are in for a treat .","It can be a little confusing as to where one goes to order , but once the food is ordered , you are in for a treat .",food,1,positive
$T$ are organic which is a real plus for me .,Ingredients are organic which is a real plus for me .,Ingredients,1,positive
It was so bad I actually refused to pay for my $T$ .,It was so bad I actually refused to pay for my food .,food,-1,negative
I recommend this spot to anyone who enjoys fine $T$ at reasonable prices .,I recommend this spot to anyone who enjoys fine cuisine at reasonable prices .,cuisine,1,positive
I recommend this spot to anyone who enjoys fine cuisine at reasonable $T$ .,I recommend this spot to anyone who enjoys fine cuisine at reasonable prices .,prices,1,positive
"The $T$ was very attentive , the ambience lovely , and the food superb .","The staff was very attentive , the ambience lovely , and the food superb .",staff,1,positive
"The staff was very attentive , the $T$ lovely , and the food superb .","The staff was very attentive , the ambience lovely , and the food superb .",ambience,1,positive
"The staff was very attentive , the ambience lovely , and the $T$ superb .","The staff was very attentive , the ambience lovely , and the food superb .",food,1,positive
"I love when restaurants think using fancy expensive $T$ makes the food fine cuisine , even with no idea how to use them .","I love when restaurants think using fancy expensive ingrediants makes the food fine cuisine , even with no idea how to use them .",ingrediants,1,positive
"I love when restaurants think using fancy expensive ingrediants makes the food fine $T$ , even with no idea how to use them .","I love when restaurants think using fancy expensive ingrediants makes the food fine cuisine , even with no idea how to use them .",cuisine,1,positive
"I love when restaurants think using fancy expensive ingrediants makes the $T$ fine cuisine , even with no idea how to use them .","I love when restaurants think using fancy expensive ingrediants makes the food fine cuisine , even with no idea how to use them .",food,1,positive
THe $T$ and wine were excellent-the service too -- but what really MADE this place was the backyard dining area .,THe Pizza and wine were excellent-the service too -- but what really MADE this place was the backyard dining area .,Pizza,1,positive
THe Pizza and $T$ were excellent-the service too -- but what really MADE this place was the backyard dining area .,THe Pizza and wine were excellent-the service too -- but what really MADE this place was the backyard dining area .,wine,1,positive
THe Pizza and wine were excellent-the $T$ too -- but what really MADE this place was the backyard dining area .,THe Pizza and wine were excellent-the service too -- but what really MADE this place was the backyard dining area .,service,1,positive
THe Pizza and wine were excellent-the service too -- but what really MADE this place was the $T$ .,THe Pizza and wine were excellent-the service too -- but what really MADE this place was the backyard dining area .,backyard dining area,1,positive
"The $T$ are sweet , the food is tasty and the bill is never too large .","The waiters are sweet , the food is tasty and the bill is never too large .",waiters,1,positive
"The waiters are sweet , the $T$ is tasty and the bill is never too large .","The waiters are sweet , the food is tasty and the bill is never too large .",food,1,positive
"The waiters are sweet , the food is tasty and the $T$ is never too large .","The waiters are sweet , the food is tasty and the bill is never too large .",bill,1,positive
"The $T$ was superb , they treat you like family .","The service was superb , they treat you like family .",service,1,positive
"We all had the tasting $T$ and unlike some of the other reviews , I felt there was more than enough food .","We all had the tasting menu and unlike some of the other reviews , I felt there was more than enough food .",menu,1,positive
"We all had the tasting menu and unlike some of the other reviews , I felt there was more than enough $T$ .","We all had the tasting menu and unlike some of the other reviews , I felt there was more than enough food .",food,1,positive
"It only took about five or so minutes to get an empty $T$ , but standing up was n't too bad .","It only took about five or so minutes to get an empty table , but standing up was n't too bad .",table,1,positive
"The $T$ may be small , but everything on it is delicious .","The menu may be small , but everything on it is delicious .",menu,-1,negative
They had scrapped the bottom of the vessel in which they make the $T$ - RESULT - WE HAD LARGE CHUNKS OF BURNT RICE IN OUR SERVING BOWL .,They had scrapped the bottom of the vessel in which they make the rice - RESULT - WE HAD LARGE CHUNKS OF BURNT RICE IN OUR SERVING BOWL .,rice,-1,negative
They had scrapped the bottom of the vessel in which they make the rice - RESULT - WE HAD LARGE CHUNKS OF BURNT $T$ IN OUR SERVING BOWL .,They had scrapped the bottom of the vessel in which they make the rice - RESULT - WE HAD LARGE CHUNKS OF BURNT RICE IN OUR SERVING BOWL .,RICE,-1,negative
"Warm , comfortable $T$ , nice appointments -LRB- witness the etched glass and brickwork separating the dining rooms -RRB- .","Warm , comfortable surroundings , nice appointments -LRB- witness the etched glass and brickwork separating the dining rooms -RRB- .",surroundings,1,positive
"Warm , comfortable surroundings , nice appointments -LRB- witness the etched glass and brickwork separating the $T$ -RRB- .","Warm , comfortable surroundings , nice appointments -LRB- witness the etched glass and brickwork separating the dining rooms -RRB- .",dining rooms,0,neutral
We ran a little late for the $T$ but it was n't a problem to get our table immediately .,We ran a little late for the reservation but it was n't a problem to get our table immediately .,reservation,0,neutral
We ran a little late for the reservation but it was n't a problem to get our $T$ immediately .,We ran a little late for the reservation but it was n't a problem to get our table immediately .,table,1,positive
We arrived on time for our $T$ and seated promptly.The,We arrived on time for our reservation and seated promptly.The,reservation,1,positive
"I would definitely go back for a very special occasion , but not for regular fine $T$ .","I would definitely go back for a very special occasion , but not for regular fine dining .",dining,0,neutral
"The well mannered , pleasant $T$ that Tony has in his employ .","The well mannered , pleasant staff that Tony has in his employ .",staff,1,positive
The $T$ robust and subtle .,The flavors robust and subtle .,flavors,1,positive
"All I can say is $ 2 pints during happy hour and the some of the cheapest $T$ you 'll find in the city , though the quality is some of the best .","All I can say is $ 2 pints during happy hour and the some of the cheapest oysters you 'll find in the city , though the quality is some of the best .",oysters,1,positive
"All I can say is $ 2 pints during happy hour and the some of the cheapest oysters you 'll find in the city , though the $T$ is some of the best .","All I can say is $ 2 pints during happy hour and the some of the cheapest oysters you 'll find in the city , though the quality is some of the best .",quality,1,positive
"I would never wait for a $T$ to eat , it just is not THAT great .","I would never wait for a table to eat , it just is not THAT great .",table,0,neutral
"We concluded with $T$ , both were delicious .","We concluded with tiramisu chocolate cake , both were delicious .",tiramisu chocolate cake,1,positive
The $T$ is bad .,The counter service is bad .,counter service,-1,negative
"$T$ here was great , food was fantastic .","Service here was great , food was fantastic .",Service,1,positive
"Service here was great , $T$ was fantastic .","Service here was great , food was fantastic .",food,1,positive
"This is such a lovely , peaceful $T$ to eat outside .","This is such a lovely , peaceful place to eat outside .",place,1,positive
The $T$ is delicious and the crust is perfect .,The sauce is delicious and the crust is perfect .,sauce,1,positive
The sauce is delicious and the $T$ is perfect .,The sauce is delicious and the crust is perfect .,crust,1,positive
Since my first $T$ I have had the chance to have brunch at Orsay 3x .,Since my first dinner I have had the chance to have brunch at Orsay 3x .,dinner,0,neutral
Since my first dinner I have had the chance to have $T$ at Orsay 3x .,Since my first dinner I have had the chance to have brunch at Orsay 3x .,brunch,0,neutral
"You will pay a lot for the $T$ , but the food is no better or worse than a lot of other Chinese and Asian fusion places in NY .","You will pay a lot for the decore , but the food is no better or worse than a lot of other Chinese and Asian fusion places in NY .",decore,-1,negative
"You will pay a lot for the decore , but the $T$ is no better or worse than a lot of other Chinese and Asian fusion places in NY .","You will pay a lot for the decore , but the food is no better or worse than a lot of other Chinese and Asian fusion places in NY .",food,0,neutral
They have some great $T$ here as well .,They have some great entrees here as well .,entrees,1,positive
The $T$ is not consistently excellent -- just decent .,The service is not consistently excellent -- just decent .,service,0,neutral
"The $T$ , served in small tasting portions -LRB- as an option -RRB- is very good with each dish being better than the next .","The food , served in small tasting portions -LRB- as an option -RRB- is very good with each dish being better than the next .",food,1,positive
"The food , $T$ in small tasting portions -LRB- as an option -RRB- is very good with each dish being better than the next .","The food , served in small tasting portions -LRB- as an option -RRB- is very good with each dish being better than the next .",served,0,neutral
"The food , served in small tasting $T$ -LRB- as an option -RRB- is very good with each dish being better than the next .","The food , served in small tasting portions -LRB- as an option -RRB- is very good with each dish being better than the next .",portions,1,positive
"The food , served in small tasting portions -LRB- as an option -RRB- is very good with each $T$ being better than the next .","The food , served in small tasting portions -LRB- as an option -RRB- is very good with each dish being better than the next .",dish,1,positive
"They do $T$ to American palates , but if you like it hot let them know and they are more than willing to oblige !","They do cater to American palates , but if you like it hot let them know and they are more than willing to oblige !",cater,1,positive
I had the $T$ and i ca n't go on to tell you how delicious that was and the presentation was beatiful .,I had the mango chicken and i ca n't go on to tell you how delicious that was and the presentation was beatiful .,mango chicken,1,positive
I had the mango chicken and i ca n't go on to tell you how delicious that was and the $T$ was beatiful .,I had the mango chicken and i ca n't go on to tell you how delicious that was and the presentation was beatiful .,presentation,1,positive
I care more about the $T$ and ambience .,I care more about the food and ambience .,food,0,neutral
I care more about the food and $T$ .,I care more about the food and ambience .,ambience,0,neutral
"Oh , but wait , we were out of $T$ -LRB- which were also delightfully overpriced -RRB- .","Oh , but wait , we were out of drinks -LRB- which were also delightfully overpriced -RRB- .",drinks,-1,negative
The $T$ is fantastic .,The service is fantastic .,service,1,positive
The $T$ are hands down the best in the city !,The garlic mashed potatoes are hands down the best in the city !,garlic mashed potatoes,1,positive
$T$ and service was okay .,Food and service was okay .,Food,0,neutral
Food and $T$ was okay .,Food and service was okay .,service,0,neutral
The $T$ was under-cooked and EXTRMELY CHEWY .,The lamb meat was under-cooked and EXTRMELY CHEWY .,lamb meat,-1,negative
The best $T$ i 've ever had .,The best pad thai i 've ever had .,pad thai,1,positive
"Over time , the $T$ has decreased substantially , it is a lot less crowded than it used to , and the service must definitely be part of the reason .","Over time , the food quality has decreased substantially , it is a lot less crowded than it used to , and the service must definitely be part of the reason .",food quality,-1,negative
"Over time , the food quality has decreased substantially , it is a lot less crowded than it used to , and the $T$ must definitely be part of the reason .","Over time , the food quality has decreased substantially , it is a lot less crowded than it used to , and the service must definitely be part of the reason .",service,-1,negative
Great $T$ and fantastic service .,Great pizza and fantastic service .,pizza,1,positive
Great pizza and fantastic $T$ .,Great pizza and fantastic service .,service,1,positive
We were seated outside and the $T$ spilled red wine and hot tea on myself and my date .,We were seated outside and the waiter spilled red wine and hot tea on myself and my date .,waiter,-1,negative
We were seated outside and the waiter spilled $T$ and hot tea on myself and my date .,We were seated outside and the waiter spilled red wine and hot tea on myself and my date .,red wine,0,neutral
We were seated outside and the waiter spilled red wine and $T$ on myself and my date .,We were seated outside and the waiter spilled red wine and hot tea on myself and my date .,hot tea,0,neutral
We were seated $T$ and the waiter spilled red wine and hot tea on myself and my date .,We were seated outside and the waiter spilled red wine and hot tea on myself and my date .,outside,0,neutral
i would just ask for no $T$ next time .,i would just ask for no oil next time .,oil,-1,negative
"While this is a pretty $T$ in that overly cute French way , the food was insultingly horrible .","While this is a pretty place in that overly cute French way , the food was insultingly horrible .",place,1,positive
"While this is a pretty place in that overly cute French way , the $T$ was insultingly horrible .","While this is a pretty place in that overly cute French way , the food was insultingly horrible .",food,-1,negative
I went there for $T$ and it was not as good as I expected from the reviews I read .,I went there for lunch and it was not as good as I expected from the reviews I read .,lunch,0,neutral
"The $T$ is n't great , and the desserts are shipped in from Bruno 's down the street , which is not as good as it used to be .","The wine list is n't great , and the desserts are shipped in from Bruno 's down the street , which is not as good as it used to be .",wine list,-1,negative
"The wine list is n't great , and the $T$ are shipped in from Bruno 's down the street , which is not as good as it used to be .","The wine list is n't great , and the desserts are shipped in from Bruno 's down the street , which is not as good as it used to be .",desserts,-1,negative
I ordered a $T$ and asked 4 times for it but never got it .,I ordered a Lassi and asked 4 times for it but never got it .,Lassi,0,neutral
Their $T$ is quite good too !,Their coffee is quite good too !,coffee,1,positive
"great $T$ -LRB- italian -RRB- , good food , service was INITIALLY fine .","great wine list -LRB- italian -RRB- , good food , service was INITIALLY fine .",wine list,1,positive
"great wine list -LRB- italian -RRB- , good $T$ , service was INITIALLY fine .","great wine list -LRB- italian -RRB- , good food , service was INITIALLY fine .",food,1,positive
"Despite the fact that the $T$ is large , they 've overcrowded the floor with tables .","Despite the fact that the space is large , they 've overcrowded the floor with tables .",space,1,positive
"Despite the fact that the space is large , they 've overcrowded the floor with $T$ .","Despite the fact that the space is large , they 've overcrowded the floor with tables .",tables,-1,negative
"They are not helpful in the least and will give you the grand run around so by the time the event date rolls around you will not only regret chosing this $T$ , but also become hostile !","They are not helpful in the least and will give you the grand run around so by the time the event date rolls around you will not only regret chosing this place , but also become hostile !",place,-1,negative
I had to ask her three times before she finally came back with the $T$ Ive requested .,I had to ask her three times before she finally came back with the dish Ive requested .,dish,0,neutral
"Normally that would be improper , however they were all delicious and my $T$ did not complain .","Normally that would be improper , however they were all delicious and my host did not complain .",host,0,neutral
$T$ delicious !,Taxan delicious !,Taxan,1,positive
"Unlike other places in NYC where the $T$ you want only come as a triple-decker , here you can get what you want in a reasonably-sized portion -LRB- and price -RRB- .","Unlike other places in NYC where the sandwiches you want only come as a triple-decker , here you can get what you want in a reasonably-sized portion -LRB- and price -RRB- .",sandwiches,-1,negative
"Unlike other places in NYC where the sandwiches you want only come as a triple-decker , here you can get what you want in a reasonably-sized portion -LRB- and $T$ -RRB- .","Unlike other places in NYC where the sandwiches you want only come as a triple-decker , here you can get what you want in a reasonably-sized portion -LRB- and price -RRB- .",price,1,positive
"Unlike other places in NYC where the sandwiches you want only come as a triple-decker , here you can get what you want in a reasonably-sized $T$ -LRB- and price -RRB- .","Unlike other places in NYC where the sandwiches you want only come as a triple-decker , here you can get what you want in a reasonably-sized portion -LRB- and price -RRB- .",portion,1,positive
"$T$ is still there , too .","Southern Indian cuisine is still there , too .",Southern Indian cuisine,0,neutral
"Restaurant snobs need not bother , this is a small , neighborhood kind of $T$ .","Restaurant snobs need not bother , this is a small , neighborhood kind of place .",place,1,positive
They could n't even make a $T$ that was appealing .,They could n't even make a salad that was appealing .,salad,-1,negative
For two people with $T$ was less than $ 25 bucks .,For two people with tip was less than $ 25 bucks .,tip,0,neutral
Killer $T$ !,Killer Sushi !,Sushi,1,positive
Of course the reason its so packed is because the $T$ is so delicious !,Of course the reason its so packed is because the food is so delicious !,food,1,positive
"$T$ are not that friendly , but the taste covers all .","Staffs are not that friendly , but the taste covers all .",Staffs,-1,negative
"Staffs are not that friendly , but the $T$ covers all .","Staffs are not that friendly , but the taste covers all .",taste,1,positive
The $T$ plays everything from Italian Opera to The Strokes .,The jukebox plays everything from Italian Opera to The Strokes .,jukebox,1,positive
Plus they made a perfect $T$ .,Plus they made a perfect martini .,martini,1,positive
I am not sure if I would call the $T$ here Indian as it is a fusion of what seems to be French with an Indian or exotic touch .,I am not sure if I would call the food here Indian as it is a fusion of what seems to be French with an Indian or exotic touch .,food,0,neutral
"I 've eaten thai many times , and am very familiar with the $T$ .","I 've eaten thai many times , and am very familiar with the cuisine .",cuisine,0,neutral
The $T$ was attentive .,The waiter was attentive .,waiter,1,positive
Their $T$ is best I 've had since I 've returned from Naples !,Their Margarita is best I 've had since I 've returned from Naples !,Margarita,1,positive
The $T$ makes your mouth water for more .,The tastes makes your mouth water for more .,tastes,1,positive
"Their $T$ was extensive , but we were looking for Purple Haze , which was n't listed but made for us upon request !","Their sake list was extensive , but we were looking for Purple Haze , which was n't listed but made for us upon request !",sake list,1,positive
"The $T$ are crammed way too close , the menu is typical of any Italian restaurant , and the wine list is simply overpriced .","The tables are crammed way too close , the menu is typical of any Italian restaurant , and the wine list is simply overpriced .",tables,-1,negative
"The tables are crammed way too close , the $T$ is typical of any Italian restaurant , and the wine list is simply overpriced .","The tables are crammed way too close , the menu is typical of any Italian restaurant , and the wine list is simply overpriced .",menu,0,neutral
"The tables are crammed way too close , the menu is typical of any Italian restaurant , and the $T$ is simply overpriced .","The tables are crammed way too close , the menu is typical of any Italian restaurant , and the wine list is simply overpriced .",wine list,-1,negative
The $T$ was actually aweful .,The food was actually aweful .,food,-1,negative
They are served with a free $T$ and the portions are perfect for lunch .,They are served with a free appetizer and the portions are perfect for lunch .,appetizer,1,positive
They are served with a free appetizer and the $T$ are perfect for lunch .,They are served with a free appetizer and the portions are perfect for lunch .,portions,1,positive
They are $T$ with a free appetizer and the portions are perfect for lunch .,They are served with a free appetizer and the portions are perfect for lunch .,served,0,neutral
They are served with a free appetizer and the portions are perfect for $T$ .,They are served with a free appetizer and the portions are perfect for lunch .,lunch,0,neutral
There is actually $T$ to breathe and the decor sets the tone for an intimate dinner .,There is actually space to breathe and the decor sets the tone for an intimate dinner .,space,1,positive
There is actually space to breathe and the $T$ sets the tone for an intimate dinner .,There is actually space to breathe and the decor sets the tone for an intimate dinner .,decor,1,positive
There is actually space to breathe and the decor sets the tone for an intimate $T$ .,There is actually space to breathe and the decor sets the tone for an intimate dinner .,dinner,0,neutral
We went around 9:30 on a Friday and it had died down a bit by then so the $T$ was great !,We went around 9:30 on a Friday and it had died down a bit by then so the service was great !,service,1,positive
"My husband and I both ordered the $T$ , medium .","My husband and I both ordered the Steak , medium .",Steak,0,neutral
"Furthermore , the $T$ had no seasoning , so the sushi was bland and disgusting .","Furthermore , the rice had no seasoning , so the sushi was bland and disgusting .",rice,-1,negative
"Furthermore , the rice had no seasoning , so the $T$ was bland and disgusting .","Furthermore , the rice had no seasoning , so the sushi was bland and disgusting .",sushi,-1,negative
"Furthermore , the rice had no $T$ , so the sushi was bland and disgusting .","Furthermore , the rice had no seasoning , so the sushi was bland and disgusting .",seasoning,-1,negative
This place has realy fresh $T$ and a nice large menu of Japanese classic cuisine .,This place has realy fresh sushi and a nice large menu of Japanese classic cuisine .,sushi,1,positive
This place has realy fresh sushi and a nice large $T$ of Japanese classic cuisine .,This place has realy fresh sushi and a nice large menu of Japanese classic cuisine .,menu,1,positive
This place has realy fresh sushi and a nice large menu of $T$ .,This place has realy fresh sushi and a nice large menu of Japanese classic cuisine .,Japanese classic cuisine,1,positive
The $T$ is average and the prices are anything but .,The sushi is average and the prices are anything but .,sushi,0,neutral
The sushi is average and the $T$ are anything but .,The sushi is average and the prices are anything but .,prices,0,neutral
"My wife and I also enjoyed the $T$ , the Shanghai low mein , and other attractions .","My wife and I also enjoyed the spinach , the Shanghai low mein , and other attractions .",spinach,1,positive
"My wife and I also enjoyed the spinach , the $T$ , and other attractions .","My wife and I also enjoyed the spinach , the Shanghai low mein , and other attractions .",Shanghai low mein,1,positive
$T$ must have coem on this website to give himself credit .,Owner must have coem on this website to give himself credit .,Owner,0,neutral
Turned out there was full $T$ upstairs and sat down .,Turned out there was full service upstairs and sat down .,service,1,positive
Several of the $T$ had about 6-8 pieces .,Several of the dim sum orders had about 6-8 pieces .,dim sum orders,0,neutral
If you have a $T$ fetish i suggest you try some here !,If you have a dumpling fetish i suggest you try some here !,dumpling,1,positive
"Three page $T$ , one page entree and horedevous .","Three page wine menu , one page entree and horedevous .",wine menu,1,positive
"Three page wine menu , one page $T$ and horedevous .","Three page wine menu , one page entree and horedevous .",entree,1,positive
"Three page wine menu , one page entree and $T$ .","Three page wine menu , one page entree and horedevous .",horedevous,1,positive
"The $T$ is consistently wonderful - I 've been coming here for years , and the owner has always been accomodating and friendly .","The food is consistently wonderful - I 've been coming here for years , and the owner has always been accomodating and friendly .",food,1,positive
"The food is consistently wonderful - I 've been coming here for years , and the $T$ has always been accomodating and friendly .","The food is consistently wonderful - I 've been coming here for years , and the owner has always been accomodating and friendly .",owner,1,positive
The $T$ and owners were nonchalant about this and promised to call the exterminator but were n't as dismayed or apologetic as I would have expected .,The waiters and owners were nonchalant about this and promised to call the exterminator but were n't as dismayed or apologetic as I would have expected .,waiters,-1,negative
The waiters and $T$ were nonchalant about this and promised to call the exterminator but were n't as dismayed or apologetic as I would have expected .,The waiters and owners were nonchalant about this and promised to call the exterminator but were n't as dismayed or apologetic as I would have expected .,owners,-1,negative
And the $T$ was fantastic .,And the food was fantastic .,food,1,positive
"If you 're looking for a place to sit down , have a $T$ and conversations with friends , go to sweet-n-tart and order yourself a hong-kong styled milk and tea with tapioca pearls -LRB- hot -RRB- .","If you 're looking for a place to sit down , have a drink and conversations with friends , go to sweet-n-tart and order yourself a hong-kong styled milk and tea with tapioca pearls -LRB- hot -RRB- .",drink,0,neutral
"If you 're looking for a place to sit down , have a drink and conversations with friends , go to sweet-n-tart and order yourself a $T$ and tea with tapioca pearls -LRB- hot -RRB- .","If you 're looking for a place to sit down , have a drink and conversations with friends , go to sweet-n-tart and order yourself a hong-kong styled milk and tea with tapioca pearls -LRB- hot -RRB- .",hong-kong styled milk,1,positive
"If you 're looking for a place to sit down , have a drink and conversations with friends , go to sweet-n-tart and order yourself a hong-kong styled milk and $T$ .","If you 're looking for a place to sit down , have a drink and conversations with friends , go to sweet-n-tart and order yourself a hong-kong styled milk and tea with tapioca pearls (hot) .",tea with tapioca pearls (hot),1,positive
"Aside from the Sea Urchin , the $T$ recommended an assortment of fish including Fatty Yellow Tail , Boton Shrimp , Blue Fin Torro -LRB- Fatty Tuna -RRB- , Sea Eel , etc. .","Aside from the Sea Urchin , the chef recommended an assortment of fish including Fatty Yellow Tail , Boton Shrimp , Blue Fin Torro -LRB- Fatty Tuna -RRB- , Sea Eel , etc. .",chef,0,neutral
"Aside from the Sea Urchin , the chef recommended an $T$ including Fatty Yellow Tail , Boton Shrimp , Blue Fin Torro -LRB- Fatty Tuna -RRB- , Sea Eel , etc. .","Aside from the Sea Urchin , the chef recommended an assortment of fish including Fatty Yellow Tail , Boton Shrimp , Blue Fin Torro -LRB- Fatty Tuna -RRB- , Sea Eel , etc. .",assortment of fish,0,neutral
"Aside from the Sea Urchin , the chef recommended an assortment of fish including $T$ , Boton Shrimp , Blue Fin Torro -LRB- Fatty Tuna -RRB- , Sea Eel , etc. .","Aside from the Sea Urchin , the chef recommended an assortment of fish including Fatty Yellow Tail , Boton Shrimp , Blue Fin Torro -LRB- Fatty Tuna -RRB- , Sea Eel , etc. .",Fatty Yellow Tail,0,neutral
"Aside from the Sea Urchin , the chef recommended an assortment of fish including Fatty Yellow Tail , $T$ , Blue Fin Torro -LRB- Fatty Tuna -RRB- , Sea Eel , etc. .","Aside from the Sea Urchin , the chef recommended an assortment of fish including Fatty Yellow Tail , Boton Shrimp , Blue Fin Torro -LRB- Fatty Tuna -RRB- , Sea Eel , etc. .",Boton Shrimp,0,neutral
"Aside from the Sea Urchin , the chef recommended an assortment of fish including Fatty Yellow Tail , Boton Shrimp , Blue Fin Torro -LRB- Fatty Tuna -RRB- , $T$ , etc. .","Aside from the Sea Urchin , the chef recommended an assortment of fish including Fatty Yellow Tail , Boton Shrimp , Blue Fin Torro -LRB- Fatty Tuna -RRB- , Sea Eel , etc. .",Sea Eel,0,neutral
"Aside from the $T$ , the chef recommended an assortment of fish including Fatty Yellow Tail , Boton Shrimp , Blue Fin Torro -LRB- Fatty Tuna -RRB- , Sea Eel , etc. .","Aside from the Sea Urchin , the chef recommended an assortment of fish including Fatty Yellow Tail , Boton Shrimp , Blue Fin Torro -LRB- Fatty Tuna -RRB- , Sea Eel , etc. .",Sea Urchin,0,neutral
"Aside from the Sea Urchin , the chef recommended an assortment of fish including Fatty Yellow Tail , Boton Shrimp , $T$ , Sea Eel , etc. .","Aside from the Sea Urchin , the chef recommended an assortment of fish including Fatty Yellow Tail , Boton Shrimp , Blue Fin Torro (Fatty Tuna) , Sea Eel , etc. .",Blue Fin Torro (Fatty Tuna),0,neutral
"They 're also friendlier here , especially the $T$ , Kenny .","They 're also friendlier here , especially the owner , Kenny .",owner,1,positive
"While the $T$ is not particularly comfortable , once you 're seated you 'll forget about everything except what 's on your plate .","While the room is not particularly comfortable , once you 're seated you 'll forget about everything except what 's on your plate .",room,-1,negative
"While the room is not particularly comfortable , once you 're seated you 'll forget about everything except what 's on your $T$ .","While the room is not particularly comfortable , once you 're seated you 'll forget about everything except what 's on your plate .",plate,1,positive
I 've lived in NYC all my life and had never before seen so many $T$ in one place -LRB- except in a really bad dream -RRB- .,I 've lived in NYC all my life and had never before seen so many waterbugs in one place -LRB- except in a really bad dream -RRB- .,waterbugs,-1,negative
Winnie and her staff are the best $T$ you can find serving you .,Winnie and her staff are the best crew you can find serving you .,crew,1,positive
Winnie and her $T$ are the best crew you can find serving you .,Winnie and her staff are the best crew you can find serving you .,staff,1,positive
Winnie and her staff are the best crew you can find $T$ you .,Winnie and her staff are the best crew you can find serving you .,serving,1,positive
"The $T$ is minimal the food is not phenomenal , but some dishes are quite good , such as the eggplant parmesan , veal in carozza chicken saltimbocca .","The ambiance is minimal the food is not phenomenal , but some dishes are quite good , such as the eggplant parmesan , veal in carozza chicken saltimbocca .",ambiance,1,positive
"The ambiance is minimal the $T$ is not phenomenal , but some dishes are quite good , such as the eggplant parmesan , veal in carozza chicken saltimbocca .","The ambiance is minimal the food is not phenomenal , but some dishes are quite good , such as the eggplant parmesan , veal in carozza chicken saltimbocca .",food,-1,negative
"The ambiance is minimal the food is not phenomenal , but some $T$ are quite good , such as the eggplant parmesan , veal in carozza chicken saltimbocca .","The ambiance is minimal the food is not phenomenal , but some dishes are quite good , such as the eggplant parmesan , veal in carozza chicken saltimbocca .",dishes,1,positive
"The ambiance is minimal the food is not phenomenal , but some dishes are quite good , such as the $T$ , veal in carozza chicken saltimbocca .","The ambiance is minimal the food is not phenomenal , but some dishes are quite good , such as the eggplant parmesan , veal in carozza chicken saltimbocca .",eggplant parmesan,1,positive
"The ambiance is minimal the food is not phenomenal , but some dishes are quite good , such as the eggplant parmesan , $T$ .","The ambiance is minimal the food is not phenomenal , but some dishes are quite good , such as the eggplant parmesan , veal in carozza chicken saltimbocca .",veal in carozza chicken saltimbocca,1,positive
"My $T$ asked for appetizers for the group and the waiter gave us not only what we ordered , but some other items that were not ordered .","My host asked for appetizers for the group and the waiter gave us not only what we ordered , but some other items that were not ordered .",host,0,neutral
"My host asked for $T$ for the group and the waiter gave us not only what we ordered , but some other items that were not ordered .","My host asked for appetizers for the group and the waiter gave us not only what we ordered , but some other items that were not ordered .",appetizers,0,neutral
"My host asked for appetizers for the group and the $T$ gave us not only what we ordered , but some other items that were not ordered .","My host asked for appetizers for the group and the waiter gave us not only what we ordered , but some other items that were not ordered .",waiter,0,neutral
You can even get packages of the $T$ to stock your fridge !,You can even get packages of the chutneys to stock your fridge !,chutneys,1,positive
The $T$ has various selections and the mixed drink special is a catcher ! 2 for 1 's .,The bar has various selections and the mixed drink special is a catcher ! 2 for 1 's .,bar,1,positive
The bar has various selections and the $T$ is a catcher ! 2 for 1 's .,The bar has various selections and the mixed drink special is a catcher ! 2 for 1 's .,mixed drink special,1,positive
"If it is n't for the $T$ -LRB- A + + + -RRB- , it must be the service or the ambience .","If it is n't for the food -LRB- A + + + -RRB- , it must be the service or the ambience .",food,1,positive
"If it is n't for the food -LRB- A + + + -RRB- , it must be the $T$ or the ambience .","If it is n't for the food -LRB- A + + + -RRB- , it must be the service or the ambience .",service,1,positive
"If it is n't for the food -LRB- A + + + -RRB- , it must be the service or the $T$ .","If it is n't for the food -LRB- A + + + -RRB- , it must be the service or the ambience .",ambience,1,positive
"During the course of the past 3 months , the $T$ and staff changed and it was not for the better .","During the course of the past 3 months , the chef and staff changed and it was not for the better .",chef,-1,negative
"During the course of the past 3 months , the chef and $T$ changed and it was not for the better .","During the course of the past 3 months , the chef and staff changed and it was not for the better .",staff,-1,negative
"I like the $T$ , it 's very dark and original .","I like the ambience , it 's very dark and original .",ambience,1,positive
"Overall , not worth the $T$ .","Overall , not worth the money .",money,-1,negative
This place is not worth the $T$ .,This place is not worth the prices .,prices,-1,negative
We left after one $T$ .,We left after one drink .,drink,0,neutral
Pick a bagel has the best $T$ in the city .,Pick a bagel has the best bagels in the city .,bagels,1,positive
Yes you have to wait to be seated and because its small there is no $T$ and the seat at the bar was all taken .,Yes you have to wait to be seated and because its small there is no waiting area and the seat at the bar was all taken .,waiting area,-1,negative
Yes you have to wait to be seated and because its small there is no waiting area and the $T$ at the bar was all taken .,Yes you have to wait to be seated and because its small there is no waiting area and the seat at the bar was all taken .,seat,-1,negative
Yes you have to wait to be seated and because its small there is no waiting area and the seat at the $T$ was all taken .,Yes you have to wait to be seated and because its small there is no waiting area and the seat at the bar was all taken .,bar,0,neutral
Yes you have to $T$ to be seated and because its small there is no waiting area and the seat at the bar was all taken .,Yes you have to wait to be seated and because its small there is no waiting area and the seat at the bar was all taken .,wait,-1,negative
"The last two times I ordered from here my $T$ was soo spicy that I could barely eat it , and the spice took away from the flavor of the dish .","The last two times I ordered from here my food was soo spicy that I could barely eat it , and the spice took away from the flavor of the dish .",food,-1,negative
"The last two times I ordered from here my food was soo spicy that I could barely eat it , and the spice took away from the $T$ of the dish .","The last two times I ordered from here my food was soo spicy that I could barely eat it , and the spice took away from the flavor of the dish .",flavor,-1,negative
"The last two times I ordered from here my food was soo spicy that I could barely eat it , and the spice took away from the flavor of the $T$ .","The last two times I ordered from here my food was soo spicy that I could barely eat it , and the spice took away from the flavor of the dish .",dish,-1,negative
"The last two times I ordered from here my food was soo spicy that I could barely eat it , and the $T$ took away from the flavor of the dish .","The last two times I ordered from here my food was soo spicy that I could barely eat it , and the spice took away from the flavor of the dish .",spice,-1,negative
The $T$ are GREAT !,The fried dumplings are GREAT !,fried dumplings,1,positive
This place has the best Chinese style $T$ in the city .,This place has the best Chinese style BBQ ribs in the city .,BBQ ribs,1,positive
Ive been here so many times the $T$ know my name .,Ive been here so many times the waiters know my name .,waiters,0,neutral
"We figured we never had $T$ before so we grabbed our lunch there , sharing a large Pelligrino , a pizza of two of their specials , one was goat cheese the other blue cheese , and both were excellent .","We figured we never had Argentinian Pizza before so we grabbed our lunch there , sharing a large Pelligrino , a pizza of two of their specials , one was goat cheese the other blue cheese , and both were excellent .",Argentinian Pizza,0,neutral
"We figured we never had Argentinian Pizza before so we grabbed our $T$ there , sharing a large Pelligrino , a pizza of two of their specials , one was goat cheese the other blue cheese , and both were excellent .","We figured we never had Argentinian Pizza before so we grabbed our lunch there , sharing a large Pelligrino , a pizza of two of their specials , one was goat cheese the other blue cheese , and both were excellent .",lunch,0,neutral
"We figured we never had Argentinian Pizza before so we grabbed our lunch there , sharing a large $T$ , a pizza of two of their specials , one was goat cheese the other blue cheese , and both were excellent .","We figured we never had Argentinian Pizza before so we grabbed our lunch there , sharing a large Pelligrino , a pizza of two of their specials , one was goat cheese the other blue cheese , and both were excellent .",Pelligrino,1,positive
"We figured we never had Argentinian Pizza before so we grabbed our lunch there , sharing a large Pelligrino , a $T$ of two of their specials , one was goat cheese the other blue cheese , and both were excellent .","We figured we never had Argentinian Pizza before so we grabbed our lunch there , sharing a large Pelligrino , a pizza of two of their specials , one was goat cheese the other blue cheese , and both were excellent .",pizza,1,positive
"We figured we never had Argentinian Pizza before so we grabbed our lunch there , sharing a large Pelligrino , a pizza of two of their specials , one was $T$ the other blue cheese , and both were excellent .","We figured we never had Argentinian Pizza before so we grabbed our lunch there , sharing a large Pelligrino , a pizza of two of their specials , one was goat cheese the other blue cheese , and both were excellent .",goat cheese,1,positive
"We figured we never had Argentinian Pizza before so we grabbed our lunch there , sharing a large Pelligrino , a pizza of two of their specials , one was goat cheese the other $T$ , and both were excellent .","We figured we never had Argentinian Pizza before so we grabbed our lunch there , sharing a large Pelligrino , a pizza of two of their specials , one was goat cheese the other blue cheese , and both were excellent .",blue cheese,1,positive
The ' $T$ ' and ` bombay cosmopolitan ' are excellent and will have you tipsy in no time .,The ' kamasutra ' and ` bombay cosmopolitan ' are excellent and will have you tipsy in no time .,kamasutra,1,positive
The ` kamasutra ' and ' $T$ ' are excellent and will have you tipsy in no time .,The ` kamasutra ' and ' bombay cosmopolitan ' are excellent and will have you tipsy in no time .,bombay cosmopolitan,1,positive
This is the perfect $T$ for Williamsburg couples .,This is the perfect date spot for Williamsburg couples .,date spot,1,positive
The $T$ here is only so-so .,The dim sum here is only so-so .,dim sum,0,neutral
"$ 6 and there is much tasty $T$ , all of it fresh and continually refilled .","$ 6 and there is much tasty food , all of it fresh and continually refilled .",food,1,positive
"Just straight up cheap , good $T$ .","Just straight up cheap , good food .",food,1,positive
$T$ is ok even though sometimes there 's alot of people .,Seating is ok even though sometimes there 's alot of people .,Seating,0,neutral
"Even with a relatively inexpensive botle of wine , if you can call $ 70.00 inexpensive , the $T$ is through the roof for better than average fare .","Even with a relatively inexpensive botle of wine , if you can call $ 70.00 inexpensive , the cost is through the roof for better than average fare .",cost,-1,negative
"$T$ was slow , but the people were friendly .","Service was slow , but the people were friendly .",Service,-1,negative
"Service was slow , but the $T$ were friendly .","Service was slow , but the people were friendly .",people,1,positive
The $T$ was very fatty and the sauce was overpowering and not very tasty .,The steak was very fatty and the sauce was overpowering and not very tasty .,steak,-1,negative
The steak was very fatty and the $T$ was overpowering and not very tasty .,The steak was very fatty and the sauce was overpowering and not very tasty .,sauce,-1,negative
"The $T$ makes you feel at home , the food is great and the atmosphere is WONDERFUL !","The staff makes you feel at home , the food is great and the atmosphere is WONDERFUL !",staff,1,positive
"The staff makes you feel at home , the $T$ is great and the atmosphere is WONDERFUL !","The staff makes you feel at home , the food is great and the atmosphere is WONDERFUL !",food,1,positive
"The staff makes you feel at home , the food is great and the $T$ is WONDERFUL !","The staff makes you feel at home , the food is great and the atmosphere is WONDERFUL !",atmosphere,1,positive
The food is alright - some stuff is good - some is not -LRB- like the $T$ which tends to be dry -RRB- .,The food is alright - some stuff is good - some is not -LRB- like the steak dish which tends to be dry -RRB- .,steak dish,-1,negative
They have a very diverse $T$ so its something for everybody .,They have a very diverse menu so its something for everybody .,menu,1,positive
The $T$ was too busy ordering sushi for dinner and then laying it out to eat on the bar to even bring me my check .,The staff was too busy ordering sushi for dinner and then laying it out to eat on the bar to even bring me my check .,staff,-1,negative
The staff was too busy ordering $T$ for dinner and then laying it out to eat on the bar to even bring me my check .,The staff was too busy ordering sushi for dinner and then laying it out to eat on the bar to even bring me my check .,sushi,0,neutral
The staff was too busy ordering sushi for dinner and then laying it out to eat on the bar to even bring me my $T$ .,The staff was too busy ordering sushi for dinner and then laying it out to eat on the bar to even bring me my check .,check,0,neutral
The staff was too busy ordering sushi for $T$ and then laying it out to eat on the bar to even bring me my check .,The staff was too busy ordering sushi for dinner and then laying it out to eat on the bar to even bring me my check .,dinner,0,neutral
The staff was too busy ordering sushi for dinner and then laying it out to eat on the $T$ to even bring me my check .,The staff was too busy ordering sushi for dinner and then laying it out to eat on the bar to even bring me my check .,bar,0,neutral
"As a long-time patron of Mamoun 's , I always figured that I had found the best late night $T$ in the city .","As a long-time patron of Mamoun 's , I always figured that I had found the best late night food spot in the city .",food spot,1,positive
The $T$ was huge .,The bagel was huge .,bagel,0,neutral
Get the $T$ of gari .,Get the tuna of gari .,tuna,1,positive
"I like the $T$ , chai , and the chole , but the dhosas and dhal were kinda dissapointing .","I like the somosas , chai , and the chole , but the dhosas and dhal were kinda dissapointing .",somosas,1,positive
"I like the somosas , $T$ , and the chole , but the dhosas and dhal were kinda dissapointing .","I like the somosas , chai , and the chole , but the dhosas and dhal were kinda dissapointing .",chai,1,positive
"I like the somosas , chai , and the $T$ , but the dhosas and dhal were kinda dissapointing .","I like the somosas , chai , and the chole , but the dhosas and dhal were kinda dissapointing .",chole,1,positive
"I like the somosas , chai , and the chole , but the $T$ and dhal were kinda dissapointing .","I like the somosas , chai , and the chole , but the dhosas and dhal were kinda dissapointing .",dhosas,-1,negative
"I like the somosas , chai , and the chole , but the dhosas and $T$ were kinda dissapointing .","I like the somosas , chai , and the chole , but the dhosas and dhal were kinda dissapointing .",dhal,-1,negative
Edible but really a ripoff at those $T$ given whats in the area .,Edible but really a ripoff at those prices given whats in the area .,prices,-1,negative
"The staff has been nice , but they seemed really stressed and the unisex $T$ needs to be cleaned more often .","The staff has been nice , but they seemed really stressed and the unisex bathroom needs to be cleaned more often .",bathroom,-1,negative
The $T$ was the only thing good about this restaurant .,The service was the only thing good about this restaurant .,service,1,positive
$T$ - friendly and attentive .,Service - friendly and attentive .,Service,1,positive
"Great $T$ , great decor , great service .","Great food , great decor , great service .",food,1,positive
"Great food , great $T$ , great service .","Great food , great decor , great service .",decor,1,positive
"Great food , great decor , great $T$ .","Great food , great decor , great service .",service,1,positive
"And , atlhough $T$ opened up next to us and we ASKED for a slightly larger space , they left us awkardly seated .","And , atlhough tables opened up next to us and we ASKED for a slightly larger space , they left us awkardly seated .",tables,0,neutral
"And , atlhough tables opened up next to us and we ASKED for a slightly larger $T$ , they left us awkardly seated .","And , atlhough tables opened up next to us and we ASKED for a slightly larger space , they left us awkardly seated .",space,0,neutral
"The $T$ was standard , and I was not a fan of the malai kofta .","The palak paneer was standard , and I was not a fan of the malai kofta .",palak paneer,0,neutral
"The palak paneer was standard , and I was not a fan of the $T$ .","The palak paneer was standard , and I was not a fan of the malai kofta .",malai kofta,0,neutral
I 've dined at Alain Ducasse 's restaurant in Monte Carlo for half the price for the same excellent $T$ experience .,I 've dined at Alain Ducasse 's restaurant in Monte Carlo for half the price for the same excellent dining experience .,dining,1,positive
I 've dined at Alain Ducasse 's restaurant in Monte Carlo for half the $T$ for the same excellent dining experience .,I 've dined at Alain Ducasse 's restaurant in Monte Carlo for half the price for the same excellent dining experience .,price,1,positive
"Yeah , sometimes the $T$ can be slow .","Yeah , sometimes the service can be slow .",service,-1,negative
There was no $T$ .,There was no ambiance .,ambiance,-1,negative
"Save your money and do n't waste your calories , go to Margharita 's on Washington Street instead , they have amazing $T$ and the BEST service .","Save your money and do n't waste your calories , go to Margharita 's on Washington Street instead , they have amazing food and the BEST service .",food,1,positive
"Save your money and do n't waste your calories , go to Margharita 's on Washington Street instead , they have amazing food and the BEST $T$ .","Save your money and do n't waste your calories , go to Margharita 's on Washington Street instead , they have amazing food and the BEST service .",service,1,positive
The $T$ was attentive without being overbearing and each dish we tried was wonderful from the spring rolls to the cod with pineapple tempura .,The service was attentive without being overbearing and each dish we tried was wonderful from the spring rolls to the cod with pineapple tempura .,service,1,positive
The service was attentive without being overbearing and each $T$ we tried was wonderful from the spring rolls to the cod with pineapple tempura .,The service was attentive without being overbearing and each dish we tried was wonderful from the spring rolls to the cod with pineapple tempura .,dish,1,positive
The service was attentive without being overbearing and each dish we tried was wonderful from the $T$ to the cod with pineapple tempura .,The service was attentive without being overbearing and each dish we tried was wonderful from the spring rolls to the cod with pineapple tempura .,spring rolls,1,positive
The service was attentive without being overbearing and each dish we tried was wonderful from the spring rolls to the $T$ .,The service was attentive without being overbearing and each dish we tried was wonderful from the spring rolls to the cod with pineapple tempura .,cod with pineapple tempura,1,positive
"The only weird thing was if we got a $T$ , the waitress would have simply multiplied the glass price X4 , which makes no sense whatsoever .","The only weird thing was if we got a bottle , the waitress would have simply multiplied the glass price X4 , which makes no sense whatsoever .",bottle,0,neutral
"The only weird thing was if we got a bottle , the $T$ would have simply multiplied the glass price X4 , which makes no sense whatsoever .","The only weird thing was if we got a bottle , the waitress would have simply multiplied the glass price X4 , which makes no sense whatsoever .",waitress,-1,negative
"The only weird thing was if we got a bottle , the waitress would have simply multiplied the glass $T$ X4 , which makes no sense whatsoever .","The only weird thing was if we got a bottle , the waitress would have simply multiplied the glass price X4 , which makes no sense whatsoever .",price,-1,negative
"They sell special $T$ , everything have a topping , sauce and etc. .","They sell special sushi , everything have a topping , sauce and etc. .",sushi,1,positive
"They sell special sushi , everything have a topping , $T$ and etc. .","They sell special sushi , everything have a topping , sauce and etc. .",sauce,1,positive
"They sell special sushi , everything have a $T$ , sauce and etc. .","They sell special sushi , everything have a topping , sauce and etc. .",topping,1,positive
DO not try unless you 're just going there to hang out like the rest of the hipsters who apparently have no sense of $T$ .,DO not try unless you 're just going there to hang out like the rest of the hipsters who apparently have no sense of taste .,taste,-1,negative
"The place is small and intimate and you may feel a little crowded , but the $T$ is excellent and it 's great for friends out , a romantic date , or a special occassion .","The place is small and intimate and you may feel a little crowded , but the service is excellent and it 's great for friends out , a romantic date , or a special occassion .",service,1,positive
"The $T$ is small and intimate and you may feel a little crowded , but the service is excellent and it 's great for friends out , a romantic date , or a special occassion .","The place is small and intimate and you may feel a little crowded , but the service is excellent and it 's great for friends out , a romantic date , or a special occassion .",place,-1,negative
The $T$ was excellent and the food was delicious .,The service was excellent and the food was delicious .,service,1,positive
The service was excellent and the $T$ was delicious .,The service was excellent and the food was delicious .,food,1,positive
$T$ was also very good .,Service was also very good .,Service,1,positive
"I took my girlfriend there for her birthday last night and we had a relaxing , really good $T$ .","I took my girlfriend there for her birthday last night and we had a relaxing , really good meal .",meal,1,positive
"I would not have been so disappointed with the $T$ if the qualities were good enough to make up for it , but they were not !","I would not have been so disappointed with the portions if the qualities were good enough to make up for it , but they were not !",portions,-1,negative
"I would not have been so disappointed with the portions if the $T$ were good enough to make up for it , but they were not !","I would not have been so disappointed with the portions if the qualities were good enough to make up for it , but they were not !",qualities,-1,negative
I 'm happy to have Nosh in the neighborhood and the $T$ is very comforting .,I 'm happy to have Nosh in the neighborhood and the food is very comforting .,food,1,positive
"Good $T$ , combination of all the hottest music dress code is relatively strict except on Fridays .","Good atmosphere , combination of all the hottest music dress code is relatively strict except on Fridays .",atmosphere,1,positive
"Good atmosphere , combination of all the hottest $T$ dress code is relatively strict except on Fridays .","Good atmosphere , combination of all the hottest music dress code is relatively strict except on Fridays .",music,1,positive
"Good atmosphere , combination of all the hottest music $T$ e is relatively strict except on Fridays .","Good atmosphere , combination of all the hottest music dress cod e is relatively strict except on Fridays .",dress cod,-1,negative
love the $T$ .,love the food .,food,1,positive
I would highly recommend Nina 's to anyone who wants to have a romantic dinner in a heart warming surrounding filled with $T$ and family pictures .,I would highly recommend Nina 's to anyone who wants to have a romantic dinner in a heart warming surrounding filled with candles and family pictures .,candles,1,positive
I would highly recommend Nina 's to anyone who wants to have a romantic $T$ in a heart warming surrounding filled with candles and family pictures .,I would highly recommend Nina 's to anyone who wants to have a romantic dinner in a heart warming surrounding filled with candles and family pictures .,dinner,1,positive
I would highly recommend Nina 's to anyone who wants to have a romantic dinner in a heart warming $T$ filled with candles and family pictures .,I would highly recommend Nina 's to anyone who wants to have a romantic dinner in a heart warming surrounding filled with candles and family pictures .,surrounding,1,positive
I would highly recommend Nina 's to anyone who wants to have a romantic dinner in a heart warming surrounding filled with candles and family $T$ .,I would highly recommend Nina 's to anyone who wants to have a romantic dinner in a heart warming surrounding filled with candles and family pictures .,pictures,1,positive
All the $T$ the group tried got favorable reviews .,All the desserts the group tried got favorable reviews .,desserts,1,positive
There 's something smooth about sipping $T$ upper east side style .,There 's something smooth about sipping sake upper east side style .,sake,1,positive
It 's a nice $T$ to relax and have conversation .,It 's a nice place to relax and have conversation .,place,1,positive
Best $T$ ever !,Best Reuben sandwich ever !,Reuben sandwich,1,positive
Lucky Strike is a great casual $T$ to just grab a bite to eat .,Lucky Strike is a great casual place to just grab a bite to eat .,place,1,positive
Wonderful $T$ as well !,Wonderful strawberry daiquiries as well !,strawberry daiquiries,1,positive
"Going to Volare is like going to your favorite aunt 's house for $T$ , assuming that your aunt is a great Italian cook .","Going to Volare is like going to your favorite aunt 's house for dinner , assuming that your aunt is a great Italian cook .",dinner,0,neutral
"The $T$ has been from average to below average , the wait service has always been sub-par the atmosphere goes from nice to really irritating -LRB- if you sit in the area beyond the kitchen , the acousitcs are horrid , everything echoes is extremely loud -RRB- .","The sushi has been from average to below average , the wait service has always been sub-par the atmosphere goes from nice to really irritating -LRB- if you sit in the area beyond the kitchen , the acousitcs are horrid , everything echoes is extremely loud -RRB- .",sushi,-1,negative
"The sushi has been from average to below average , the $T$ has always been sub-par the atmosphere goes from nice to really irritating -LRB- if you sit in the area beyond the kitchen , the acousitcs are horrid , everything echoes is extremely loud -RRB- .","The sushi has been from average to below average , the wait service has always been sub-par the atmosphere goes from nice to really irritating -LRB- if you sit in the area beyond the kitchen , the acousitcs are horrid , everything echoes is extremely loud -RRB- .",wait service,-1,negative
"The sushi has been from average to below average , the wait service has always been sub-par the atmosphere goes from nice to really irritating -LRB- if you sit in the $T$ beyond the kitchen , the acousitcs are horrid , everything echoes is extremely loud -RRB- .","The sushi has been from average to below average , the wait service has always been sub-par the atmosphere goes from nice to really irritating -LRB- if you sit in the area beyond the kitchen , the acousitcs are horrid , everything echoes is extremely loud -RRB- .",area,-1,negative
$T$ were delicious if a bit on the thick side .,Frites were delicious if a bit on the thick side .,Frites,1,positive
Here you get the $T$ without feeling rigid .,Here you get the zen feel without feeling rigid .,zen feel,1,positive
I would recommend putting your name down and then getting a $T$ at a local bar first though because of the wait time .,I would recommend putting your name down and then getting a drink at a local bar first though because of the wait time .,drink,0,neutral
I would recommend putting your name down and then getting a drink at a local $T$ first though because of the wait time .,I would recommend putting your name down and then getting a drink at a local bar first though because of the wait time .,bar,0,neutral
I would recommend putting your name down and then getting a drink at a local bar first though because of the $T$ .,I would recommend putting your name down and then getting a drink at a local bar first though because of the wait time .,wait time,-1,negative
I fell in love with the $T$ .,I fell in love with the egg noodles in the beef broth with shrimp dumplings and slices of BBQ roast pork .,egg noodles in the beef broth with shrimp dumplings and slices of BBQ roast pork,1,positive
I keep my fingers crossed the whole subway ride hoping that there will be a $T$ I can sit at by myself and not have to share with the rice congee soup people .,I keep my fingers crossed the whole subway ride hoping that there will be a table I can sit at by myself and not have to share with the rice congee soup people .,table,0,neutral
I keep my fingers crossed the whole subway ride hoping that there will be a table I can sit at by myself and not have to share with the $T$ people .,I keep my fingers crossed the whole subway ride hoping that there will be a table I can sit at by myself and not have to share with the rice congee soup people .,rice congee soup,0,neutral
"Overall , the best $T$ in town .","Overall , the best bagel in town .",bagel,1,positive
"Light , refreshing $T$ -LRB- not fried -RRB- remind me of Vietnamese places in Paris .","Light , refreshing summer rolls -LRB- not fried -RRB- remind me of Vietnamese places in Paris .",summer rolls,1,positive
The $T$ seemed pretty fresh and was adequately proportioned .,The sushi seemed pretty fresh and was adequately proportioned .,sushi,1,positive
but the $T$ was a bit slow .,but the service was a bit slow .,service,-1,negative
$T$ and toppings are great - though a bit pricey .,Spreads and toppings are great - though a bit pricey .,Spreads,1,positive
Spreads and $T$ are great - though a bit pricey .,Spreads and toppings are great - though a bit pricey .,toppings,1,positive
"When I saw that their website had a link to da Ciro in Napoli , I knew there was going to be good $T$ !","When I saw that their website had a link to da Ciro in Napoli , I knew there was going to be good pizza !",pizza,1,positive
No one asked what was wrong as we left with nothing touched on our $T$ .,No one asked what was wrong as we left with nothing touched on our plates .,plates,0,neutral
$T$ was very cozy and cute .,Indoor was very cozy and cute .,Indoor,1,positive
We had a 3 hour $T$ - they definitely do not rush you - and they kept the unlimited mimosas flowing the whole time .,We had a 3 hour brunch - they definitely do not rush you - and they kept the unlimited mimosas flowing the whole time .,brunch,1,positive
We had a 3 hour brunch - they definitely do not rush you - and they kept the unlimited $T$ flowing the whole time .,We had a 3 hour brunch - they definitely do not rush you - and they kept the unlimited mimosas flowing the whole time .,mimosas,1,positive
And their $T$ are very high - they actually think that they can get away with charging such prices for such terrible food and service !,And their prices are very high - they actually think that they can get away with charging such prices for such terrible food and service !,prices,-1,negative
And their prices are very high - they actually think that they can get away with charging such $T$ for such terrible food and service !,And their prices are very high - they actually think that they can get away with charging such prices for such terrible food and service !,prices,-1,negative
And their prices are very high - they actually think that they can get away with charging such prices for such terrible $T$ and service !,And their prices are very high - they actually think that they can get away with charging such prices for such terrible food and service !,food,-1,negative
And their prices are very high - they actually think that they can get away with charging such prices for such terrible food and $T$ !,And their prices are very high - they actually think that they can get away with charging such prices for such terrible food and service !,service,-1,negative
"The $T$ was excellent , the food was excellent , but the entire experience was very cool .","The service was excellent , the food was excellent , but the entire experience was very cool .",service,1,positive
"The service was excellent , the $T$ was excellent , but the entire experience was very cool .","The service was excellent , the food was excellent , but the entire experience was very cool .",food,1,positive
The $T$ is good and the resturant is clean .,The service is good and the resturant is clean .,service,1,positive
"Great spot , whether looking for a couple of $T$ or quiet dinner .","Great spot , whether looking for a couple of drinks or quiet dinner .",drinks,1,positive
"Great spot , whether looking for a couple of drinks or quiet $T$ .","Great spot , whether looking for a couple of drinks or quiet dinner .",dinner,1,positive
"Great $T$ , whether looking for a couple of drinks or quiet dinner .","Great spot , whether looking for a couple of drinks or quiet dinner .",spot,1,positive
Just stick with the small $T$ !,Just stick with the small dishes !,dishes,-1,negative
"The $T$ itself was really nice with comfortable outdoor chairs and tables , but the service could have been better .","The cafe itself was really nice with comfortable outdoor chairs and tables , but the service could have been better .",cafe,1,positive
"The cafe itself was really nice with comfortable $T$ and tables , but the service could have been better .","The cafe itself was really nice with comfortable outdoor chairs and tables , but the service could have been better .",outdoor chairs,1,positive
"The cafe itself was really nice with comfortable outdoor chairs and $T$ , but the service could have been better .","The cafe itself was really nice with comfortable outdoor chairs and tables , but the service could have been better .",tables,1,positive
"The cafe itself was really nice with comfortable outdoor chairs and tables , but the $T$ could have been better .","The cafe itself was really nice with comfortable outdoor chairs and tables , but the service could have been better .",service,-1,negative
I 've rarely had a problem with slow $T$ in the 10 years I 've been going .,I 've rarely had a problem with slow staff in the 10 years I 've been going .,staff,1,positive
$T$ is excellent .,Food is excellent .,Food,1,positive
Although we were looking for regular lettuce and some walnuts the $T$ we got were great .,Although we were looking for regular lettuce and some walnuts the salads we got were great .,salads,1,positive
Although we were looking for regular $T$ and some walnuts the salads we got were great .,Although we were looking for regular lettuce and some walnuts the salads we got were great .,lettuce,0,neutral
Although we were looking for regular lettuce and some $T$ the salads we got were great .,Although we were looking for regular lettuce and some walnuts the salads we got were great .,walnuts,0,neutral
Excellent $T$ for only $ 6.95 .,Excellent lunch buffet for only $ 6.95 .,lunch buffet,1,positive
"If you 're not familiar with the $T$ , you may encounter problems ordering here and be sure to bring plenty of cash with you as they do n't accept credit cards .","If you 're not familiar with the cuisine , you may encounter problems ordering here and be sure to bring plenty of cash with you as they do n't accept credit cards .",cuisine,-1,negative
"both are very reasonably $T$ -LRB- around $ 8 for dinner and $ 5 for lunch -RRB- , and are delicious and filling .","both are very reasonably priced -LRB- around $ 8 for dinner and $ 5 for lunch -RRB- , and are delicious and filling .",priced,1,positive
"both are very reasonably priced -LRB- around $ 8 for $T$ and $ 5 for lunch -RRB- , and are delicious and filling .","both are very reasonably priced -LRB- around $ 8 for dinner and $ 5 for lunch -RRB- , and are delicious and filling .",dinner,1,positive
"both are very reasonably priced -LRB- around $ 8 for dinner and $ 5 for $T$ -RRB- , and are delicious and filling .","both are very reasonably priced -LRB- around $ 8 for dinner and $ 5 for lunch -RRB- , and are delicious and filling .",lunch,1,positive
"$T$ is so cute and quaint , good for business although we were there on vacation .","Ambience is so cute and quaint , good for business although we were there on vacation .",Ambience,1,positive
"The $T$ here are huge , and the sushi is good .","The portion sizes here are huge , and the sushi is good .",portion sizes,1,positive
"The portion sizes here are huge , and the $T$ is good .","The portion sizes here are huge , and the sushi is good .",sushi,1,positive
My boyfriend ate $T$ and it was cooked perfectly !,My boyfriend ate tuna and it was cooked perfectly !,tuna,1,positive
"This was n't the expected $T$ comprised only of pad thai and tom yum soup , but I thought that was what made the place so special .","This was n't the expected menu comprised only of pad thai and tom yum soup , but I thought that was what made the place so special .",menu,0,neutral
"This was n't the expected menu comprised only of $T$ and tom yum soup , but I thought that was what made the place so special .","This was n't the expected menu comprised only of pad thai and tom yum soup , but I thought that was what made the place so special .",pad thai,0,neutral
"This was n't the expected menu comprised only of pad thai and $T$ , but I thought that was what made the place so special .","This was n't the expected menu comprised only of pad thai and tom yum soup , but I thought that was what made the place so special .",tom yum soup,0,neutral
"Good $T$ at the restaurant -LRB- a bit expensive , but great if you want to impress your date -RRB- .","Good food at the restaurant -LRB- a bit expensive , but great if you want to impress your date -RRB- .",food,1,positive
I highly recommend Caviar Russe to anyone who wants delicious top grade $T$ and fantastic service .,I highly recommend Caviar Russe to anyone who wants delicious top grade caviar and fantastic service .,caviar,1,positive
I highly recommend Caviar Russe to anyone who wants delicious top grade caviar and fantastic $T$ .,I highly recommend Caviar Russe to anyone who wants delicious top grade caviar and fantastic service .,service,1,positive
I have eaten there 3-4 times and the $T$ was always good .,I have eaten there 3-4 times and the food was always good .,food,1,positive
"I was n't thrilled to have to $T$ on line for thirty minutes , but I guess that 's the price you pay for a popular place .","I was n't thrilled to have to wait on line for thirty minutes , but I guess that 's the price you pay for a popular place .",wait,-1,negative
"great $T$ , good times .","great eats , good times .",eats,1,positive
"Grilled whole $T$ wonderful , great spicing .","Grilled whole fish wonderful , great spicing .",fish,1,positive
"For years , I thought Tuscan cuisine was the best , but Salvatore converted me to the hearty $T$ on my first visit .","For years , I thought Tuscan cuisine was the best , but Salvatore converted me to the hearty Neapolitan fare on my first visit .",Neapolitan fare,1,positive
"Plus , when our $T$ were held up in the kitchen on a busy Saturday night , the owner sent over complimentary summer rolls to hold us over !","Plus , when our entrees were held up in the kitchen on a busy Saturday night , the owner sent over complimentary summer rolls to hold us over !",entrees,-1,negative
"Plus , when our entrees were held up in the kitchen on a busy Saturday night , the owner sent over complimentary $T$ to hold us over !","Plus , when our entrees were held up in the kitchen on a busy Saturday night , the owner sent over complimentary summer rolls to hold us over !",summer rolls,1,positive
"Plus , when our entrees were held up in the kitchen on a busy Saturday night , the $T$ sent over complimentary summer rolls to hold us over !","Plus , when our entrees were held up in the kitchen on a busy Saturday night , the owner sent over complimentary summer rolls to hold us over !",owner,1,positive
The $T$ was great as well .,The service was great as well .,service,1,positive
Try the $T$ and the rose special roll .,Try the lobster teriyaki and the rose special roll .,lobster teriyaki,1,positive
Try the lobster teriyaki and the $T$ .,Try the lobster teriyaki and the rose special roll .,rose special roll,1,positive
Another plus is most of the $T$ are approx .,Another plus is most of the entrees are approx .,entrees,1,positive
"The $T$ was delicious , the atmosphere was relaxed , and we have now adopted Plate 347 as our Secret on Second !","The food was delicious , the atmosphere was relaxed , and we have now adopted Plate 347 as our Secret on Second !",food,1,positive
"The food was delicious , the $T$ was relaxed , and we have now adopted Plate 347 as our Secret on Second !","The food was delicious , the atmosphere was relaxed , and we have now adopted Plate 347 as our Secret on Second !",atmosphere,1,positive
From the moment we walked in they were more than accomodating even though the $T$ was packed .,From the moment we walked in they were more than accomodating even though the place was packed .,place,-1,negative
"I found the $T$ , service and value exceptional everytime I have been there .","I found the food , service and value exceptional everytime I have been there .",food,1,positive
"I found the food , $T$ and value exceptional everytime I have been there .","I found the food , service and value exceptional everytime I have been there .",service,1,positive
"I found the food , service and $T$ exceptional everytime I have been there .","I found the food , service and value exceptional everytime I have been there .",value,1,positive
We ate at this Thai place following the reviews but very unhappy with the $T$ .,We ate at this Thai place following the reviews but very unhappy with the foods .,foods,-1,negative
"The $T$ is definitely good , but I left a bit disappointed .","The food is definitely good , but I left a bit disappointed .",food,1,positive
"I am a 100 lb girl , had a $T$ and a glass of beer prior to the dinner , and I was still HUNGRY after my visit to this place !","I am a 100 lb girl , had a glass of wine and a glass of beer prior to the dinner , and I was still HUNGRY after my visit to this place !",glass of wine,0,neutral
"I am a 100 lb girl , had a glass of wine and a $T$ prior to the dinner , and I was still HUNGRY after my visit to this place !","I am a 100 lb girl , had a glass of wine and a glass of beer prior to the dinner , and I was still HUNGRY after my visit to this place !",glass of beer,0,neutral
"I am a 100 lb girl , had a glass of wine and a glass of beer prior to the $T$ , and I was still HUNGRY after my visit to this place !","I am a 100 lb girl , had a glass of wine and a glass of beer prior to the dinner , and I was still HUNGRY after my visit to this place !",dinner,0,neutral
"The $T$ are a saving grace , but service staff , please , get over yourselves .","The drinks are a saving grace , but service staff , please , get over yourselves .",drinks,1,positive
"The drinks are a saving grace , but $T$ , please , get over yourselves .","The drinks are a saving grace , but service staff , please , get over yourselves .",service staff,-1,negative
There is a downside if you 're ordering in -- the $T$ have MAJOR attitude .,There is a downside if you 're ordering in -- the delivery guys have MAJOR attitude .,delivery guys,-1,negative
The all-Italian $T$ is warm and engaging from the start .,The all-Italian staff is warm and engaging from the start .,staff,1,positive
The $T$ are exceptionally reasonable for food of this caliber .,The prices are exceptionally reasonable for food of this caliber .,prices,1,positive
The prices are exceptionally reasonable for $T$ of this caliber .,The prices are exceptionally reasonable for food of this caliber .,food,1,positive
If you go here - your focus should be the $T$ .,If you go here - your focus should be the Tamarind Margaritas .,Tamarind Margaritas,1,positive
The $T$ was superb !,The filet mignon dish was superb !,filet mignon dish,1,positive
I had been a regular due to the consistently good $T$ and ease of getting a table .,I had been a regular due to the consistently good food and ease of getting a table .,food,1,positive
I had been a regular due to the consistently good food and ease of $T$ .,I had been a regular due to the consistently good food and ease of getting a table .,getting a table,1,positive
This $T$ is the most Japanese it can ever get .,This place is the most Japanese it can ever get .,place,1,positive
"The $T$ is good , I ca n't lie .","The food is good , I ca n't lie .",food,1,positive
"great $T$ , lt 's of it , more then one person can eat !","great food , lt 's of it , more then one person can eat !",food,1,positive
"I did n't expect to like Nosh as much as I did , but the $T$ I had was otherworldly , the soups are like Mom 's , and the knishes give Yonah Schimmel 's a run for its money .","I did n't expect to like Nosh as much as I did , but the pastrami on challah sandwich I had was otherworldly , the soups are like Mom 's , and the knishes give Yonah Schimmel 's a run for its money .",pastrami on challah sandwich,1,positive
"I did n't expect to like Nosh as much as I did , but the pastrami on challah sandwich I had was otherworldly , the $T$ are like Mom 's , and the knishes give Yonah Schimmel 's a run for its money .","I did n't expect to like Nosh as much as I did , but the pastrami on challah sandwich I had was otherworldly , the soups are like Mom 's , and the knishes give Yonah Schimmel 's a run for its money .",soups,1,positive
"I did n't expect to like Nosh as much as I did , but the pastrami on challah sandwich I had was otherworldly , the soups are like Mom 's , and the $T$ give Yonah Schimmel 's a run for its money .","I did n't expect to like Nosh as much as I did , but the pastrami on challah sandwich I had was otherworldly , the soups are like Mom 's , and the knishes give Yonah Schimmel 's a run for its money .",knishes,1,positive
"The $T$ is nothing special , but it feels like a Sushi establishment in Tokyo .","The atmosphere is nothing special , but it feels like a Sushi establishment in Tokyo .",atmosphere,0,neutral
Cozy romantic $T$ with only around 15 tables at most .,Cozy romantic atomosphere with only around 15 tables at most .,atomosphere,1,positive
Cozy romantic atomosphere with only around 15 $T$ at most .,Cozy romantic atomosphere with only around 15 tables at most .,tables,1,positive
This place is worth going even if only for their $T$ .,This place is worth going even if only for their beer .,beer,1,positive
I really like both the $T$ and the mahi mahi -LRB- on saffron risotto-yum ! -RRB- .,I really like both the scallops and the mahi mahi -LRB- on saffron risotto-yum ! -RRB- .,scallops,1,positive
I really like both the scallops and the $T$ - yum ! -RRB- .,I really like both the scallops and the mahi mahi (on saffron risotto - yum ! -RRB- .,mahi mahi (on saffron risotto,1,positive
"The $T$ was so fun , and the prices were great , on top of the fact that the food was really tasty .","The ambience was so fun , and the prices were great , on top of the fact that the food was really tasty .",ambience,1,positive
"The ambience was so fun , and the $T$ were great , on top of the fact that the food was really tasty .","The ambience was so fun , and the prices were great , on top of the fact that the food was really tasty .",prices,1,positive
"The ambience was so fun , and the prices were great , on top of the fact that the $T$ was really tasty .","The ambience was so fun , and the prices were great , on top of the fact that the food was really tasty .",food,1,positive
"Do not get the $T$ , no matter what the reviews say .","Do not get the Go Go Hamburgers , no matter what the reviews say .",Go Go Hamburgers,-1,negative
The $T$ are out-of-this world !,The sandwhiches are out-of-this world !,sandwhiches,1,positive
"If you live in Upper Manhattan , Siam Square is THE place for $T$ .","If you live in Upper Manhattan , Siam Square is THE place for Thia food .",Thia food,1,positive
$T$ is charming .,Decor is charming .,Decor,1,positive
The $T$ was very well prepared .,The food was very well prepared .,food,1,positive
Really tasty $T$ and noodles for a good price though .,Really tasty spring rolls and noodles for a good price though .,spring rolls,1,positive
Really tasty spring rolls and $T$ for a good price though .,Really tasty spring rolls and noodles for a good price though .,noodles,1,positive
Really tasty spring rolls and noodles for a good $T$ though .,Really tasty spring rolls and noodles for a good price though .,price,1,positive
"Good , because hey , it 's more food , but bad because $T$ is supposed to be smaller portions so you can try out more dishes and smaller so that each dish is cheap .","Good , because hey , it 's more food , but bad because dim sum is supposed to be smaller portions so you can try out more dishes and smaller so that each dish is cheap .",dim sum,-1,negative
"Good , because hey , it 's more $T$ , but bad because dim sum is supposed to be smaller portions so you can try out more dishes and smaller so that each dish is cheap .","Good , because hey , it 's more food , but bad because dim sum is supposed to be smaller portions so you can try out more dishes and smaller so that each dish is cheap .",food,1,positive
"Good , because hey , it 's more food , but bad because dim sum is supposed to be smaller $T$ so you can try out more dishes and smaller so that each dish is cheap .","Good , because hey , it 's more food , but bad because dim sum is supposed to be smaller portions so you can try out more dishes and smaller so that each dish is cheap .",portions,-1,negative
"Good , because hey , it 's more food , but bad because dim sum is supposed to be smaller portions so you can try out more $T$ and smaller so that each dish is cheap .","Good , because hey , it 's more food , but bad because dim sum is supposed to be smaller portions so you can try out more dishes and smaller so that each dish is cheap .",dishes,0,neutral
"Good , because hey , it 's more food , but bad because dim sum is supposed to be smaller portions so you can try out more dishes and smaller so that each $T$ is cheap .","Good , because hey , it 's more food , but bad because dim sum is supposed to be smaller portions so you can try out more dishes and smaller so that each dish is cheap .",dish,0,neutral
"While most people can attest to spending over $ 50 on $T$ in New York bars and hardly feeling a thing , the drinks here are plentiful and unique .","While most people can attest to spending over $ 50 on drinks in New York bars and hardly feeling a thing , the drinks here are plentiful and unique .",drinks,-1,negative
"While most people can attest to spending over $ 50 on drinks in New York $T$ and hardly feeling a thing , the drinks here are plentiful and unique .","While most people can attest to spending over $ 50 on drinks in New York bars and hardly feeling a thing , the drinks here are plentiful and unique .",bars,-1,negative
"While most people can attest to spending over $ 50 on drinks in New York bars and hardly feeling a thing , the $T$ here are plentiful and unique .","While most people can attest to spending over $ 50 on drinks in New York bars and hardly feeling a thing , the drinks here are plentiful and unique .",drinks,1,positive
"Complimentary $T$ kept coming , and when the waiter saw me opening a gift , I received my dessert on a plate that had Happy Birthday written on it , with a candlevery nice touch , and attentive staff .","Complimentary stuff kept coming , and when the waiter saw me opening a gift , I received my dessert on a plate that had Happy Birthday written on it , with a candlevery nice touch , and attentive staff .",stuff,1,positive
"Complimentary stuff kept coming , and when the $T$ saw me opening a gift , I received my dessert on a plate that had Happy Birthday written on it , with a candlevery nice touch , and attentive staff .","Complimentary stuff kept coming , and when the waiter saw me opening a gift , I received my dessert on a plate that had Happy Birthday written on it , with a candlevery nice touch , and attentive staff .",waiter,1,positive
"Complimentary stuff kept coming , and when the waiter saw me opening a gift , I received my $T$ on a plate that had Happy Birthday written on it , with a candlevery nice touch , and attentive staff .","Complimentary stuff kept coming , and when the waiter saw me opening a gift , I received my dessert on a plate that had Happy Birthday written on it , with a candlevery nice touch , and attentive staff .",dessert,1,positive
"Complimentary stuff kept coming , and when the waiter saw me opening a gift , I received my dessert on a plate that had Happy Birthday written on it , with a candlevery nice touch , and attentive $T$ .","Complimentary stuff kept coming , and when the waiter saw me opening a gift , I received my dessert on a plate that had Happy Birthday written on it , with a candlevery nice touch , and attentive staff .",staff,1,positive
"The $T$ arrived 20 minutes after I called , cold and soggy .","The food arrived 20 minutes after I called , cold and soggy .",food,-1,negative
"If you go for the $T$ , it 's an even greater deal .","If you go for the pre-theatre menu , it 's an even greater deal .",pre-theatre menu,1,positive
"If you are someone who appreciates simplicity , elegance , and wonderfully presented and tasting $T$ and vegetables regardless of portion size , Kai is your place .","If you are someone who appreciates simplicity , elegance , and wonderfully presented and tasting seafood and vegetables regardless of portion size , Kai is your place .",seafood,1,positive
"If you are someone who appreciates simplicity , elegance , and wonderfully presented and tasting seafood and $T$ regardless of portion size , Kai is your place .","If you are someone who appreciates simplicity , elegance , and wonderfully presented and tasting seafood and vegetables regardless of portion size , Kai is your place .",vegetables,1,positive
"If you are someone who appreciates simplicity , elegance , and wonderfully presented and tasting seafood and vegetables regardless of $T$ , Kai is your place .","If you are someone who appreciates simplicity , elegance , and wonderfully presented and tasting seafood and vegetables regardless of portion size , Kai is your place .",portion size,-1,negative
"The $T$ can not be beat for the quality , quantity , freshness and taste .","The prices can not be beat for the quality , quantity , freshness and taste .",prices,1,positive
"The prices can not be beat for the $T$ , quantity , freshness and taste .","The prices can not be beat for the quality , quantity , freshness and taste .",quality,1,positive
"The prices can not be beat for the quality , $T$ , freshness and taste .","The prices can not be beat for the quality , quantity , freshness and taste .",quantity,1,positive
"The prices can not be beat for the quality , quantity , $T$ and taste .","The prices can not be beat for the quality , quantity , freshness and taste .",freshness,1,positive
"The prices can not be beat for the quality , quantity , freshness and $T$ .","The prices can not be beat for the quality , quantity , freshness and taste .",taste,1,positive
"Check it out , it wo n't hurt your $T$ or your wallet .","Check it out , it wo n't hurt your stomach or your wallet .",stomach,1,positive
"Check it out , it wo n't hurt your stomach or your $T$ .","Check it out , it wo n't hurt your stomach or your wallet .",wallet,1,positive
"Little Tonino 's is just awesome , our favorite delivery place in Kennsington , honestly the best $T$ I have ever had !","Little Tonino 's is just awesome , our favorite delivery place in Kennsington , honestly the best Gnochi I have ever had !",Gnochi,1,positive
INCREDIBLY POOR $T$ AN FOOD QUALITY AT EXORBITANT PRICES .,INCREDIBLY POOR SERVICE AN FOOD QUALITY AT EXORBITANT PRICES .,SERVICE,-1,negative
INCREDIBLY POOR SERVICE AN $T$ AT EXORBITANT PRICES .,INCREDIBLY POOR SERVICE AN FOOD QUALITY AT EXORBITANT PRICES .,FOOD QUALITY,-1,negative
INCREDIBLY POOR SERVICE AN FOOD QUALITY AT EXORBITANT $T$ .,INCREDIBLY POOR SERVICE AN FOOD QUALITY AT EXORBITANT PRICES .,PRICES,-1,negative
I have been about 4 times and have always had a great $T$ .,I have been about 4 times and have always had a great meal .,meal,1,positive
I go back in $T$ like three times on average until I ca n't walk anymore .,I go back in line like three times on average until I ca n't walk anymore .,line,-1,negative
We usually just get some of the $T$ and they are very reasonably priced and very tasty .,We usually just get some of the dinner specials and they are very reasonably priced and very tasty .,dinner specials,1,positive
We usually just get some of the dinner specials and they are very reasonably $T$ and very tasty .,We usually just get some of the dinner specials and they are very reasonably priced and very tasty .,priced,1,positive
Horrible $T$ and Horrible service .,Horrible food and Horrible service .,food,-1,negative
Horrible food and Horrible $T$ .,Horrible food and Horrible service .,service,-1,negative
The $T$ and cheese plate are plentiful and ca n't wait to try the fondue or table grilling .,The wine and cheese plate are plentiful and ca n't wait to try the fondue or table grilling .,wine,1,positive
The wine and $T$ plate are plentiful and ca n't wait to try the fondue or table grilling .,The wine and cheese plate are plentiful and ca n't wait to try the fondue or table grilling .,cheese,1,positive
The wine and cheese plate are plentiful and ca n't wait to try the $T$ or table grilling .,The wine and cheese plate are plentiful and ca n't wait to try the fondue or table grilling .,fondue,1,positive
The wine and cheese plate are plentiful and ca n't wait to try the fondue or $T$ .,The wine and cheese plate are plentiful and ca n't wait to try the fondue or table grilling .,table grilling,1,positive
They treated us well and the $T$ was extremely fresh and well-prepared .,They treated us well and the food was extremely fresh and well-prepared .,food,1,positive
Their $T$ is basic ly a delcious little green salad with a peanut sauce that is perfect before their sweet basil fried tofu .,Their exotic salad is basic ly a delcious little green salad with a peanut sauce that is perfect before their sweet basil fried tofu .,exotic salad,1,positive
Their exotic salad is basic ly a delcious little $T$ with a peanut sauce that is perfect before their sweet basil fried tofu .,Their exotic salad is basic ly a delcious little green salad with a peanut sauce that is perfect before their sweet basil fried tofu .,green salad,1,positive
Their exotic salad is basic ly a delcious little green salad with a peanut sauce that is perfect before their $T$ .,Their exotic salad is basic ly a delcious little green salad with a peanut sauce that is perfect before their sweet basil fried tofu .,sweet basil fried tofu,1,positive
Their exotic salad is basic ly a delcious little green salad with a $T$ that is perfect before their sweet basil fried tofu .,Their exotic salad is basic ly a delcious little green salad with a peanut sauce that is perfect before their sweet basil fried tofu .,peanut sauce,1,positive
THE BIG COMPLAINT : NO $T$ AVAILABLE .,THE BIG COMPLAINT : NO TOASTING AVAILABLE .,TOASTING,-1,negative
"Even if the $T$ was n't this good , the garden is a great place to sit outside and relax .","Even if the food was n't this good , the garden is a great place to sit outside and relax .",food,1,positive
"Even if the food was n't this good , the $T$ is a great place to sit outside and relax .","Even if the food was n't this good , the garden is a great place to sit outside and relax .",garden,1,positive
"Even if the food was n't this good , the garden is a great $T$ to sit outside and relax .","Even if the food was n't this good , the garden is a great place to sit outside and relax .",place,1,positive
"Volare virgins or weekly regulars , everyone gets treated the same and you ca n't ask for more than that when the $T$ is this friendly .","Volare virgins or weekly regulars , everyone gets treated the same and you ca n't ask for more than that when the service is this friendly .",service,1,positive
"The $T$ came out wrong , the waiter was no where to be found and the wine showed up at the end of the meal .","The food came out wrong , the waiter was no where to be found and the wine showed up at the end of the meal .",food,-1,negative
"The food came out wrong , the $T$ was no where to be found and the wine showed up at the end of the meal .","The food came out wrong , the waiter was no where to be found and the wine showed up at the end of the meal .",waiter,-1,negative
"The food came out wrong , the waiter was no where to be found and the $T$ showed up at the end of the meal .","The food came out wrong , the waiter was no where to be found and the wine showed up at the end of the meal .",wine,-1,negative
"The food came out wrong , the waiter was no where to be found and the wine showed up at the end of the $T$ .","The food came out wrong , the waiter was no where to be found and the wine showed up at the end of the meal .",meal,0,neutral
"The $T$ and steak were seasoned and cooked to perfection , and the lamb sandwhich is great for heartier appetites .","The chicken and steak were seasoned and cooked to perfection , and the lamb sandwhich is great for heartier appetites .",chicken,1,positive
"The chicken and $T$ were seasoned and cooked to perfection , and the lamb sandwhich is great for heartier appetites .","The chicken and steak were seasoned and cooked to perfection , and the lamb sandwhich is great for heartier appetites .",steak,1,positive
"The chicken and steak were seasoned and cooked to perfection , and the $T$ is great for heartier appetites .","The chicken and steak were seasoned and cooked to perfection , and the lamb sandwhich is great for heartier appetites .",lamb sandwhich,1,positive
We saw them heating up at least one frozen item though I 'm not sure which $T$ it was .,We saw them heating up at least one frozen item though I 'm not sure which dim sum dish it was .,dim sum dish,-1,negative
No you 're going to go back because the $T$ was good .,No you 're going to go back because the food was good .,food,1,positive
The $T$ was great and the service was even better .,The food was great and the service was even better .,food,1,positive
The food was great and the $T$ was even better .,The food was great and the service was even better .,service,1,positive
"While this can hardly be called a restaurant , it is possibly the best deal in Manhatten : $ 4 for a plate heaped with $T$ and 2-3 entrees .","While this can hardly be called a restaurant , it is possibly the best deal in Manhatten : $ 4 for a plate heaped with rice and 2-3 entrees .",rice,1,positive
"While this can hardly be called a restaurant , it is possibly the best deal in Manhatten : $ 4 for a plate heaped with rice and 2-3 $T$ .","While this can hardly be called a restaurant , it is possibly the best deal in Manhatten : $ 4 for a plate heaped with rice and 2-3 entrees .",entrees,1,positive
$T$ was pleasant though the hall was rather noisy - the restaurant was full and we had to raise our voices to be able to maintain a conversation .,Traditional French decour was pleasant though the hall was rather noisy - the restaurant was full and we had to raise our voices to be able to maintain a conversation .,Traditional French decour,1,positive
Traditional French decour was pleasant though the $T$ was rather noisy - the restaurant was full and we had to raise our voices to be able to maintain a conversation .,Traditional French decour was pleasant though the hall was rather noisy - the restaurant was full and we had to raise our voices to be able to maintain a conversation .,hall,-1,negative
The $T$ is fresh and each piece is sliced to perfection and seasoned by the sushi chef -LRB- usually with a little fresh wasabi and soy sauce but also sometimes with some sea salt -RRB- .,The fish is fresh and each piece is sliced to perfection and seasoned by the sushi chef -LRB- usually with a little fresh wasabi and soy sauce but also sometimes with some sea salt -RRB- .,fish,1,positive
The fish is fresh and each piece is sliced to perfection and seasoned by the $T$ -LRB- usually with a little fresh wasabi and soy sauce but also sometimes with some sea salt -RRB- .,The fish is fresh and each piece is sliced to perfection and seasoned by the sushi chef -LRB- usually with a little fresh wasabi and soy sauce but also sometimes with some sea salt -RRB- .,sushi chef,1,positive
The fish is fresh and each piece is sliced to perfection and seasoned by the sushi chef -LRB- usually with a little fresh $T$ and soy sauce but also sometimes with some sea salt -RRB- .,The fish is fresh and each piece is sliced to perfection and seasoned by the sushi chef -LRB- usually with a little fresh wasabi and soy sauce but also sometimes with some sea salt -RRB- .,wasabi,1,positive
The fish is fresh and each piece is sliced to perfection and seasoned by the sushi chef -LRB- usually with a little fresh wasabi and $T$ but also sometimes with some sea salt -RRB- .,The fish is fresh and each piece is sliced to perfection and seasoned by the sushi chef -LRB- usually with a little fresh wasabi and soy sauce but also sometimes with some sea salt -RRB- .,soy sauce,1,positive
The fish is fresh and each piece is sliced to perfection and seasoned by the sushi chef -LRB- usually with a little fresh wasabi and soy sauce but also sometimes with some $T$ -RRB- .,The fish is fresh and each piece is sliced to perfection and seasoned by the sushi chef -LRB- usually with a little fresh wasabi and soy sauce but also sometimes with some sea salt -RRB- .,sea salt,1,positive
"Consequently , their $T$ fell apart in their hands and made such a mess that they did ` nt feel like finishing them .","Consequently , their burgers fell apart in their hands and made such a mess that they did ` nt feel like finishing them .",burgers,-1,negative
My son and his girlfriend both wanted $T$ and they were huge !,My son and his girlfriend both wanted cheeseburgers and they were huge !,cheeseburgers,1,positive
I really recommend the very simple $T$ .,I really recommend the very simple Unda (Egg) rolls .,Unda (Egg) rolls,1,positive
Very good $T$ .,Very good wine choices .,wine choices,1,positive
"This is the only Thai place I go too in NYC , it 's wonderful , and live relaxed $T$ on certain nights .","This is the only Thai place I go too in NYC , it 's wonderful , and live relaxed Jazz on certain nights .",Jazz,1,positive
We were seated and ignored by $T$ .,We were seated and ignored by waitstaff .,waitstaff,-1,negative
"If you are in a big group , this place is perfect because it recomends sharing - they have $T$ on most tables - even families can feel comfortable here .","If you are in a big group , this place is perfect because it recomends sharing - they have lazy susans on most tables - even families can feel comfortable here .",lazy susans,1,positive
"If you are in a big group , this place is perfect because it recomends sharing - they have lazy susans on most $T$ - even families can feel comfortable here .","If you are in a big group , this place is perfect because it recomends sharing - they have lazy susans on most tables - even families can feel comfortable here .",tables,1,positive
They showed up 15 minutes after the $T$ melt .,They showed up 15 minutes after the tuna melt .,tuna,1,positive
"Tasty $T$ , pork loin , the works .","Tasty steak , pork loin , the works .",steak,1,positive
"Tasty steak , $T$ , the works .","Tasty steak , pork loin , the works .",pork loin,1,positive
I went with 5 friends and we lingered at the $T$ for a bit and did n't feel rushed at all even though there was a wait .,I went with 5 friends and we lingered at the table for a bit and did n't feel rushed at all even though there was a wait .,table,0,neutral
I went with 5 friends and we lingered at the table for a bit and did n't feel rushed at all even though there was a $T$ .,I went with 5 friends and we lingered at the table for a bit and did n't feel rushed at all even though there was a wait .,wait,-1,negative
I 'd highly recommend it for a special occasion -- it provides and intimate $T$ and nice service .,I 'd highly recommend it for a special occasion -- it provides and intimate setting and nice service .,setting,1,positive
I 'd highly recommend it for a special occasion -- it provides and intimate setting and nice $T$ .,I 'd highly recommend it for a special occasion -- it provides and intimate setting and nice service .,service,1,positive
"The $T$ was great , also .","The burger was great , also .",burger,1,positive
"they did give a 15 % $T$ at the end , was n't enough , as they knew the service was horrible .","they did give a 15 % discount at the end , was n't enough , as they knew the service was horrible .",discount,-1,negative
"they did give a 15 % discount at the end , was n't enough , as they knew the $T$ was horrible .","they did give a 15 % discount at the end , was n't enough , as they knew the service was horrible .",service,-1,negative
"Just because it 's cheap does NOT mean the $T$ are small or the food is nasty , IT IS GREAT !","Just because it 's cheap does NOT mean the portions are small or the food is nasty , IT IS GREAT !",portions,1,positive
"Just because it 's cheap does NOT mean the portions are small or the $T$ is nasty , IT IS GREAT !","Just because it 's cheap does NOT mean the portions are small or the food is nasty , IT IS GREAT !",food,1,positive
The $T$ was great .,The pizza was great .,pizza,1,positive
I had never had $T$ before but I thought it was innovative and tasty -LRB- could 've used a bit more salt -RRB- .,I had never had Edamame pureed before but I thought it was innovative and tasty -LRB- could 've used a bit more salt -RRB- .,Edamame pureed,1,positive
"however , it 's the $T$ that leaves a bad taste in my mouth .","however , it 's the service that leaves a bad taste in my mouth .",service,-1,negative
"When we notified him that he did n't mention the $T$ , he did n't apologize but let us know that we made a very good decision regardless .","When we notified him that he did n't mention the specials , he did n't apologize but let us know that we made a very good decision regardless .",specials,0,neutral
The $T$ was extremely reasonable for the appetizers and food we ate .,The price was extremely reasonable for the appetizers and food we ate .,price,1,positive
The price was extremely reasonable for the $T$ and food we ate .,The price was extremely reasonable for the appetizers and food we ate .,appetizers,1,positive
The price was extremely reasonable for the appetizers and $T$ we ate .,The price was extremely reasonable for the appetizers and food we ate .,food,1,positive
"Do n't dine at Tamarind for the $T$ , they are simply not up to par with the non-veg selections .","Do n't dine at Tamarind for the vegetarian dishes , they are simply not up to par with the non-veg selections .",vegetarian dishes,-1,negative
"Do n't dine at Tamarind for the vegetarian dishes , they are simply not up to par with the $T$ .","Do n't dine at Tamarind for the vegetarian dishes , they are simply not up to par with the non-veg selections .",non-veg selections,1,positive
Kenny the $T$ is always there and he treats my family like we are part of his family .,Kenny the owner is always there and he treats my family like we are part of his family .,owner,1,positive
They need a kick out of it but until then the $T$ is pretty good and the place is consistent .,They need a kick out of it but until then the sushi is pretty good and the place is consistent .,sushi,1,positive
They need a kick out of it but until then the sushi is pretty good and the $T$ is consistent .,They need a kick out of it but until then the sushi is pretty good and the place is consistent .,place,1,positive
I 've had to wait only a few times during $T$ but this place is definitely worth the wait .,I 've had to wait only a few times during lunch but this place is definitely worth the wait .,lunch,0,neutral
I 've had to wait only a few times during lunch but this place is definitely worth the $T$ .,I 've had to wait only a few times during lunch but this place is definitely worth the wait .,wait,1,positive
All in all the $T$ was above average and I would return to see how they operate with four or less dinners .,All in all the food was above average and I would return to see how they operate with four or less dinners .,food,1,positive
All in all the food was above average and I would return to see how they operate with four or less $T$ .,All in all the food was above average and I would return to see how they operate with four or less dinners .,dinners,0,neutral
"Delicious $T$ , excellent service , and a pretty atmosphere make this a great choice for dinner and the $ 5.99 lunch buffet makes it an even better choice for lunch !","Delicious food , excellent service , and a pretty atmosphere make this a great choice for dinner and the $ 5.99 lunch buffet makes it an even better choice for lunch !",food,1,positive
"Delicious food , excellent $T$ , and a pretty atmosphere make this a great choice for dinner and the $ 5.99 lunch buffet makes it an even better choice for lunch !","Delicious food , excellent service , and a pretty atmosphere make this a great choice for dinner and the $ 5.99 lunch buffet makes it an even better choice for lunch !",service,1,positive
"Delicious food , excellent service , and a pretty $T$ make this a great choice for dinner and the $ 5.99 lunch buffet makes it an even better choice for lunch !","Delicious food , excellent service , and a pretty atmosphere make this a great choice for dinner and the $ 5.99 lunch buffet makes it an even better choice for lunch !",atmosphere,1,positive
"Delicious food , excellent service , and a pretty atmosphere make this a great choice for dinner and the $ 5.99 $T$ makes it an even better choice for lunch !","Delicious food , excellent service , and a pretty atmosphere make this a great choice for dinner and the $ 5.99 lunch buffet makes it an even better choice for lunch !",lunch buffet,1,positive
"Delicious food , excellent service , and a pretty atmosphere make this a great choice for $T$ and the $ 5.99 lunch buffet makes it an even better choice for lunch !","Delicious food , excellent service , and a pretty atmosphere make this a great choice for dinner and the $ 5.99 lunch buffet makes it an even better choice for lunch !",dinner,1,positive
"Delicious food , excellent service , and a pretty atmosphere make this a great choice for dinner and the $ 5.99 lunch buffet makes it an even better choice for $T$ !","Delicious food , excellent service , and a pretty atmosphere make this a great choice for dinner and the $ 5.99 lunch buffet makes it an even better choice for lunch !",lunch,1,positive
"For $T$ , I recommend the shrimp fritters and dumplings .","For appetizers , I recommend the shrimp fritters and dumplings .",appetizers,0,neutral
"For appetizers , I recommend the $T$ and dumplings .","For appetizers , I recommend the shrimp fritters and dumplings .",shrimp fritters,1,positive
"For appetizers , I recommend the shrimp fritters and $T$ .","For appetizers , I recommend the shrimp fritters and dumplings .",dumplings,1,positive
Such nice $T$ working here - but I have to review the food .,Such nice people working here - but I have to review the food .,people,1,positive
Such nice people working here - but I have to review the $T$ .,Such nice people working here - but I have to review the food .,food,0,neutral
"The restaurant is dark and not very attractive and then you have $T$ shining on you putting you in the worst light possible , reaching for sunglasses .","The restaurant is dark and not very attractive and then you have spot lights shining on you putting you in the worst light possible , reaching for sunglasses .",spot lights,-1,negative
Try the $T$ -- ginger lemonade with vodka -LRB- also available without vodka . -RRB-,Try the Times Square cocktail -- ginger lemonade with vodka -LRB- also available without vodka . -RRB-,Times Square cocktail,1,positive
Try the Times Square cocktail -- $T$ -LRB- also available without vodka . -RRB-,Try the Times Square cocktail -- ginger lemonade with vodka -LRB- also available without vodka . -RRB-,ginger lemonade with vodka,1,positive
$T$ - Better than Patsy 's !,Veal Parmigana - Better than Patsy 's !,Veal Parmigana,1,positive
"Great $T$ , great food .","Great wine , great food .",wine,1,positive
"Great wine , great $T$ .","Great wine , great food .",food,1,positive
"The $T$ was mediocre , and the lack of air conditioning made for a less than comfortable meal .","The service was mediocre , and the lack of air conditioning made for a less than comfortable meal .",service,0,neutral
"The service was mediocre , and the lack of $T$ made for a less than comfortable meal .","The service was mediocre , and the lack of air conditioning made for a less than comfortable meal .",air conditioning,-1,negative
"The service was mediocre , and the lack of air conditioning made for a less than comfortable $T$ .","The service was mediocre , and the lack of air conditioning made for a less than comfortable meal .",meal,-1,negative
The $T$ and staff always surprise me with the new heights they are taken to .,The food and staff always surprise me with the new heights they are taken to .,food,1,positive
The food and $T$ always surprise me with the new heights they are taken to .,The food and staff always surprise me with the new heights they are taken to .,staff,1,positive
Went to Ottimo and was expecting outstanding $T$ -LRB- as I love La Pizza Fresca -RRB- .,Went to Ottimo and was expecting outstanding pizza -LRB- as I love La Pizza Fresca -RRB- .,pizza,0,neutral
honestly the worst $T$ my husband and i had in our entire lives .,honestly the worst sushi my husband and i had in our entire lives .,sushi,-1,negative
"However , if you want great $T$ at a great price and do n't mind the decor , you ca n't beat this place .","However , if you want great food at a great price and do n't mind the decor , you ca n't beat this place .",food,1,positive
"However , if you want great food at a great $T$ and do n't mind the decor , you ca n't beat this place .","However , if you want great food at a great price and do n't mind the decor , you ca n't beat this place .",price,1,positive
"However , if you want great food at a great price and do n't mind the $T$ , you ca n't beat this place .","However , if you want great food at a great price and do n't mind the decor , you ca n't beat this place .",decor,-1,negative
What makes this restaurant special are the authentic $T$ and being the only one in NYC that offers authentic chongqing hotpot .,What makes this restaurant special are the authentic sichuan cooking and being the only one in NYC that offers authentic chongqing hotpot .,sichuan cooking,1,positive
What makes this restaurant special are the authentic sichuan cooking and being the only one in NYC that offers authentic $T$ .,What makes this restaurant special are the authentic sichuan cooking and being the only one in NYC that offers authentic chongqing hotpot .,chongqing hotpot,1,positive
Our tiny $T$ for two -LRB- dinner plates hung over edge -RRB- was right in the middle of one of the lanes of waiter traffic .,Our tiny table for two -LRB- dinner plates hung over edge -RRB- was right in the middle of one of the lanes of waiter traffic .,table,-1,negative
Our tiny table for two -LRB- dinner plates hung over edge -RRB- was right in the middle of one of the lanes of $T$ .,Our tiny table for two -LRB- dinner plates hung over edge -RRB- was right in the middle of one of the lanes of waiter traffic .,waiter traffic,-1,negative
Our tiny table for two -LRB- $T$ hung over edge -RRB- was right in the middle of one of the lanes of waiter traffic .,Our tiny table for two -LRB- dinner plates hung over edge -RRB- was right in the middle of one of the lanes of waiter traffic .,dinner plates,-1,negative
"Sake collection was excellent -LRB- Try $T$ -RRB- , but pricy .","Sake collection was excellent -LRB- Try Nanbu Bijin -RRB- , but pricy .",Nanbu Bijin,1,positive
Interesting other $T$ for a change include chicken in curry sauce and salmon caserole .,Interesting other dishes for a change include chicken in curry sauce and salmon caserole .,dishes,1,positive
Interesting other dishes for a change include $T$ e and salmon caserole .,Interesting other dishes for a change include chicken in curry sauc e and salmon caserole .,chicken in curry sauc,1,positive
Interesting other dishes for a change include chicken in curry sauce and $T$ .,Interesting other dishes for a change include chicken in curry sauce and salmon caserole .,salmon caserole,1,positive
"One of my favorites though was the $T$ , a cold lobster salad that was magnificent .","One of my favorites though was the Angry Lobster , a cold lobster salad that was magnificent .",Angry Lobster,1,positive
"One of my favorites though was the Angry Lobster , a $T$ that was magnificent .","One of my favorites though was the Angry Lobster , a cold lobster salad that was magnificent .",cold lobster salad,1,positive
"Ask for Usha , the nicest $T$ in manhattan .","Ask for Usha , the nicest bartender in manhattan .",bartender,1,positive
The $T$ is outstanding and my crab-cake eggs benedict could not have been better .,The service is outstanding and my crab-cake eggs benedict could not have been better .,service,1,positive
The service is outstanding and my $T$ could not have been better .,The service is outstanding and my crab-cake eggs benedict could not have been better .,crab-cake eggs benedict,1,positive
The place 's $T$ and hidden bathrooms made for a good laugh .,The place 's decor and hidden bathrooms made for a good laugh .,decor,1,positive
The place 's decor and hidden $T$ made for a good laugh .,The place 's decor and hidden bathrooms made for a good laugh .,bathrooms,1,positive
"Its $T$ is good and the fact that Hutner College is near and their prices are very reasonable , makes students go back to Suan again and again .","Its location is good and the fact that Hutner College is near and their prices are very reasonable , makes students go back to Suan again and again .",location,1,positive
"Its location is good and the fact that Hutner College is near and their $T$ are very reasonable , makes students go back to Suan again and again .","Its location is good and the fact that Hutner College is near and their prices are very reasonable , makes students go back to Suan again and again .",prices,1,positive
A wonderful $T$ !,A wonderful place !,place,1,positive
$T$ often take up to an hour and the prices are higher than most other pizzerias in the area .,Deliveries often take up to an hour and the prices are higher than most other pizzerias in the area .,Deliveries,-1,negative
Deliveries often take up to an hour and the $T$ are higher than most other pizzerias in the area .,Deliveries often take up to an hour and the prices are higher than most other pizzerias in the area .,prices,-1,negative
Kind of a small $T$ but I guess if they are not too busy might be able to fit a group or kids .,Kind of a small place but I guess if they are not too busy might be able to fit a group or kids .,place,-1,negative
We also ordered two $T$ thinking they would be pretty good since there is a whole section on the menu devoted to them .,We also ordered two hot dogs thinking they would be pretty good since there is a whole section on the menu devoted to them .,hot dogs,0,neutral
We also ordered two hot dogs thinking they would be pretty good since there is a whole section on the $T$ devoted to them .,We also ordered two hot dogs thinking they would be pretty good since there is a whole section on the menu devoted to them .,menu,0,neutral
"I 've had the $T$ , chicken with black bean sauce , and hunan chicken .","I 've had the chicken with garlic sauce , chicken with black bean sauce , and hunan chicken .",chicken with garlic sauce,0,neutral
"I 've had the chicken with garlic sauce , $T$ , and hunan chicken .","I 've had the chicken with garlic sauce , chicken with black bean sauce , and hunan chicken .",chicken with black bean sauce,0,neutral
"I 've had the chicken with garlic sauce , chicken with black bean sauce , and $T$ .","I 've had the chicken with garlic sauce , chicken with black bean sauce , and hunan chicken .",hunan chicken,0,neutral
"Because of the delicate thin crust , $T$ get soggy in their boxes .","Because of the delicate thin crust , take-out pies get soggy in their boxes .",take-out pies,-1,negative
"Because of the delicate thin $T$ , take-out pies get soggy in their boxes .","Because of the delicate thin crust , take-out pies get soggy in their boxes .",crust,-1,negative
The $T$ had like 6 pieces of beef in it .,The dish had like 6 pieces of beef in it .,dish,0,neutral
The dish had like 6 pieces of $T$ in it .,The dish had like 6 pieces of beef in it .,beef,0,neutral
We got in line and were served while in line a $T$ .,We got in line and were served while in line a bannan fritter .,bannan fritter,0,neutral
We got in line and were $T$ while in line a bannan fritter .,We got in line and were served while in line a bannan fritter .,served,0,neutral
"It might have been a little too spicy for my friend , which you can couteract with eat more $T$ and keeping water on hand .","It might have been a little too spicy for my friend , which you can couteract with eat more rice and keeping water on hand .",rice,0,neutral
"It might have been a little too spicy for my friend , which you can couteract with eat more rice and keeping $T$ on hand .","It might have been a little too spicy for my friend , which you can couteract with eat more rice and keeping water on hand .",water,0,neutral
This $T$ is always very crowded and popular .,This place is always very crowded and popular .,place,1,positive
$T$ are somewhere around $ 7 each and the main dishes are between $ 11 and $ 16 .,Appetizers are somewhere around $ 7 each and the main dishes are between $ 11 and $ 16 .,Appetizers,0,neutral
Appetizers are somewhere around $ 7 each and the $T$ are between $ 11 and $ 16 .,Appetizers are somewhere around $ 7 each and the main dishes are between $ 11 and $ 16 .,main dishes,0,neutral
My wife and I went to Orsay for Valentine 's $T$ .,My wife and I went to Orsay for Valentine 's dinner .,dinner,0,neutral
"I do n't know about you guys , but when I go somewhere to eat I go for the $T$ not for the atmosphere .","I do n't know about you guys , but when I go somewhere to eat I go for the food not for the atmosphere .",food,0,neutral
"I do n't know about you guys , but when I go somewhere to eat I go for the food not for the $T$ .","I do n't know about you guys , but when I go somewhere to eat I go for the food not for the atmosphere .",atmosphere,0,neutral
"A gentleman , maybe the $T$ , came to our table , and without so much as a smile or greeting asked for our order .","A gentleman , maybe the manager , came to our table , and without so much as a smile or greeting asked for our order .",manager,-1,negative
"A $T$ , maybe the manager , came to our table , and without so much as a smile or greeting asked for our order .","A gentleman , maybe the manager , came to our table , and without so much as a smile or greeting asked for our order .",gentleman,-1,negative
"A gentleman , maybe the manager , came to our $T$ , and without so much as a smile or greeting asked for our order .","A gentleman , maybe the manager , came to our table , and without so much as a smile or greeting asked for our order .",table,0,neutral
"we were tired and cold when we got to the restaurant , then we sat down to begin ordering $T$ .","we were tired and cold when we got to the restaurant , then we sat down to begin ordering appetizers .",appetizers,0,neutral
I 've had $T$ both times and the caprese salad appetizer .,I 've had pizza both times and the caprese salad appetizer .,pizza,0,neutral
I 've had pizza both times and the $T$ .,I 've had pizza both times and the caprese salad appetizer .,caprese salad appetizer,0,neutral
He was terribly thirsty after the $T$ too .,He was terribly thirsty after the meal too .,meal,-1,negative
"I was n't there for the $T$ , but Tuesday Night .","I was n't there for the Half-Price Saturday Night Special , but Tuesday Night .",Half-Price Saturday Night Special,0,neutral
"If you like the $T$ and the value you get from some of Chinatown restaurants , this is not the place for you .","If you like the food and the value you get from some of Chinatown restaurants , this is not the place for you .",food,0,neutral
"If you like the food and the $T$ you get from some of Chinatown restaurants , this is not the place for you .","If you like the food and the value you get from some of Chinatown restaurants , this is not the place for you .",value,0,neutral
The $T$ changes frequently but the basic dishes are always available .,The selection changes frequently but the basic dishes are always available .,selection,0,neutral
The selection changes frequently but the $T$ are always available .,The selection changes frequently but the basic dishes are always available .,basic dishes,0,neutral
Get the $T$ and a nosh -LRB- pastrami sandwich -RRB- for $ 8 and you 're golden .,Get the soup and a nosh -LRB- pastrami sandwich -RRB- for $ 8 and you 're golden .,soup,1,positive
Get the soup and a $T$ for $ 8 and you 're golden .,Get the soup and a nosh (pastrami sandwich) for $ 8 and you 're golden .,nosh (pastrami sandwich),1,positive
I have to say that if this what makes it easier to get a saet a $T$ - I dont mind .,I have to say that if this what makes it easier to get a saet a lunch - I dont mind .,lunch,0,neutral
My family and I ate here last night for our annual $T$ with the family members who would rather spend the holidays with friends out-of-town .,My family and I ate here last night for our annual Christmas dinner with the family members who would rather spend the holidays with friends out-of-town .,Christmas dinner,0,neutral
I grew up on these $T$ .,I grew up on these bagels .,bagels,1,positive
We were told that they were booked solid and no other $T$ was available .,We were told that they were booked solid and no other table was available .,table,-1,negative
The restaraurant is very small so $T$ are a must .,The restaraurant is very small so reservations are a must .,reservations,0,neutral
"To my right , the $T$ stood over a busboy and hissed rapido , rapido as he tried to clear and re-set a table for six .","To my right , the hostess stood over a busboy and hissed rapido , rapido as he tried to clear and re-set a table for six .",hostess,-1,negative
"To my right , the hostess stood over a $T$ and hissed rapido , rapido as he tried to clear and re-set a table for six .","To my right , the hostess stood over a busboy and hissed rapido , rapido as he tried to clear and re-set a table for six .",busboy,0,neutral
"To my right , the hostess stood over a busboy and hissed rapido , rapido as he tried to clear and re-set a $T$ for six .","To my right , the hostess stood over a busboy and hissed rapido , rapido as he tried to clear and re-set a table for six .",table,0,neutral
After dealing with subpar $T$ all over the Kensington neighborhood - I 've found little toninos .,After dealing with subpar pizza all over the Kensington neighborhood - I 've found little toninos .,pizza,-1,negative
then we ordered a $T$ and white tuna sashimi .,then we ordered a dinosaur rolls and white tuna sashimi .,dinosaur rolls,0,neutral
then we ordered a dinosaur rolls and $T$ .,then we ordered a dinosaur rolls and white tuna sashimi .,white tuna sashimi,0,neutral
I 'm partial to the $T$ .,I 'm partial to the Gnocchi .,Gnocchi,1,positive
they were able to squeeze me in at 6 after i called the night before my anniversary for a friday night $T$ and told me they 'd treat us well for the occasion .,they were able to squeeze me in at 6 after i called the night before my anniversary for a friday night reservation and told me they 'd treat us well for the occasion .,reservation,0,neutral
"Note that they do not serve $T$ , you must bring your own .","Note that they do not serve beer , you must bring your own .",beer,-1,negative
We ate outside at Haru 's Sake $T$ because Haru 's restaurant next door was overflowing .,We ate outside at Haru 's Sake bar because Haru 's restaurant next door was overflowing .,bar,0,neutral
"The $T$ was typical short-order , dinner type .","The service was typical short-order , dinner type .",service,0,neutral
"We shared a $T$ , an order of edamames , and she had the sushi plate while I had the sashimi .","We shared a bottle of sake , an order of edamames , and she had the sushi plate while I had the sashimi .",bottle of sake,0,neutral
"We shared a bottle of sake , an order of $T$ , and she had the sushi plate while I had the sashimi .","We shared a bottle of sake , an order of edamames , and she had the sushi plate while I had the sashimi .",edamames,0,neutral
"We shared a bottle of sake , an order of edamames , and she had the $T$ e while I had the sashimi .","We shared a bottle of sake , an order of edamames , and she had the sushi plat e while I had the sashimi .",sushi plat,0,neutral
"We shared a bottle of sake , an order of edamames , and she had the sushi plate while I had the $T$ .","We shared a bottle of sake , an order of edamames , and she had the sushi plate while I had the sashimi .",sashimi,0,neutral
I ca n't believe people complain about no $T$ ?,I ca n't believe people complain about no cheese sticks ?,cheese sticks,0,neutral
"From the $T$ we ate , the dim sum and other variety of foods , it was impossible to criticize the food .","From the appetizers we ate , the dim sum and other variety of foods , it was impossible to criticize the food .",appetizers,1,positive
"From the appetizers we ate , the $T$ and other variety of foods , it was impossible to criticize the food .","From the appetizers we ate , the dim sum and other variety of foods , it was impossible to criticize the food .",dim sum,1,positive
"From the appetizers we ate , the dim sum and other variety of $T$ , it was impossible to criticize the food .","From the appetizers we ate , the dim sum and other variety of foods , it was impossible to criticize the food .",foods,1,positive
"From the appetizers we ate , the dim sum and other variety of foods , it was impossible to criticize the $T$ .","From the appetizers we ate , the dim sum and other variety of foods , it was impossible to criticize the food .",food,1,positive
"Each $T$ has a pot of boiling water sunken into its surface , and you get platters of thin sliced meats , various vegetables , and rice and glass noodles .","Each table has a pot of boiling water sunken into its surface , and you get platters of thin sliced meats , various vegetables , and rice and glass noodles .",table,0,neutral
"Each table has a $T$ sunken into its surface , and you get platters of thin sliced meats , various vegetables , and rice and glass noodles .","Each table has a pot of boiling water sunken into its surface , and you get platters of thin sliced meats , various vegetables , and rice and glass noodles .",pot of boiling water,0,neutral
"Each table has a pot of boiling water sunken into its surface , and you get platters of thin sliced $T$ , various vegetables , and rice and glass noodles .","Each table has a pot of boiling water sunken into its surface , and you get platters of thin sliced meats , various vegetables , and rice and glass noodles .",meats,0,neutral
"Each table has a pot of boiling water sunken into its surface , and you get platters of thin sliced meats , various $T$ , and rice and glass noodles .","Each table has a pot of boiling water sunken into its surface , and you get platters of thin sliced meats , various vegetables , and rice and glass noodles .",vegetables,0,neutral
"Each table has a pot of boiling water sunken into its surface , and you get platters of thin sliced meats , various vegetables , and $T$ and glass noodles .","Each table has a pot of boiling water sunken into its surface , and you get platters of thin sliced meats , various vegetables , and rice and glass noodles .",rice,0,neutral
"Each table has a pot of boiling water sunken into its surface , and you get platters of thin sliced meats , various vegetables , and rice and $T$ .","Each table has a pot of boiling water sunken into its surface , and you get platters of thin sliced meats , various vegetables , and rice and glass noodles .",glass noodles,0,neutral
